<?xml version="1.0"?>
<rss xmlns:g="http://base.google.com/ns/1.0" version="2.0">
<channel>
<title>Example - Google Store</title>
<link>https://store.google.com</link>
<description>This is an example of a basic RSS 2.0 document containing a single item</description>
<item><g:id>C0G58190</g:id><g:title>card to cash in Chandigarh</g:title><g:description>card to cash in Chandigarh at just 1.95%</g:description><g:link>https://www.card2cash.in/credit-card-to-cash-in-card-to-cash-Chandigarh</g:link> <g:image_link>https://blogger.googleusercontent.com/img/b/R29vZ2xl/AVvXsEh-1ljZdt58B4r_adFJPwZy3pQG6B97-nMC6IayRq3e7f7eo10PE7Dg_HTtShnzS5P42zS8O6rYFGyXOWYTnGd0H_0XleRL6l8rOY9ZGXo-y8a5vPkZXNOGSlgof5Z34knQUAKHQApNY00/s640/KGE+Internship.jpg</g:image_link><g:condition>new</g:condition><g:availability>in stock</g:availability><g:price>1.95 INR</g:price><g:brand>KGE Technologies Pvt Ltd</g:brand></item>
<item><g:id>C1G58190</g:id><g:title>cash from credit card to bank account in Chandigarh</g:title><g:description>cash from credit card to bank account in Chandigarh at just 1.95%</g:description><g:link>https://www.card2cash.in/credit-card-to-cash-in-cash-from-credit-card-to-bank-account-Chandigarh</g:link> <g:image_link>https://blogger.googleusercontent.com/img/b/R29vZ2xl/AVvXsEh-1ljZdt58B4r_adFJPwZy3pQG6B97-nMC6IayRq3e7f7eo10PE7Dg_HTtShnzS5P42zS8O6rYFGyXOWYTnGd0H_0XleRL6l8rOY9ZGXo-y8a5vPkZXNOGSlgof5Z34knQUAKHQApNY00/s640/KGE+Internship.jpg</g:image_link><g:condition>new</g:condition><g:availability>in stock</g:availability><g:price>1.95 INR</g:price><g:brand>KGE Technologies Pvt Ltd</g:brand></item>
<item><g:id>C2G58190</g:id><g:title>cash on credit card in Chandigarh</g:title><g:description>cash on credit card in Chandigarh at just 1.95%</g:description><g:link>https://www.card2cash.in/credit-card-to-cash-in-cash-on-credit-card-Chandigarh</g:link> <g:image_link>https://blogger.googleusercontent.com/img/b/R29vZ2xl/AVvXsEh-1ljZdt58B4r_adFJPwZy3pQG6B97-nMC6IayRq3e7f7eo10PE7Dg_HTtShnzS5P42zS8O6rYFGyXOWYTnGd0H_0XleRL6l8rOY9ZGXo-y8a5vPkZXNOGSlgof5Z34knQUAKHQApNY00/s640/KGE+Internship.jpg</g:image_link><g:condition>new</g:condition><g:availability>in stock</g:availability><g:price>1.95 INR</g:price><g:brand>KGE Technologies Pvt Ltd</g:brand></item>
<item><g:id>C3G58190</g:id><g:title>credit card amount to bank account in Chandigarh</g:title><g:description>credit card amount to bank account in Chandigarh at just 1.95%</g:description><g:link>https://www.card2cash.in/credit-card-to-cash-in-credit-card-amount-to-bank-account-Chandigarh</g:link> <g:image_link>https://blogger.googleusercontent.com/img/b/R29vZ2xl/AVvXsEh-1ljZdt58B4r_adFJPwZy3pQG6B97-nMC6IayRq3e7f7eo10PE7Dg_HTtShnzS5P42zS8O6rYFGyXOWYTnGd0H_0XleRL6l8rOY9ZGXo-y8a5vPkZXNOGSlgof5Z34knQUAKHQApNY00/s640/KGE+Internship.jpg</g:image_link><g:condition>new</g:condition><g:availability>in stock</g:availability><g:price>1.95 INR</g:price><g:brand>KGE Technologies Pvt Ltd</g:brand></item>
<item><g:id>C4G58190</g:id><g:title>credit card bank account in Chandigarh</g:title><g:description>credit card bank account in Chandigarh at just 1.95%</g:description><g:link>https://www.card2cash.in/credit-card-to-cash-in-credit-card-bank-account-Chandigarh</g:link> <g:image_link>https://blogger.googleusercontent.com/img/b/R29vZ2xl/AVvXsEh-1ljZdt58B4r_adFJPwZy3pQG6B97-nMC6IayRq3e7f7eo10PE7Dg_HTtShnzS5P42zS8O6rYFGyXOWYTnGd0H_0XleRL6l8rOY9ZGXo-y8a5vPkZXNOGSlgof5Z34knQUAKHQApNY00/s640/KGE+Internship.jpg</g:image_link><g:condition>new</g:condition><g:availability>in stock</g:availability><g:price>1.95 INR</g:price><g:brand>KGE Technologies Pvt Ltd</g:brand></item>
<item><g:id>C5G58190</g:id><g:title>credit card into bank account in Chandigarh</g:title><g:description>credit card into bank account in Chandigarh at just 1.95%</g:description><g:link>https://www.card2cash.in/credit-card-to-cash-in-credit-card-into-bank-account-Chandigarh</g:link> <g:image_link>https://blogger.googleusercontent.com/img/b/R29vZ2xl/AVvXsEh-1ljZdt58B4r_adFJPwZy3pQG6B97-nMC6IayRq3e7f7eo10PE7Dg_HTtShnzS5P42zS8O6rYFGyXOWYTnGd0H_0XleRL6l8rOY9ZGXo-y8a5vPkZXNOGSlgof5Z34knQUAKHQApNY00/s640/KGE+Internship.jpg</g:image_link><g:condition>new</g:condition><g:availability>in stock</g:availability><g:price>1.95 INR</g:price><g:brand>KGE Technologies Pvt Ltd</g:brand></item>
<item><g:id>C6G58190</g:id><g:title>credit card to account in Chandigarh</g:title><g:description>credit card to account in Chandigarh at just 1.95%</g:description><g:link>https://www.card2cash.in/credit-card-to-cash-in-credit-card-to-account-Chandigarh</g:link> <g:image_link>https://blogger.googleusercontent.com/img/b/R29vZ2xl/AVvXsEh-1ljZdt58B4r_adFJPwZy3pQG6B97-nMC6IayRq3e7f7eo10PE7Dg_HTtShnzS5P42zS8O6rYFGyXOWYTnGd0H_0XleRL6l8rOY9ZGXo-y8a5vPkZXNOGSlgof5Z34knQUAKHQApNY00/s640/KGE+Internship.jpg</g:image_link><g:condition>new</g:condition><g:availability>in stock</g:availability><g:price>1.95 INR</g:price><g:brand>KGE Technologies Pvt Ltd</g:brand></item>
<item><g:id>C7G58190</g:id><g:title>credit card to bank account in Chandigarh</g:title><g:description>credit card to bank account in Chandigarh at just 1.95%</g:description><g:link>https://www.card2cash.in/credit-card-to-cash-in-credit-card-to-bank-account-Chandigarh</g:link> <g:image_link>https://blogger.googleusercontent.com/img/b/R29vZ2xl/AVvXsEh-1ljZdt58B4r_adFJPwZy3pQG6B97-nMC6IayRq3e7f7eo10PE7Dg_HTtShnzS5P42zS8O6rYFGyXOWYTnGd0H_0XleRL6l8rOY9ZGXo-y8a5vPkZXNOGSlgof5Z34knQUAKHQApNY00/s640/KGE+Internship.jpg</g:image_link><g:condition>new</g:condition><g:availability>in stock</g:availability><g:price>1.95 INR</g:price><g:brand>KGE Technologies Pvt Ltd</g:brand></item>
<item><g:id>C8G58190</g:id><g:title>credit card to bank account transfer in Chandigarh</g:title><g:description>credit card to bank account transfer in Chandigarh at just 1.95%</g:description><g:link>https://www.card2cash.in/credit-card-to-cash-in-credit-card-to-bank-account-transfer-Chandigarh</g:link> <g:image_link>https://blogger.googleusercontent.com/img/b/R29vZ2xl/AVvXsEh-1ljZdt58B4r_adFJPwZy3pQG6B97-nMC6IayRq3e7f7eo10PE7Dg_HTtShnzS5P42zS8O6rYFGyXOWYTnGd0H_0XleRL6l8rOY9ZGXo-y8a5vPkZXNOGSlgof5Z34knQUAKHQApNY00/s640/KGE+Internship.jpg</g:image_link><g:condition>new</g:condition><g:availability>in stock</g:availability><g:price>1.95 INR</g:price><g:brand>KGE Technologies Pvt Ltd</g:brand></item>
<item><g:id>C9G58190</g:id><g:title>credit card to bank account transfer app in Chandigarh</g:title><g:description>credit card to bank account transfer app in Chandigarh at just 1.95%</g:description><g:link>https://www.card2cash.in/credit-card-to-cash-in-credit-card-to-bank-account-transfer-app-Chandigarh</g:link> <g:image_link>https://blogger.googleusercontent.com/img/b/R29vZ2xl/AVvXsEh-1ljZdt58B4r_adFJPwZy3pQG6B97-nMC6IayRq3e7f7eo10PE7Dg_HTtShnzS5P42zS8O6rYFGyXOWYTnGd0H_0XleRL6l8rOY9ZGXo-y8a5vPkZXNOGSlgof5Z34knQUAKHQApNY00/s640/KGE+Internship.jpg</g:image_link><g:condition>new</g:condition><g:availability>in stock</g:availability><g:price>1.95 INR</g:price><g:brand>KGE Technologies Pvt Ltd</g:brand></item>
<item><g:id>C10G58190</g:id><g:title>credit card to bank transfer in Chandigarh</g:title><g:description>credit card to bank transfer in Chandigarh at just 1.95%</g:description><g:link>https://www.card2cash.in/credit-card-to-cash-in-credit-card-to-bank-transfer-Chandigarh</g:link> <g:image_link>https://blogger.googleusercontent.com/img/b/R29vZ2xl/AVvXsEh-1ljZdt58B4r_adFJPwZy3pQG6B97-nMC6IayRq3e7f7eo10PE7Dg_HTtShnzS5P42zS8O6rYFGyXOWYTnGd0H_0XleRL6l8rOY9ZGXo-y8a5vPkZXNOGSlgof5Z34knQUAKHQApNY00/s640/KGE+Internship.jpg</g:image_link><g:condition>new</g:condition><g:availability>in stock</g:availability><g:price>1.95 INR</g:price><g:brand>KGE Technologies Pvt Ltd</g:brand></item>
<item><g:id>C11G58190</g:id><g:title>credit card to bank transfer app in Chandigarh</g:title><g:description>credit card to bank transfer app in Chandigarh at just 1.95%</g:description><g:link>https://www.card2cash.in/credit-card-to-cash-in-credit-card-to-bank-transfer-app-Chandigarh</g:link> <g:image_link>https://blogger.googleusercontent.com/img/b/R29vZ2xl/AVvXsEh-1ljZdt58B4r_adFJPwZy3pQG6B97-nMC6IayRq3e7f7eo10PE7Dg_HTtShnzS5P42zS8O6rYFGyXOWYTnGd0H_0XleRL6l8rOY9ZGXo-y8a5vPkZXNOGSlgof5Z34knQUAKHQApNY00/s640/KGE+Internship.jpg</g:image_link><g:condition>new</g:condition><g:availability>in stock</g:availability><g:price>1.95 INR</g:price><g:brand>KGE Technologies Pvt Ltd</g:brand></item>
<item><g:id>C12G58190</g:id><g:title>credit card to cash in Chandigarh</g:title><g:description>credit card to cash in Chandigarh at just 1.95%</g:description><g:link>https://www.card2cash.in/credit-card-to-cash-in-credit-card-to-cash-Chandigarh</g:link> <g:image_link>https://blogger.googleusercontent.com/img/b/R29vZ2xl/AVvXsEh-1ljZdt58B4r_adFJPwZy3pQG6B97-nMC6IayRq3e7f7eo10PE7Dg_HTtShnzS5P42zS8O6rYFGyXOWYTnGd0H_0XleRL6l8rOY9ZGXo-y8a5vPkZXNOGSlgof5Z34knQUAKHQApNY00/s640/KGE+Internship.jpg</g:image_link><g:condition>new</g:condition><g:availability>in stock</g:availability><g:price>1.95 INR</g:price><g:brand>KGE Technologies Pvt Ltd</g:brand></item>
<item><g:id>C13G58190</g:id><g:title>from credit card to bank account in Chandigarh</g:title><g:description>from credit card to bank account in Chandigarh at just 1.95%</g:description><g:link>https://www.card2cash.in/credit-card-to-cash-in-from-credit-card-to-bank-account-Chandigarh</g:link> <g:image_link>https://blogger.googleusercontent.com/img/b/R29vZ2xl/AVvXsEh-1ljZdt58B4r_adFJPwZy3pQG6B97-nMC6IayRq3e7f7eo10PE7Dg_HTtShnzS5P42zS8O6rYFGyXOWYTnGd0H_0XleRL6l8rOY9ZGXo-y8a5vPkZXNOGSlgof5Z34knQUAKHQApNY00/s640/KGE+Internship.jpg</g:image_link><g:condition>new</g:condition><g:availability>in stock</g:availability><g:price>1.95 INR</g:price><g:brand>KGE Technologies Pvt Ltd</g:brand></item>
<item><g:id>C14G58190</g:id><g:title>get cash from credit card in Chandigarh</g:title><g:description>get cash from credit card in Chandigarh at just 1.95%</g:description><g:link>https://www.card2cash.in/credit-card-to-cash-in-get-cash-from-credit-card-Chandigarh</g:link> <g:image_link>https://blogger.googleusercontent.com/img/b/R29vZ2xl/AVvXsEh-1ljZdt58B4r_adFJPwZy3pQG6B97-nMC6IayRq3e7f7eo10PE7Dg_HTtShnzS5P42zS8O6rYFGyXOWYTnGd0H_0XleRL6l8rOY9ZGXo-y8a5vPkZXNOGSlgof5Z34knQUAKHQApNY00/s640/KGE+Internship.jpg</g:image_link><g:condition>new</g:condition><g:availability>in stock</g:availability><g:price>1.95 INR</g:price><g:brand>KGE Technologies Pvt Ltd</g:brand></item>
<item><g:id>C15G58190</g:id><g:title>getting money from credit card to bank account in Chandigarh</g:title><g:description>getting money from credit card to bank account in Chandigarh at just 1.95%</g:description><g:link>https://www.card2cash.in/credit-card-to-cash-in-getting-money-from-credit-card-to-bank-account-Chandigarh</g:link> <g:image_link>https://blogger.googleusercontent.com/img/b/R29vZ2xl/AVvXsEh-1ljZdt58B4r_adFJPwZy3pQG6B97-nMC6IayRq3e7f7eo10PE7Dg_HTtShnzS5P42zS8O6rYFGyXOWYTnGd0H_0XleRL6l8rOY9ZGXo-y8a5vPkZXNOGSlgof5Z34knQUAKHQApNY00/s640/KGE+Internship.jpg</g:image_link><g:condition>new</g:condition><g:availability>in stock</g:availability><g:price>1.95 INR</g:price><g:brand>KGE Technologies Pvt Ltd</g:brand></item>
<item><g:id>C16G58190</g:id><g:title>i money credit card in Chandigarh</g:title><g:description>i money credit card in Chandigarh at just 1.95%</g:description><g:link>https://www.card2cash.in/credit-card-to-cash-in-i-money-credit-card-Chandigarh</g:link> <g:image_link>https://blogger.googleusercontent.com/img/b/R29vZ2xl/AVvXsEh-1ljZdt58B4r_adFJPwZy3pQG6B97-nMC6IayRq3e7f7eo10PE7Dg_HTtShnzS5P42zS8O6rYFGyXOWYTnGd0H_0XleRL6l8rOY9ZGXo-y8a5vPkZXNOGSlgof5Z34knQUAKHQApNY00/s640/KGE+Internship.jpg</g:image_link><g:condition>new</g:condition><g:availability>in stock</g:availability><g:price>1.95 INR</g:price><g:brand>KGE Technologies Pvt Ltd</g:brand></item>
<item><g:id>C17G58190</g:id><g:title>instant cash on credit card in Chandigarh</g:title><g:description>instant cash on credit card in Chandigarh at just 1.95%</g:description><g:link>https://www.card2cash.in/credit-card-to-cash-in-instant-cash-on-credit-card-Chandigarh</g:link> <g:image_link>https://blogger.googleusercontent.com/img/b/R29vZ2xl/AVvXsEh-1ljZdt58B4r_adFJPwZy3pQG6B97-nMC6IayRq3e7f7eo10PE7Dg_HTtShnzS5P42zS8O6rYFGyXOWYTnGd0H_0XleRL6l8rOY9ZGXo-y8a5vPkZXNOGSlgof5Z34knQUAKHQApNY00/s640/KGE+Internship.jpg</g:image_link><g:condition>new</g:condition><g:availability>in stock</g:availability><g:price>1.95 INR</g:price><g:brand>KGE Technologies Pvt Ltd</g:brand></item>
<item><g:id>C18G58190</g:id><g:title>money from credit card to bank account in Chandigarh</g:title><g:description>money from credit card to bank account in Chandigarh at just 1.95%</g:description><g:link>https://www.card2cash.in/credit-card-to-cash-in-money-from-credit-card-to-bank-account-Chandigarh</g:link> <g:image_link>https://blogger.googleusercontent.com/img/b/R29vZ2xl/AVvXsEh-1ljZdt58B4r_adFJPwZy3pQG6B97-nMC6IayRq3e7f7eo10PE7Dg_HTtShnzS5P42zS8O6rYFGyXOWYTnGd0H_0XleRL6l8rOY9ZGXo-y8a5vPkZXNOGSlgof5Z34knQUAKHQApNY00/s640/KGE+Internship.jpg</g:image_link><g:condition>new</g:condition><g:availability>in stock</g:availability><g:price>1.95 INR</g:price><g:brand>KGE Technologies Pvt Ltd</g:brand></item>
<item><g:id>C19G58190</g:id><g:title>pay bank account using credit card in Chandigarh</g:title><g:description>pay bank account using credit card in Chandigarh at just 1.95%</g:description><g:link>https://www.card2cash.in/credit-card-to-cash-in-pay-bank-account-using-credit-card-Chandigarh</g:link> <g:image_link>https://blogger.googleusercontent.com/img/b/R29vZ2xl/AVvXsEh-1ljZdt58B4r_adFJPwZy3pQG6B97-nMC6IayRq3e7f7eo10PE7Dg_HTtShnzS5P42zS8O6rYFGyXOWYTnGd0H_0XleRL6l8rOY9ZGXo-y8a5vPkZXNOGSlgof5Z34knQUAKHQApNY00/s640/KGE+Internship.jpg</g:image_link><g:condition>new</g:condition><g:availability>in stock</g:availability><g:price>1.95 INR</g:price><g:brand>KGE Technologies Pvt Ltd</g:brand></item>
<item><g:id>C20G58190</g:id><g:title>pay credit card without bank account in Chandigarh</g:title><g:description>pay credit card without bank account in Chandigarh at just 1.95%</g:description><g:link>https://www.card2cash.in/credit-card-to-cash-in-pay-credit-card-without-bank-account-Chandigarh</g:link> <g:image_link>https://blogger.googleusercontent.com/img/b/R29vZ2xl/AVvXsEh-1ljZdt58B4r_adFJPwZy3pQG6B97-nMC6IayRq3e7f7eo10PE7Dg_HTtShnzS5P42zS8O6rYFGyXOWYTnGd0H_0XleRL6l8rOY9ZGXo-y8a5vPkZXNOGSlgof5Z34knQUAKHQApNY00/s640/KGE+Internship.jpg</g:image_link><g:condition>new</g:condition><g:availability>in stock</g:availability><g:price>1.95 INR</g:price><g:brand>KGE Technologies Pvt Ltd</g:brand></item>
<item><g:id>C21G58190</g:id><g:title>pay into bank account with credit card in Chandigarh</g:title><g:description>pay into bank account with credit card in Chandigarh at just 1.95%</g:description><g:link>https://www.card2cash.in/credit-card-to-cash-in-pay-into-bank-account-with-credit-card-Chandigarh</g:link> <g:image_link>https://blogger.googleusercontent.com/img/b/R29vZ2xl/AVvXsEh-1ljZdt58B4r_adFJPwZy3pQG6B97-nMC6IayRq3e7f7eo10PE7Dg_HTtShnzS5P42zS8O6rYFGyXOWYTnGd0H_0XleRL6l8rOY9ZGXo-y8a5vPkZXNOGSlgof5Z34knQUAKHQApNY00/s640/KGE+Internship.jpg</g:image_link><g:condition>new</g:condition><g:availability>in stock</g:availability><g:price>1.95 INR</g:price><g:brand>KGE Technologies Pvt Ltd</g:brand></item>
<item><g:id>C22G58190</g:id><g:title>pay money from credit card to bank account in Chandigarh</g:title><g:description>pay money from credit card to bank account in Chandigarh at just 1.95%</g:description><g:link>https://www.card2cash.in/credit-card-to-cash-in-pay-money-from-credit-card-to-bank-account-Chandigarh</g:link> <g:image_link>https://blogger.googleusercontent.com/img/b/R29vZ2xl/AVvXsEh-1ljZdt58B4r_adFJPwZy3pQG6B97-nMC6IayRq3e7f7eo10PE7Dg_HTtShnzS5P42zS8O6rYFGyXOWYTnGd0H_0XleRL6l8rOY9ZGXo-y8a5vPkZXNOGSlgof5Z34knQUAKHQApNY00/s640/KGE+Internship.jpg</g:image_link><g:condition>new</g:condition><g:availability>in stock</g:availability><g:price>1.95 INR</g:price><g:brand>KGE Technologies Pvt Ltd</g:brand></item>
<item><g:id>C23G58190</g:id><g:title>pay to a bank account using credit card in Chandigarh</g:title><g:description>pay to a bank account using credit card in Chandigarh at just 1.95%</g:description><g:link>https://www.card2cash.in/credit-card-to-cash-in-pay-to-a-bank-account-using-credit-card-Chandigarh</g:link> <g:image_link>https://blogger.googleusercontent.com/img/b/R29vZ2xl/AVvXsEh-1ljZdt58B4r_adFJPwZy3pQG6B97-nMC6IayRq3e7f7eo10PE7Dg_HTtShnzS5P42zS8O6rYFGyXOWYTnGd0H_0XleRL6l8rOY9ZGXo-y8a5vPkZXNOGSlgof5Z34knQUAKHQApNY00/s640/KGE+Internship.jpg</g:image_link><g:condition>new</g:condition><g:availability>in stock</g:availability><g:price>1.95 INR</g:price><g:brand>KGE Technologies Pvt Ltd</g:brand></item>
<item><g:id>C24G58190</g:id><g:title>pay to bank account from credit card in Chandigarh</g:title><g:description>pay to bank account from credit card in Chandigarh at just 1.95%</g:description><g:link>https://www.card2cash.in/credit-card-to-cash-in-pay-to-bank-account-from-credit-card-Chandigarh</g:link> <g:image_link>https://blogger.googleusercontent.com/img/b/R29vZ2xl/AVvXsEh-1ljZdt58B4r_adFJPwZy3pQG6B97-nMC6IayRq3e7f7eo10PE7Dg_HTtShnzS5P42zS8O6rYFGyXOWYTnGd0H_0XleRL6l8rOY9ZGXo-y8a5vPkZXNOGSlgof5Z34knQUAKHQApNY00/s640/KGE+Internship.jpg</g:image_link><g:condition>new</g:condition><g:availability>in stock</g:availability><g:price>1.95 INR</g:price><g:brand>KGE Technologies Pvt Ltd</g:brand></item>
<item><g:id>C25G58190</g:id><g:title>send money from credit card to bank account in Chandigarh</g:title><g:description>send money from credit card to bank account in Chandigarh at just 1.95%</g:description><g:link>https://www.card2cash.in/credit-card-to-cash-in-send-money-from-credit-card-to-bank-account-Chandigarh</g:link> <g:image_link>https://blogger.googleusercontent.com/img/b/R29vZ2xl/AVvXsEh-1ljZdt58B4r_adFJPwZy3pQG6B97-nMC6IayRq3e7f7eo10PE7Dg_HTtShnzS5P42zS8O6rYFGyXOWYTnGd0H_0XleRL6l8rOY9ZGXo-y8a5vPkZXNOGSlgof5Z34knQUAKHQApNY00/s640/KGE+Internship.jpg</g:image_link><g:condition>new</g:condition><g:availability>in stock</g:availability><g:price>1.95 INR</g:price><g:brand>KGE Technologies Pvt Ltd</g:brand></item>
<item><g:id>C26G58190</g:id><g:title>send money to bank account from credit card in Chandigarh</g:title><g:description>send money to bank account from credit card in Chandigarh at just 1.95%</g:description><g:link>https://www.card2cash.in/credit-card-to-cash-in-send-money-to-bank-account-from-credit-card-Chandigarh</g:link> <g:image_link>https://blogger.googleusercontent.com/img/b/R29vZ2xl/AVvXsEh-1ljZdt58B4r_adFJPwZy3pQG6B97-nMC6IayRq3e7f7eo10PE7Dg_HTtShnzS5P42zS8O6rYFGyXOWYTnGd0H_0XleRL6l8rOY9ZGXo-y8a5vPkZXNOGSlgof5Z34knQUAKHQApNY00/s640/KGE+Internship.jpg</g:image_link><g:condition>new</g:condition><g:availability>in stock</g:availability><g:price>1.95 INR</g:price><g:brand>KGE Technologies Pvt Ltd</g:brand></item>
<item><g:id>C27G58190</g:id><g:title>Spot Cash on Card in Chandigarh</g:title><g:description>Spot Cash on Card in Chandigarh at just 1.95%</g:description><g:link>https://www.card2cash.in/credit-card-to-cash-in-Spot-Cash-on-Card-Chandigarh</g:link> <g:image_link>https://blogger.googleusercontent.com/img/b/R29vZ2xl/AVvXsEh-1ljZdt58B4r_adFJPwZy3pQG6B97-nMC6IayRq3e7f7eo10PE7Dg_HTtShnzS5P42zS8O6rYFGyXOWYTnGd0H_0XleRL6l8rOY9ZGXo-y8a5vPkZXNOGSlgof5Z34knQUAKHQApNY00/s640/KGE+Internship.jpg</g:image_link><g:condition>new</g:condition><g:availability>in stock</g:availability><g:price>1.95 INR</g:price><g:brand>KGE Technologies Pvt Ltd</g:brand></item>
<item><g:id>C28G58190</g:id><g:title>spot cash on credit card in Chandigarh</g:title><g:description>spot cash on credit card in Chandigarh at just 1.95%</g:description><g:link>https://www.card2cash.in/credit-card-to-cash-in-spot-cash-on-credit-card-Chandigarh</g:link> <g:image_link>https://blogger.googleusercontent.com/img/b/R29vZ2xl/AVvXsEh-1ljZdt58B4r_adFJPwZy3pQG6B97-nMC6IayRq3e7f7eo10PE7Dg_HTtShnzS5P42zS8O6rYFGyXOWYTnGd0H_0XleRL6l8rOY9ZGXo-y8a5vPkZXNOGSlgof5Z34knQUAKHQApNY00/s640/KGE+Internship.jpg</g:image_link><g:condition>new</g:condition><g:availability>in stock</g:availability><g:price>1.95 INR</g:price><g:brand>KGE Technologies Pvt Ltd</g:brand></item>
<item><g:id>C29G58190</g:id><g:title>transfer money from credit card to bank in Chandigarh</g:title><g:description>transfer money from credit card to bank in Chandigarh at just 1.95%</g:description><g:link>https://www.card2cash.in/credit-card-to-cash-in-transfer-money-from-credit-card-to-bank-Chandigarh</g:link> <g:image_link>https://blogger.googleusercontent.com/img/b/R29vZ2xl/AVvXsEh-1ljZdt58B4r_adFJPwZy3pQG6B97-nMC6IayRq3e7f7eo10PE7Dg_HTtShnzS5P42zS8O6rYFGyXOWYTnGd0H_0XleRL6l8rOY9ZGXo-y8a5vPkZXNOGSlgof5Z34knQUAKHQApNY00/s640/KGE+Internship.jpg</g:image_link><g:condition>new</g:condition><g:availability>in stock</g:availability><g:price>1.95 INR</g:price><g:brand>KGE Technologies Pvt Ltd</g:brand></item>
<item><g:id>C30G58190</g:id><g:title>transfer money from credit card to bank account in Chandigarh</g:title><g:description>transfer money from credit card to bank account in Chandigarh at just 1.95%</g:description><g:link>https://www.card2cash.in/credit-card-to-cash-in-transfer-money-from-credit-card-to-bank-account-Chandigarh</g:link> <g:image_link>https://blogger.googleusercontent.com/img/b/R29vZ2xl/AVvXsEh-1ljZdt58B4r_adFJPwZy3pQG6B97-nMC6IayRq3e7f7eo10PE7Dg_HTtShnzS5P42zS8O6rYFGyXOWYTnGd0H_0XleRL6l8rOY9ZGXo-y8a5vPkZXNOGSlgof5Z34knQUAKHQApNY00/s640/KGE+Internship.jpg</g:image_link><g:condition>new</g:condition><g:availability>in stock</g:availability><g:price>1.95 INR</g:price><g:brand>KGE Technologies Pvt Ltd</g:brand></item>
<item><g:id>C31G58190</g:id><g:title>transferring money from credit card to bank account online in Chandigarh</g:title><g:description>transferring money from credit card to bank account online in Chandigarh at just 1.95%</g:description><g:link>https://www.card2cash.in/credit-card-to-cash-in-transferring-money-from-credit-card-to-bank-account-online-Chandigarh</g:link> <g:image_link>https://blogger.googleusercontent.com/img/b/R29vZ2xl/AVvXsEh-1ljZdt58B4r_adFJPwZy3pQG6B97-nMC6IayRq3e7f7eo10PE7Dg_HTtShnzS5P42zS8O6rYFGyXOWYTnGd0H_0XleRL6l8rOY9ZGXo-y8a5vPkZXNOGSlgof5Z34knQUAKHQApNY00/s640/KGE+Internship.jpg</g:image_link><g:condition>new</g:condition><g:availability>in stock</g:availability><g:price>1.95 INR</g:price><g:brand>KGE Technologies Pvt Ltd</g:brand></item>
<item><g:id>C32G58190</g:id><g:title>use credit card as bank account in Chandigarh</g:title><g:description>use credit card as bank account in Chandigarh at just 1.95%</g:description><g:link>https://www.card2cash.in/credit-card-to-cash-in-use-credit-card-as-bank-account-Chandigarh</g:link> <g:image_link>https://blogger.googleusercontent.com/img/b/R29vZ2xl/AVvXsEh-1ljZdt58B4r_adFJPwZy3pQG6B97-nMC6IayRq3e7f7eo10PE7Dg_HTtShnzS5P42zS8O6rYFGyXOWYTnGd0H_0XleRL6l8rOY9ZGXo-y8a5vPkZXNOGSlgof5Z34knQUAKHQApNY00/s640/KGE+Internship.jpg</g:image_link><g:condition>new</g:condition><g:availability>in stock</g:availability><g:price>1.95 INR</g:price><g:brand>KGE Technologies Pvt Ltd</g:brand></item>
<item><g:id>C33S58190</g:id><g:title>card to cash in Chandigarh</g:title><g:description>card to cash in Chandigarh at just 1.95%</g:description><g:link>https://www.card2cash.in/credit-card-to-cash-in-Chandigarh</g:link> <g:image_link>https://blogger.googleusercontent.com/img/b/R29vZ2xl/AVvXsEh-1ljZdt58B4r_adFJPwZy3pQG6B97-nMC6IayRq3e7f7eo10PE7Dg_HTtShnzS5P42zS8O6rYFGyXOWYTnGd0H_0XleRL6l8rOY9ZGXo-y8a5vPkZXNOGSlgof5Z34knQUAKHQApNY00/s640/KGE+Internship.jpg</g:image_link><g:condition>new</g:condition><g:availability>in stock</g:availability><g:price>1.95 INR</g:price><g:brand>KGE Technologies Pvt Ltd</g:brand></item>
<item><g:id>C34S58190</g:id><g:title>cash from credit card to bank account in Chandigarh</g:title><g:description>cash from credit card to bank account in Chandigarh at just 1.95%</g:description><g:link>https://www.card2cash.in/credit-card-to-cash-in-Chandigarh</g:link> <g:image_link>https://blogger.googleusercontent.com/img/b/R29vZ2xl/AVvXsEh-1ljZdt58B4r_adFJPwZy3pQG6B97-nMC6IayRq3e7f7eo10PE7Dg_HTtShnzS5P42zS8O6rYFGyXOWYTnGd0H_0XleRL6l8rOY9ZGXo-y8a5vPkZXNOGSlgof5Z34knQUAKHQApNY00/s640/KGE+Internship.jpg</g:image_link><g:condition>new</g:condition><g:availability>in stock</g:availability><g:price>1.95 INR</g:price><g:brand>KGE Technologies Pvt Ltd</g:brand></item>
<item><g:id>C35S58190</g:id><g:title>cash on credit card in Chandigarh</g:title><g:description>cash on credit card in Chandigarh at just 1.95%</g:description><g:link>https://www.card2cash.in/credit-card-to-cash-in-Chandigarh</g:link> <g:image_link>https://blogger.googleusercontent.com/img/b/R29vZ2xl/AVvXsEh-1ljZdt58B4r_adFJPwZy3pQG6B97-nMC6IayRq3e7f7eo10PE7Dg_HTtShnzS5P42zS8O6rYFGyXOWYTnGd0H_0XleRL6l8rOY9ZGXo-y8a5vPkZXNOGSlgof5Z34knQUAKHQApNY00/s640/KGE+Internship.jpg</g:image_link><g:condition>new</g:condition><g:availability>in stock</g:availability><g:price>1.95 INR</g:price><g:brand>KGE Technologies Pvt Ltd</g:brand></item>
<item><g:id>C36S58190</g:id><g:title>credit card amount to bank account in Chandigarh</g:title><g:description>credit card amount to bank account in Chandigarh at just 1.95%</g:description><g:link>https://www.card2cash.in/credit-card-to-cash-in-Chandigarh</g:link> <g:image_link>https://blogger.googleusercontent.com/img/b/R29vZ2xl/AVvXsEh-1ljZdt58B4r_adFJPwZy3pQG6B97-nMC6IayRq3e7f7eo10PE7Dg_HTtShnzS5P42zS8O6rYFGyXOWYTnGd0H_0XleRL6l8rOY9ZGXo-y8a5vPkZXNOGSlgof5Z34knQUAKHQApNY00/s640/KGE+Internship.jpg</g:image_link><g:condition>new</g:condition><g:availability>in stock</g:availability><g:price>1.95 INR</g:price><g:brand>KGE Technologies Pvt Ltd</g:brand></item>
<item><g:id>C37S58190</g:id><g:title>credit card bank account in Chandigarh</g:title><g:description>credit card bank account in Chandigarh at just 1.95%</g:description><g:link>https://www.card2cash.in/credit-card-to-cash-in-Chandigarh</g:link> <g:image_link>https://blogger.googleusercontent.com/img/b/R29vZ2xl/AVvXsEh-1ljZdt58B4r_adFJPwZy3pQG6B97-nMC6IayRq3e7f7eo10PE7Dg_HTtShnzS5P42zS8O6rYFGyXOWYTnGd0H_0XleRL6l8rOY9ZGXo-y8a5vPkZXNOGSlgof5Z34knQUAKHQApNY00/s640/KGE+Internship.jpg</g:image_link><g:condition>new</g:condition><g:availability>in stock</g:availability><g:price>1.95 INR</g:price><g:brand>KGE Technologies Pvt Ltd</g:brand></item>
<item><g:id>C38S58190</g:id><g:title>credit card into bank account in Chandigarh</g:title><g:description>credit card into bank account in Chandigarh at just 1.95%</g:description><g:link>https://www.card2cash.in/credit-card-to-cash-in-Chandigarh</g:link> <g:image_link>https://blogger.googleusercontent.com/img/b/R29vZ2xl/AVvXsEh-1ljZdt58B4r_adFJPwZy3pQG6B97-nMC6IayRq3e7f7eo10PE7Dg_HTtShnzS5P42zS8O6rYFGyXOWYTnGd0H_0XleRL6l8rOY9ZGXo-y8a5vPkZXNOGSlgof5Z34knQUAKHQApNY00/s640/KGE+Internship.jpg</g:image_link><g:condition>new</g:condition><g:availability>in stock</g:availability><g:price>1.95 INR</g:price><g:brand>KGE Technologies Pvt Ltd</g:brand></item>
<item><g:id>C39S58190</g:id><g:title>credit card to account in Chandigarh</g:title><g:description>credit card to account in Chandigarh at just 1.95%</g:description><g:link>https://www.card2cash.in/credit-card-to-cash-in-Chandigarh</g:link> <g:image_link>https://blogger.googleusercontent.com/img/b/R29vZ2xl/AVvXsEh-1ljZdt58B4r_adFJPwZy3pQG6B97-nMC6IayRq3e7f7eo10PE7Dg_HTtShnzS5P42zS8O6rYFGyXOWYTnGd0H_0XleRL6l8rOY9ZGXo-y8a5vPkZXNOGSlgof5Z34knQUAKHQApNY00/s640/KGE+Internship.jpg</g:image_link><g:condition>new</g:condition><g:availability>in stock</g:availability><g:price>1.95 INR</g:price><g:brand>KGE Technologies Pvt Ltd</g:brand></item>
<item><g:id>C40S58190</g:id><g:title>credit card to bank account in Chandigarh</g:title><g:description>credit card to bank account in Chandigarh at just 1.95%</g:description><g:link>https://www.card2cash.in/credit-card-to-cash-in-Chandigarh</g:link> <g:image_link>https://blogger.googleusercontent.com/img/b/R29vZ2xl/AVvXsEh-1ljZdt58B4r_adFJPwZy3pQG6B97-nMC6IayRq3e7f7eo10PE7Dg_HTtShnzS5P42zS8O6rYFGyXOWYTnGd0H_0XleRL6l8rOY9ZGXo-y8a5vPkZXNOGSlgof5Z34knQUAKHQApNY00/s640/KGE+Internship.jpg</g:image_link><g:condition>new</g:condition><g:availability>in stock</g:availability><g:price>1.95 INR</g:price><g:brand>KGE Technologies Pvt Ltd</g:brand></item>
<item><g:id>C41S58190</g:id><g:title>credit card to bank account transfer in Chandigarh</g:title><g:description>credit card to bank account transfer in Chandigarh at just 1.95%</g:description><g:link>https://www.card2cash.in/credit-card-to-cash-in-Chandigarh</g:link> <g:image_link>https://blogger.googleusercontent.com/img/b/R29vZ2xl/AVvXsEh-1ljZdt58B4r_adFJPwZy3pQG6B97-nMC6IayRq3e7f7eo10PE7Dg_HTtShnzS5P42zS8O6rYFGyXOWYTnGd0H_0XleRL6l8rOY9ZGXo-y8a5vPkZXNOGSlgof5Z34knQUAKHQApNY00/s640/KGE+Internship.jpg</g:image_link><g:condition>new</g:condition><g:availability>in stock</g:availability><g:price>1.95 INR</g:price><g:brand>KGE Technologies Pvt Ltd</g:brand></item>
<item><g:id>C42S58190</g:id><g:title>credit card to bank account transfer app in Chandigarh</g:title><g:description>credit card to bank account transfer app in Chandigarh at just 1.95%</g:description><g:link>https://www.card2cash.in/credit-card-to-cash-in-Chandigarh</g:link> <g:image_link>https://blogger.googleusercontent.com/img/b/R29vZ2xl/AVvXsEh-1ljZdt58B4r_adFJPwZy3pQG6B97-nMC6IayRq3e7f7eo10PE7Dg_HTtShnzS5P42zS8O6rYFGyXOWYTnGd0H_0XleRL6l8rOY9ZGXo-y8a5vPkZXNOGSlgof5Z34knQUAKHQApNY00/s640/KGE+Internship.jpg</g:image_link><g:condition>new</g:condition><g:availability>in stock</g:availability><g:price>1.95 INR</g:price><g:brand>KGE Technologies Pvt Ltd</g:brand></item>
<item><g:id>C43S58190</g:id><g:title>credit card to bank transfer in Chandigarh</g:title><g:description>credit card to bank transfer in Chandigarh at just 1.95%</g:description><g:link>https://www.card2cash.in/credit-card-to-cash-in-Chandigarh</g:link> <g:image_link>https://blogger.googleusercontent.com/img/b/R29vZ2xl/AVvXsEh-1ljZdt58B4r_adFJPwZy3pQG6B97-nMC6IayRq3e7f7eo10PE7Dg_HTtShnzS5P42zS8O6rYFGyXOWYTnGd0H_0XleRL6l8rOY9ZGXo-y8a5vPkZXNOGSlgof5Z34knQUAKHQApNY00/s640/KGE+Internship.jpg</g:image_link><g:condition>new</g:condition><g:availability>in stock</g:availability><g:price>1.95 INR</g:price><g:brand>KGE Technologies Pvt Ltd</g:brand></item>
<item><g:id>C44S58190</g:id><g:title>credit card to bank transfer app in Chandigarh</g:title><g:description>credit card to bank transfer app in Chandigarh at just 1.95%</g:description><g:link>https://www.card2cash.in/credit-card-to-cash-in-Chandigarh</g:link> <g:image_link>https://blogger.googleusercontent.com/img/b/R29vZ2xl/AVvXsEh-1ljZdt58B4r_adFJPwZy3pQG6B97-nMC6IayRq3e7f7eo10PE7Dg_HTtShnzS5P42zS8O6rYFGyXOWYTnGd0H_0XleRL6l8rOY9ZGXo-y8a5vPkZXNOGSlgof5Z34knQUAKHQApNY00/s640/KGE+Internship.jpg</g:image_link><g:condition>new</g:condition><g:availability>in stock</g:availability><g:price>1.95 INR</g:price><g:brand>KGE Technologies Pvt Ltd</g:brand></item>
<item><g:id>C45S58190</g:id><g:title>credit card to cash in Chandigarh</g:title><g:description>credit card to cash in Chandigarh at just 1.95%</g:description><g:link>https://www.card2cash.in/credit-card-to-cash-in-Chandigarh</g:link> <g:image_link>https://blogger.googleusercontent.com/img/b/R29vZ2xl/AVvXsEh-1ljZdt58B4r_adFJPwZy3pQG6B97-nMC6IayRq3e7f7eo10PE7Dg_HTtShnzS5P42zS8O6rYFGyXOWYTnGd0H_0XleRL6l8rOY9ZGXo-y8a5vPkZXNOGSlgof5Z34knQUAKHQApNY00/s640/KGE+Internship.jpg</g:image_link><g:condition>new</g:condition><g:availability>in stock</g:availability><g:price>1.95 INR</g:price><g:brand>KGE Technologies Pvt Ltd</g:brand></item>
<item><g:id>C46S58190</g:id><g:title>from credit card to bank account in Chandigarh</g:title><g:description>from credit card to bank account in Chandigarh at just 1.95%</g:description><g:link>https://www.card2cash.in/credit-card-to-cash-in-Chandigarh</g:link> <g:image_link>https://blogger.googleusercontent.com/img/b/R29vZ2xl/AVvXsEh-1ljZdt58B4r_adFJPwZy3pQG6B97-nMC6IayRq3e7f7eo10PE7Dg_HTtShnzS5P42zS8O6rYFGyXOWYTnGd0H_0XleRL6l8rOY9ZGXo-y8a5vPkZXNOGSlgof5Z34knQUAKHQApNY00/s640/KGE+Internship.jpg</g:image_link><g:condition>new</g:condition><g:availability>in stock</g:availability><g:price>1.95 INR</g:price><g:brand>KGE Technologies Pvt Ltd</g:brand></item>
<item><g:id>C47S58190</g:id><g:title>get cash from credit card in Chandigarh</g:title><g:description>get cash from credit card in Chandigarh at just 1.95%</g:description><g:link>https://www.card2cash.in/credit-card-to-cash-in-Chandigarh</g:link> <g:image_link>https://blogger.googleusercontent.com/img/b/R29vZ2xl/AVvXsEh-1ljZdt58B4r_adFJPwZy3pQG6B97-nMC6IayRq3e7f7eo10PE7Dg_HTtShnzS5P42zS8O6rYFGyXOWYTnGd0H_0XleRL6l8rOY9ZGXo-y8a5vPkZXNOGSlgof5Z34knQUAKHQApNY00/s640/KGE+Internship.jpg</g:image_link><g:condition>new</g:condition><g:availability>in stock</g:availability><g:price>1.95 INR</g:price><g:brand>KGE Technologies Pvt Ltd</g:brand></item>
<item><g:id>C48S58190</g:id><g:title>getting money from credit card to bank account in Chandigarh</g:title><g:description>getting money from credit card to bank account in Chandigarh at just 1.95%</g:description><g:link>https://www.card2cash.in/credit-card-to-cash-in-Chandigarh</g:link> <g:image_link>https://blogger.googleusercontent.com/img/b/R29vZ2xl/AVvXsEh-1ljZdt58B4r_adFJPwZy3pQG6B97-nMC6IayRq3e7f7eo10PE7Dg_HTtShnzS5P42zS8O6rYFGyXOWYTnGd0H_0XleRL6l8rOY9ZGXo-y8a5vPkZXNOGSlgof5Z34knQUAKHQApNY00/s640/KGE+Internship.jpg</g:image_link><g:condition>new</g:condition><g:availability>in stock</g:availability><g:price>1.95 INR</g:price><g:brand>KGE Technologies Pvt Ltd</g:brand></item>
<item><g:id>C49S58190</g:id><g:title>i money credit card in Chandigarh</g:title><g:description>i money credit card in Chandigarh at just 1.95%</g:description><g:link>https://www.card2cash.in/credit-card-to-cash-in-Chandigarh</g:link> <g:image_link>https://blogger.googleusercontent.com/img/b/R29vZ2xl/AVvXsEh-1ljZdt58B4r_adFJPwZy3pQG6B97-nMC6IayRq3e7f7eo10PE7Dg_HTtShnzS5P42zS8O6rYFGyXOWYTnGd0H_0XleRL6l8rOY9ZGXo-y8a5vPkZXNOGSlgof5Z34knQUAKHQApNY00/s640/KGE+Internship.jpg</g:image_link><g:condition>new</g:condition><g:availability>in stock</g:availability><g:price>1.95 INR</g:price><g:brand>KGE Technologies Pvt Ltd</g:brand></item>
<item><g:id>C50S58190</g:id><g:title>instant cash on credit card in Chandigarh</g:title><g:description>instant cash on credit card in Chandigarh at just 1.95%</g:description><g:link>https://www.card2cash.in/credit-card-to-cash-in-Chandigarh</g:link> <g:image_link>https://blogger.googleusercontent.com/img/b/R29vZ2xl/AVvXsEh-1ljZdt58B4r_adFJPwZy3pQG6B97-nMC6IayRq3e7f7eo10PE7Dg_HTtShnzS5P42zS8O6rYFGyXOWYTnGd0H_0XleRL6l8rOY9ZGXo-y8a5vPkZXNOGSlgof5Z34knQUAKHQApNY00/s640/KGE+Internship.jpg</g:image_link><g:condition>new</g:condition><g:availability>in stock</g:availability><g:price>1.95 INR</g:price><g:brand>KGE Technologies Pvt Ltd</g:brand></item>
<item><g:id>C51S58190</g:id><g:title>money from credit card to bank account in Chandigarh</g:title><g:description>money from credit card to bank account in Chandigarh at just 1.95%</g:description><g:link>https://www.card2cash.in/credit-card-to-cash-in-Chandigarh</g:link> <g:image_link>https://blogger.googleusercontent.com/img/b/R29vZ2xl/AVvXsEh-1ljZdt58B4r_adFJPwZy3pQG6B97-nMC6IayRq3e7f7eo10PE7Dg_HTtShnzS5P42zS8O6rYFGyXOWYTnGd0H_0XleRL6l8rOY9ZGXo-y8a5vPkZXNOGSlgof5Z34knQUAKHQApNY00/s640/KGE+Internship.jpg</g:image_link><g:condition>new</g:condition><g:availability>in stock</g:availability><g:price>1.95 INR</g:price><g:brand>KGE Technologies Pvt Ltd</g:brand></item>
<item><g:id>C52S58190</g:id><g:title>pay bank account using credit card in Chandigarh</g:title><g:description>pay bank account using credit card in Chandigarh at just 1.95%</g:description><g:link>https://www.card2cash.in/credit-card-to-cash-in-Chandigarh</g:link> <g:image_link>https://blogger.googleusercontent.com/img/b/R29vZ2xl/AVvXsEh-1ljZdt58B4r_adFJPwZy3pQG6B97-nMC6IayRq3e7f7eo10PE7Dg_HTtShnzS5P42zS8O6rYFGyXOWYTnGd0H_0XleRL6l8rOY9ZGXo-y8a5vPkZXNOGSlgof5Z34knQUAKHQApNY00/s640/KGE+Internship.jpg</g:image_link><g:condition>new</g:condition><g:availability>in stock</g:availability><g:price>1.95 INR</g:price><g:brand>KGE Technologies Pvt Ltd</g:brand></item>
<item><g:id>C53S58190</g:id><g:title>pay credit card without bank account in Chandigarh</g:title><g:description>pay credit card without bank account in Chandigarh at just 1.95%</g:description><g:link>https://www.card2cash.in/credit-card-to-cash-in-Chandigarh</g:link> <g:image_link>https://blogger.googleusercontent.com/img/b/R29vZ2xl/AVvXsEh-1ljZdt58B4r_adFJPwZy3pQG6B97-nMC6IayRq3e7f7eo10PE7Dg_HTtShnzS5P42zS8O6rYFGyXOWYTnGd0H_0XleRL6l8rOY9ZGXo-y8a5vPkZXNOGSlgof5Z34knQUAKHQApNY00/s640/KGE+Internship.jpg</g:image_link><g:condition>new</g:condition><g:availability>in stock</g:availability><g:price>1.95 INR</g:price><g:brand>KGE Technologies Pvt Ltd</g:brand></item>
<item><g:id>C54S58190</g:id><g:title>pay into bank account with credit card in Chandigarh</g:title><g:description>pay into bank account with credit card in Chandigarh at just 1.95%</g:description><g:link>https://www.card2cash.in/credit-card-to-cash-in-Chandigarh</g:link> <g:image_link>https://blogger.googleusercontent.com/img/b/R29vZ2xl/AVvXsEh-1ljZdt58B4r_adFJPwZy3pQG6B97-nMC6IayRq3e7f7eo10PE7Dg_HTtShnzS5P42zS8O6rYFGyXOWYTnGd0H_0XleRL6l8rOY9ZGXo-y8a5vPkZXNOGSlgof5Z34knQUAKHQApNY00/s640/KGE+Internship.jpg</g:image_link><g:condition>new</g:condition><g:availability>in stock</g:availability><g:price>1.95 INR</g:price><g:brand>KGE Technologies Pvt Ltd</g:brand></item>
<item><g:id>C55S58190</g:id><g:title>pay money from credit card to bank account in Chandigarh</g:title><g:description>pay money from credit card to bank account in Chandigarh at just 1.95%</g:description><g:link>https://www.card2cash.in/credit-card-to-cash-in-Chandigarh</g:link> <g:image_link>https://blogger.googleusercontent.com/img/b/R29vZ2xl/AVvXsEh-1ljZdt58B4r_adFJPwZy3pQG6B97-nMC6IayRq3e7f7eo10PE7Dg_HTtShnzS5P42zS8O6rYFGyXOWYTnGd0H_0XleRL6l8rOY9ZGXo-y8a5vPkZXNOGSlgof5Z34knQUAKHQApNY00/s640/KGE+Internship.jpg</g:image_link><g:condition>new</g:condition><g:availability>in stock</g:availability><g:price>1.95 INR</g:price><g:brand>KGE Technologies Pvt Ltd</g:brand></item>
<item><g:id>C56S58190</g:id><g:title>pay to a bank account using credit card in Chandigarh</g:title><g:description>pay to a bank account using credit card in Chandigarh at just 1.95%</g:description><g:link>https://www.card2cash.in/credit-card-to-cash-in-Chandigarh</g:link> <g:image_link>https://blogger.googleusercontent.com/img/b/R29vZ2xl/AVvXsEh-1ljZdt58B4r_adFJPwZy3pQG6B97-nMC6IayRq3e7f7eo10PE7Dg_HTtShnzS5P42zS8O6rYFGyXOWYTnGd0H_0XleRL6l8rOY9ZGXo-y8a5vPkZXNOGSlgof5Z34knQUAKHQApNY00/s640/KGE+Internship.jpg</g:image_link><g:condition>new</g:condition><g:availability>in stock</g:availability><g:price>1.95 INR</g:price><g:brand>KGE Technologies Pvt Ltd</g:brand></item>
<item><g:id>C57S58190</g:id><g:title>pay to bank account from credit card in Chandigarh</g:title><g:description>pay to bank account from credit card in Chandigarh at just 1.95%</g:description><g:link>https://www.card2cash.in/credit-card-to-cash-in-Chandigarh</g:link> <g:image_link>https://blogger.googleusercontent.com/img/b/R29vZ2xl/AVvXsEh-1ljZdt58B4r_adFJPwZy3pQG6B97-nMC6IayRq3e7f7eo10PE7Dg_HTtShnzS5P42zS8O6rYFGyXOWYTnGd0H_0XleRL6l8rOY9ZGXo-y8a5vPkZXNOGSlgof5Z34knQUAKHQApNY00/s640/KGE+Internship.jpg</g:image_link><g:condition>new</g:condition><g:availability>in stock</g:availability><g:price>1.95 INR</g:price><g:brand>KGE Technologies Pvt Ltd</g:brand></item>
<item><g:id>C58S58190</g:id><g:title>send money from credit card to bank account in Chandigarh</g:title><g:description>send money from credit card to bank account in Chandigarh at just 1.95%</g:description><g:link>https://www.card2cash.in/credit-card-to-cash-in-Chandigarh</g:link> <g:image_link>https://blogger.googleusercontent.com/img/b/R29vZ2xl/AVvXsEh-1ljZdt58B4r_adFJPwZy3pQG6B97-nMC6IayRq3e7f7eo10PE7Dg_HTtShnzS5P42zS8O6rYFGyXOWYTnGd0H_0XleRL6l8rOY9ZGXo-y8a5vPkZXNOGSlgof5Z34knQUAKHQApNY00/s640/KGE+Internship.jpg</g:image_link><g:condition>new</g:condition><g:availability>in stock</g:availability><g:price>1.95 INR</g:price><g:brand>KGE Technologies Pvt Ltd</g:brand></item>
<item><g:id>C59S58190</g:id><g:title>send money to bank account from credit card in Chandigarh</g:title><g:description>send money to bank account from credit card in Chandigarh at just 1.95%</g:description><g:link>https://www.card2cash.in/credit-card-to-cash-in-Chandigarh</g:link> <g:image_link>https://blogger.googleusercontent.com/img/b/R29vZ2xl/AVvXsEh-1ljZdt58B4r_adFJPwZy3pQG6B97-nMC6IayRq3e7f7eo10PE7Dg_HTtShnzS5P42zS8O6rYFGyXOWYTnGd0H_0XleRL6l8rOY9ZGXo-y8a5vPkZXNOGSlgof5Z34knQUAKHQApNY00/s640/KGE+Internship.jpg</g:image_link><g:condition>new</g:condition><g:availability>in stock</g:availability><g:price>1.95 INR</g:price><g:brand>KGE Technologies Pvt Ltd</g:brand></item>
<item><g:id>C60S58190</g:id><g:title>Spot Cash on Card in Chandigarh</g:title><g:description>Spot Cash on Card in Chandigarh at just 1.95%</g:description><g:link>https://www.card2cash.in/credit-card-to-cash-in-Chandigarh</g:link> <g:image_link>https://blogger.googleusercontent.com/img/b/R29vZ2xl/AVvXsEh-1ljZdt58B4r_adFJPwZy3pQG6B97-nMC6IayRq3e7f7eo10PE7Dg_HTtShnzS5P42zS8O6rYFGyXOWYTnGd0H_0XleRL6l8rOY9ZGXo-y8a5vPkZXNOGSlgof5Z34knQUAKHQApNY00/s640/KGE+Internship.jpg</g:image_link><g:condition>new</g:condition><g:availability>in stock</g:availability><g:price>1.95 INR</g:price><g:brand>KGE Technologies Pvt Ltd</g:brand></item>
<item><g:id>C61S58190</g:id><g:title>spot cash on credit card in Chandigarh</g:title><g:description>spot cash on credit card in Chandigarh at just 1.95%</g:description><g:link>https://www.card2cash.in/credit-card-to-cash-in-Chandigarh</g:link> <g:image_link>https://blogger.googleusercontent.com/img/b/R29vZ2xl/AVvXsEh-1ljZdt58B4r_adFJPwZy3pQG6B97-nMC6IayRq3e7f7eo10PE7Dg_HTtShnzS5P42zS8O6rYFGyXOWYTnGd0H_0XleRL6l8rOY9ZGXo-y8a5vPkZXNOGSlgof5Z34knQUAKHQApNY00/s640/KGE+Internship.jpg</g:image_link><g:condition>new</g:condition><g:availability>in stock</g:availability><g:price>1.95 INR</g:price><g:brand>KGE Technologies Pvt Ltd</g:brand></item>
<item><g:id>C62S58190</g:id><g:title>transfer money from credit card to bank in Chandigarh</g:title><g:description>transfer money from credit card to bank in Chandigarh at just 1.95%</g:description><g:link>https://www.card2cash.in/credit-card-to-cash-in-Chandigarh</g:link> <g:image_link>https://blogger.googleusercontent.com/img/b/R29vZ2xl/AVvXsEh-1ljZdt58B4r_adFJPwZy3pQG6B97-nMC6IayRq3e7f7eo10PE7Dg_HTtShnzS5P42zS8O6rYFGyXOWYTnGd0H_0XleRL6l8rOY9ZGXo-y8a5vPkZXNOGSlgof5Z34knQUAKHQApNY00/s640/KGE+Internship.jpg</g:image_link><g:condition>new</g:condition><g:availability>in stock</g:availability><g:price>1.95 INR</g:price><g:brand>KGE Technologies Pvt Ltd</g:brand></item>
<item><g:id>C63S58190</g:id><g:title>transfer money from credit card to bank account in Chandigarh</g:title><g:description>transfer money from credit card to bank account in Chandigarh at just 1.95%</g:description><g:link>https://www.card2cash.in/credit-card-to-cash-in-Chandigarh</g:link> <g:image_link>https://blogger.googleusercontent.com/img/b/R29vZ2xl/AVvXsEh-1ljZdt58B4r_adFJPwZy3pQG6B97-nMC6IayRq3e7f7eo10PE7Dg_HTtShnzS5P42zS8O6rYFGyXOWYTnGd0H_0XleRL6l8rOY9ZGXo-y8a5vPkZXNOGSlgof5Z34knQUAKHQApNY00/s640/KGE+Internship.jpg</g:image_link><g:condition>new</g:condition><g:availability>in stock</g:availability><g:price>1.95 INR</g:price><g:brand>KGE Technologies Pvt Ltd</g:brand></item>
<item><g:id>C64S58190</g:id><g:title>transferring money from credit card to bank account online in Chandigarh</g:title><g:description>transferring money from credit card to bank account online in Chandigarh at just 1.95%</g:description><g:link>https://www.card2cash.in/credit-card-to-cash-in-Chandigarh</g:link> <g:image_link>https://blogger.googleusercontent.com/img/b/R29vZ2xl/AVvXsEh-1ljZdt58B4r_adFJPwZy3pQG6B97-nMC6IayRq3e7f7eo10PE7Dg_HTtShnzS5P42zS8O6rYFGyXOWYTnGd0H_0XleRL6l8rOY9ZGXo-y8a5vPkZXNOGSlgof5Z34knQUAKHQApNY00/s640/KGE+Internship.jpg</g:image_link><g:condition>new</g:condition><g:availability>in stock</g:availability><g:price>1.95 INR</g:price><g:brand>KGE Technologies Pvt Ltd</g:brand></item>
<item><g:id>C65S58190</g:id><g:title>use credit card as bank account in Chandigarh</g:title><g:description>use credit card as bank account in Chandigarh at just 1.95%</g:description><g:link>https://www.card2cash.in/credit-card-to-cash-in-Chandigarh</g:link> <g:image_link>https://blogger.googleusercontent.com/img/b/R29vZ2xl/AVvXsEh-1ljZdt58B4r_adFJPwZy3pQG6B97-nMC6IayRq3e7f7eo10PE7Dg_HTtShnzS5P42zS8O6rYFGyXOWYTnGd0H_0XleRL6l8rOY9ZGXo-y8a5vPkZXNOGSlgof5Z34knQUAKHQApNY00/s640/KGE+Internship.jpg</g:image_link><g:condition>new</g:condition><g:availability>in stock</g:availability><g:price>1.95 INR</g:price><g:brand>KGE Technologies Pvt Ltd</g:brand></item>
</channel>
</rss>