<?xml version="1.0"?>
<rss xmlns:g="http://base.google.com/ns/1.0" version="2.0">
<channel>
<title>Example - Google Store</title>
<link>https://store.google.com</link>
<description>This is an example of a basic RSS 2.0 document containing a single item</description>
<item><g:identifier_exists>no</g:identifier_exists><g:id>0G</g:id><g:title>AWS Internship</g:title><g:description>AWS Internship To Learn and Gain Practical Experience and Opportunity</g:description><g:link>https://www.kgetechnologies.com/AWS-internship-in-kge-technologies</g:link> <g:image_link>https://blogger.googleusercontent.com/img/b/R29vZ2xl/AVvXsEh-1ljZdt58B4r_adFJPwZy3pQG6B97-nMC6IayRq3e7f7eo10PE7Dg_HTtShnzS5P42zS8O6rYFGyXOWYTnGd0H_0XleRL6l8rOY9ZGXo-y8a5vPkZXNOGSlgof5Z34knQUAKHQApNY00/s640/KGE+Internship.jpg</g:image_link><g:condition>new</g:condition><g:availability>in stock</g:availability><g:price>50 USD</g:price><g:brand>KGE Technologies Pvt Ltd</g:brand></item>
<item><g:identifier_exists>no</g:identifier_exists><g:id>1G</g:id><g:title>RealTime AWS Internship</g:title><g:description>RealTime AWS Internship To Learn and Gain Practical Experience and Opportunity</g:description><g:link>https://www.kgetechnologies.com/RealTime-AWS-internship-in-kge-technologies</g:link> <g:image_link>https://blogger.googleusercontent.com/img/b/R29vZ2xl/AVvXsEh-1ljZdt58B4r_adFJPwZy3pQG6B97-nMC6IayRq3e7f7eo10PE7Dg_HTtShnzS5P42zS8O6rYFGyXOWYTnGd0H_0XleRL6l8rOY9ZGXo-y8a5vPkZXNOGSlgof5Z34knQUAKHQApNY00/s640/KGE+Internship.jpg</g:image_link><g:condition>new</g:condition><g:availability>in stock</g:availability><g:price>50 USD</g:price><g:brand>KGE Technologies Pvt Ltd</g:brand></item>
<item><g:identifier_exists>no</g:identifier_exists><g:id>2G</g:id><g:title>Azure Internship</g:title><g:description>Azure Internship To Learn and Gain Practical Experience and Opportunity</g:description><g:link>https://www.kgetechnologies.com/Azure-internship-in-kge-technologies</g:link> <g:image_link>https://blogger.googleusercontent.com/img/b/R29vZ2xl/AVvXsEh-1ljZdt58B4r_adFJPwZy3pQG6B97-nMC6IayRq3e7f7eo10PE7Dg_HTtShnzS5P42zS8O6rYFGyXOWYTnGd0H_0XleRL6l8rOY9ZGXo-y8a5vPkZXNOGSlgof5Z34knQUAKHQApNY00/s640/KGE+Internship.jpg</g:image_link><g:condition>new</g:condition><g:availability>in stock</g:availability><g:price>50 USD</g:price><g:brand>KGE Technologies Pvt Ltd</g:brand></item>
<item><g:identifier_exists>no</g:identifier_exists><g:id>3G</g:id><g:title>RealTime Azure Internship</g:title><g:description>RealTime Azure Internship To Learn and Gain Practical Experience and Opportunity</g:description><g:link>https://www.kgetechnologies.com/RealTime-Azure-internship-in-kge-technologies</g:link> <g:image_link>https://blogger.googleusercontent.com/img/b/R29vZ2xl/AVvXsEh-1ljZdt58B4r_adFJPwZy3pQG6B97-nMC6IayRq3e7f7eo10PE7Dg_HTtShnzS5P42zS8O6rYFGyXOWYTnGd0H_0XleRL6l8rOY9ZGXo-y8a5vPkZXNOGSlgof5Z34knQUAKHQApNY00/s640/KGE+Internship.jpg</g:image_link><g:condition>new</g:condition><g:availability>in stock</g:availability><g:price>50 USD</g:price><g:brand>KGE Technologies Pvt Ltd</g:brand></item>
<item><g:identifier_exists>no</g:identifier_exists><g:id>4G</g:id><g:title>Google Internship</g:title><g:description>Google Internship To Learn and Gain Practical Experience and Opportunity</g:description><g:link>https://www.kgetechnologies.com/Google-internship-in-kge-technologies</g:link> <g:image_link>https://blogger.googleusercontent.com/img/b/R29vZ2xl/AVvXsEh-1ljZdt58B4r_adFJPwZy3pQG6B97-nMC6IayRq3e7f7eo10PE7Dg_HTtShnzS5P42zS8O6rYFGyXOWYTnGd0H_0XleRL6l8rOY9ZGXo-y8a5vPkZXNOGSlgof5Z34knQUAKHQApNY00/s640/KGE+Internship.jpg</g:image_link><g:condition>new</g:condition><g:availability>in stock</g:availability><g:price>50 USD</g:price><g:brand>KGE Technologies Pvt Ltd</g:brand></item>
<item><g:identifier_exists>no</g:identifier_exists><g:id>5G</g:id><g:title>RealTime Google Internship</g:title><g:description>RealTime Google Internship To Learn and Gain Practical Experience and Opportunity</g:description><g:link>https://www.kgetechnologies.com/RealTime-Google-internship-in-kge-technologies</g:link> <g:image_link>https://blogger.googleusercontent.com/img/b/R29vZ2xl/AVvXsEh-1ljZdt58B4r_adFJPwZy3pQG6B97-nMC6IayRq3e7f7eo10PE7Dg_HTtShnzS5P42zS8O6rYFGyXOWYTnGd0H_0XleRL6l8rOY9ZGXo-y8a5vPkZXNOGSlgof5Z34knQUAKHQApNY00/s640/KGE+Internship.jpg</g:image_link><g:condition>new</g:condition><g:availability>in stock</g:availability><g:price>50 USD</g:price><g:brand>KGE Technologies Pvt Ltd</g:brand></item>
<item><g:identifier_exists>no</g:identifier_exists><g:id>6G</g:id><g:title>Android Internship</g:title><g:description>Android Internship To Learn and Gain Practical Experience and Opportunity</g:description><g:link>https://www.kgetechnologies.com/Android-internship-in-kge-technologies</g:link> <g:image_link>https://blogger.googleusercontent.com/img/b/R29vZ2xl/AVvXsEh-1ljZdt58B4r_adFJPwZy3pQG6B97-nMC6IayRq3e7f7eo10PE7Dg_HTtShnzS5P42zS8O6rYFGyXOWYTnGd0H_0XleRL6l8rOY9ZGXo-y8a5vPkZXNOGSlgof5Z34knQUAKHQApNY00/s640/KGE+Internship.jpg</g:image_link><g:condition>new</g:condition><g:availability>in stock</g:availability><g:price>50 USD</g:price><g:brand>KGE Technologies Pvt Ltd</g:brand></item>
<item><g:identifier_exists>no</g:identifier_exists><g:id>7G</g:id><g:title>RealTime Android Internship</g:title><g:description>RealTime Android Internship To Learn and Gain Practical Experience and Opportunity</g:description><g:link>https://www.kgetechnologies.com/RealTime-Android-internship-in-kge-technologies</g:link> <g:image_link>https://blogger.googleusercontent.com/img/b/R29vZ2xl/AVvXsEh-1ljZdt58B4r_adFJPwZy3pQG6B97-nMC6IayRq3e7f7eo10PE7Dg_HTtShnzS5P42zS8O6rYFGyXOWYTnGd0H_0XleRL6l8rOY9ZGXo-y8a5vPkZXNOGSlgof5Z34knQUAKHQApNY00/s640/KGE+Internship.jpg</g:image_link><g:condition>new</g:condition><g:availability>in stock</g:availability><g:price>50 USD</g:price><g:brand>KGE Technologies Pvt Ltd</g:brand></item>
<item><g:identifier_exists>no</g:identifier_exists><g:id>8G</g:id><g:title>IOS Internship</g:title><g:description>IOS Internship To Learn and Gain Practical Experience and Opportunity</g:description><g:link>https://www.kgetechnologies.com/IOS-internship-in-kge-technologies</g:link> <g:image_link>https://blogger.googleusercontent.com/img/b/R29vZ2xl/AVvXsEh-1ljZdt58B4r_adFJPwZy3pQG6B97-nMC6IayRq3e7f7eo10PE7Dg_HTtShnzS5P42zS8O6rYFGyXOWYTnGd0H_0XleRL6l8rOY9ZGXo-y8a5vPkZXNOGSlgof5Z34knQUAKHQApNY00/s640/KGE+Internship.jpg</g:image_link><g:condition>new</g:condition><g:availability>in stock</g:availability><g:price>50 USD</g:price><g:brand>KGE Technologies Pvt Ltd</g:brand></item>
<item><g:identifier_exists>no</g:identifier_exists><g:id>9G</g:id><g:title>RealTime IOS Internship</g:title><g:description>RealTime IOS Internship To Learn and Gain Practical Experience and Opportunity</g:description><g:link>https://www.kgetechnologies.com/RealTime-IOS-internship-in-kge-technologies</g:link> <g:image_link>https://blogger.googleusercontent.com/img/b/R29vZ2xl/AVvXsEh-1ljZdt58B4r_adFJPwZy3pQG6B97-nMC6IayRq3e7f7eo10PE7Dg_HTtShnzS5P42zS8O6rYFGyXOWYTnGd0H_0XleRL6l8rOY9ZGXo-y8a5vPkZXNOGSlgof5Z34knQUAKHQApNY00/s640/KGE+Internship.jpg</g:image_link><g:condition>new</g:condition><g:availability>in stock</g:availability><g:price>50 USD</g:price><g:brand>KGE Technologies Pvt Ltd</g:brand></item>
<item><g:identifier_exists>no</g:identifier_exists><g:id>10G</g:id><g:title>Flutter Internship</g:title><g:description>Flutter Internship To Learn and Gain Practical Experience and Opportunity</g:description><g:link>https://www.kgetechnologies.com/Flutter-internship-in-kge-technologies</g:link> <g:image_link>https://blogger.googleusercontent.com/img/b/R29vZ2xl/AVvXsEh-1ljZdt58B4r_adFJPwZy3pQG6B97-nMC6IayRq3e7f7eo10PE7Dg_HTtShnzS5P42zS8O6rYFGyXOWYTnGd0H_0XleRL6l8rOY9ZGXo-y8a5vPkZXNOGSlgof5Z34knQUAKHQApNY00/s640/KGE+Internship.jpg</g:image_link><g:condition>new</g:condition><g:availability>in stock</g:availability><g:price>50 USD</g:price><g:brand>KGE Technologies Pvt Ltd</g:brand></item>
<item><g:identifier_exists>no</g:identifier_exists><g:id>11G</g:id><g:title>RealTime Flutter Internship</g:title><g:description>RealTime Flutter Internship To Learn and Gain Practical Experience and Opportunity</g:description><g:link>https://www.kgetechnologies.com/RealTime-Flutter-internship-in-kge-technologies</g:link> <g:image_link>https://blogger.googleusercontent.com/img/b/R29vZ2xl/AVvXsEh-1ljZdt58B4r_adFJPwZy3pQG6B97-nMC6IayRq3e7f7eo10PE7Dg_HTtShnzS5P42zS8O6rYFGyXOWYTnGd0H_0XleRL6l8rOY9ZGXo-y8a5vPkZXNOGSlgof5Z34knQUAKHQApNY00/s640/KGE+Internship.jpg</g:image_link><g:condition>new</g:condition><g:availability>in stock</g:availability><g:price>50 USD</g:price><g:brand>KGE Technologies Pvt Ltd</g:brand></item>
<item><g:identifier_exists>no</g:identifier_exists><g:id>12G</g:id><g:title>Html Bootstrap Internship</g:title><g:description>Html Bootstrap Internship To Learn and Gain Practical Experience and Opportunity</g:description><g:link>https://www.kgetechnologies.com/Html-Bootstrap-internship-in-kge-technologies</g:link> <g:image_link>https://blogger.googleusercontent.com/img/b/R29vZ2xl/AVvXsEh-1ljZdt58B4r_adFJPwZy3pQG6B97-nMC6IayRq3e7f7eo10PE7Dg_HTtShnzS5P42zS8O6rYFGyXOWYTnGd0H_0XleRL6l8rOY9ZGXo-y8a5vPkZXNOGSlgof5Z34knQUAKHQApNY00/s640/KGE+Internship.jpg</g:image_link><g:condition>new</g:condition><g:availability>in stock</g:availability><g:price>50 USD</g:price><g:brand>KGE Technologies Pvt Ltd</g:brand></item>
<item><g:identifier_exists>no</g:identifier_exists><g:id>13G</g:id><g:title>RealTime Html Bootstrap Internship</g:title><g:description>RealTime Html Bootstrap Internship To Learn and Gain Practical Experience and Opportunity</g:description><g:link>https://www.kgetechnologies.com/RealTime-Html-Bootstrap-internship-in-kge-technologies</g:link> <g:image_link>https://blogger.googleusercontent.com/img/b/R29vZ2xl/AVvXsEh-1ljZdt58B4r_adFJPwZy3pQG6B97-nMC6IayRq3e7f7eo10PE7Dg_HTtShnzS5P42zS8O6rYFGyXOWYTnGd0H_0XleRL6l8rOY9ZGXo-y8a5vPkZXNOGSlgof5Z34knQUAKHQApNY00/s640/KGE+Internship.jpg</g:image_link><g:condition>new</g:condition><g:availability>in stock</g:availability><g:price>50 USD</g:price><g:brand>KGE Technologies Pvt Ltd</g:brand></item>
<item><g:identifier_exists>no</g:identifier_exists><g:id>14G</g:id><g:title>Web Development Internship</g:title><g:description>Web Development Internship To Learn and Gain Practical Experience and Opportunity</g:description><g:link>https://www.kgetechnologies.com/Web-Development-internship-in-kge-technologies</g:link> <g:image_link>https://blogger.googleusercontent.com/img/b/R29vZ2xl/AVvXsEh-1ljZdt58B4r_adFJPwZy3pQG6B97-nMC6IayRq3e7f7eo10PE7Dg_HTtShnzS5P42zS8O6rYFGyXOWYTnGd0H_0XleRL6l8rOY9ZGXo-y8a5vPkZXNOGSlgof5Z34knQUAKHQApNY00/s640/KGE+Internship.jpg</g:image_link><g:condition>new</g:condition><g:availability>in stock</g:availability><g:price>50 USD</g:price><g:brand>KGE Technologies Pvt Ltd</g:brand></item>
<item><g:identifier_exists>no</g:identifier_exists><g:id>15G</g:id><g:title>RealTime Web Development Internship</g:title><g:description>RealTime Web Development Internship To Learn and Gain Practical Experience and Opportunity</g:description><g:link>https://www.kgetechnologies.com/RealTime-Web-Development-internship-in-kge-technologies</g:link> <g:image_link>https://blogger.googleusercontent.com/img/b/R29vZ2xl/AVvXsEh-1ljZdt58B4r_adFJPwZy3pQG6B97-nMC6IayRq3e7f7eo10PE7Dg_HTtShnzS5P42zS8O6rYFGyXOWYTnGd0H_0XleRL6l8rOY9ZGXo-y8a5vPkZXNOGSlgof5Z34knQUAKHQApNY00/s640/KGE+Internship.jpg</g:image_link><g:condition>new</g:condition><g:availability>in stock</g:availability><g:price>50 USD</g:price><g:brand>KGE Technologies Pvt Ltd</g:brand></item>
<item><g:identifier_exists>no</g:identifier_exists><g:id>16G</g:id><g:title>Python Internship</g:title><g:description>Python Internship To Learn and Gain Practical Experience and Opportunity</g:description><g:link>https://www.kgetechnologies.com/Python-internship-in-kge-technologies</g:link> <g:image_link>https://blogger.googleusercontent.com/img/b/R29vZ2xl/AVvXsEh-1ljZdt58B4r_adFJPwZy3pQG6B97-nMC6IayRq3e7f7eo10PE7Dg_HTtShnzS5P42zS8O6rYFGyXOWYTnGd0H_0XleRL6l8rOY9ZGXo-y8a5vPkZXNOGSlgof5Z34knQUAKHQApNY00/s640/KGE+Internship.jpg</g:image_link><g:condition>new</g:condition><g:availability>in stock</g:availability><g:price>50 USD</g:price><g:brand>KGE Technologies Pvt Ltd</g:brand></item>
<item><g:identifier_exists>no</g:identifier_exists><g:id>17G</g:id><g:title>RealTime Python Internship</g:title><g:description>RealTime Python Internship To Learn and Gain Practical Experience and Opportunity</g:description><g:link>https://www.kgetechnologies.com/RealTime-Python-internship-in-kge-technologies</g:link> <g:image_link>https://blogger.googleusercontent.com/img/b/R29vZ2xl/AVvXsEh-1ljZdt58B4r_adFJPwZy3pQG6B97-nMC6IayRq3e7f7eo10PE7Dg_HTtShnzS5P42zS8O6rYFGyXOWYTnGd0H_0XleRL6l8rOY9ZGXo-y8a5vPkZXNOGSlgof5Z34knQUAKHQApNY00/s640/KGE+Internship.jpg</g:image_link><g:condition>new</g:condition><g:availability>in stock</g:availability><g:price>50 USD</g:price><g:brand>KGE Technologies Pvt Ltd</g:brand></item>
<item><g:identifier_exists>no</g:identifier_exists><g:id>18G</g:id><g:title>Website Builder Internship</g:title><g:description>Website Builder Internship To Learn and Gain Practical Experience and Opportunity</g:description><g:link>https://www.kgetechnologies.com/Website-Builder-internship-in-kge-technologies</g:link> <g:image_link>https://blogger.googleusercontent.com/img/b/R29vZ2xl/AVvXsEh-1ljZdt58B4r_adFJPwZy3pQG6B97-nMC6IayRq3e7f7eo10PE7Dg_HTtShnzS5P42zS8O6rYFGyXOWYTnGd0H_0XleRL6l8rOY9ZGXo-y8a5vPkZXNOGSlgof5Z34knQUAKHQApNY00/s640/KGE+Internship.jpg</g:image_link><g:condition>new</g:condition><g:availability>in stock</g:availability><g:price>50 USD</g:price><g:brand>KGE Technologies Pvt Ltd</g:brand></item>
<item><g:identifier_exists>no</g:identifier_exists><g:id>19G</g:id><g:title>RealTime Website Builder Internship</g:title><g:description>RealTime Website Builder Internship To Learn and Gain Practical Experience and Opportunity</g:description><g:link>https://www.kgetechnologies.com/RealTime-Website-Builder-internship-in-kge-technologies</g:link> <g:image_link>https://blogger.googleusercontent.com/img/b/R29vZ2xl/AVvXsEh-1ljZdt58B4r_adFJPwZy3pQG6B97-nMC6IayRq3e7f7eo10PE7Dg_HTtShnzS5P42zS8O6rYFGyXOWYTnGd0H_0XleRL6l8rOY9ZGXo-y8a5vPkZXNOGSlgof5Z34knQUAKHQApNY00/s640/KGE+Internship.jpg</g:image_link><g:condition>new</g:condition><g:availability>in stock</g:availability><g:price>50 USD</g:price><g:brand>KGE Technologies Pvt Ltd</g:brand></item>
<item><g:identifier_exists>no</g:identifier_exists><g:id>20G</g:id><g:title>Photoshop Internship</g:title><g:description>Photoshop Internship To Learn and Gain Practical Experience and Opportunity</g:description><g:link>https://www.kgetechnologies.com/Photoshop-internship-in-kge-technologies</g:link> <g:image_link>https://blogger.googleusercontent.com/img/b/R29vZ2xl/AVvXsEh-1ljZdt58B4r_adFJPwZy3pQG6B97-nMC6IayRq3e7f7eo10PE7Dg_HTtShnzS5P42zS8O6rYFGyXOWYTnGd0H_0XleRL6l8rOY9ZGXo-y8a5vPkZXNOGSlgof5Z34knQUAKHQApNY00/s640/KGE+Internship.jpg</g:image_link><g:condition>new</g:condition><g:availability>in stock</g:availability><g:price>50 USD</g:price><g:brand>KGE Technologies Pvt Ltd</g:brand></item>
<item><g:identifier_exists>no</g:identifier_exists><g:id>21G</g:id><g:title>RealTime Photoshop Internship</g:title><g:description>RealTime Photoshop Internship To Learn and Gain Practical Experience and Opportunity</g:description><g:link>https://www.kgetechnologies.com/RealTime-Photoshop-internship-in-kge-technologies</g:link> <g:image_link>https://blogger.googleusercontent.com/img/b/R29vZ2xl/AVvXsEh-1ljZdt58B4r_adFJPwZy3pQG6B97-nMC6IayRq3e7f7eo10PE7Dg_HTtShnzS5P42zS8O6rYFGyXOWYTnGd0H_0XleRL6l8rOY9ZGXo-y8a5vPkZXNOGSlgof5Z34knQUAKHQApNY00/s640/KGE+Internship.jpg</g:image_link><g:condition>new</g:condition><g:availability>in stock</g:availability><g:price>50 USD</g:price><g:brand>KGE Technologies Pvt Ltd</g:brand></item>
<item><g:identifier_exists>no</g:identifier_exists><g:id>22G</g:id><g:title>CorelDraw Internship</g:title><g:description>CorelDraw Internship To Learn and Gain Practical Experience and Opportunity</g:description><g:link>https://www.kgetechnologies.com/CorelDraw-internship-in-kge-technologies</g:link> <g:image_link>https://blogger.googleusercontent.com/img/b/R29vZ2xl/AVvXsEh-1ljZdt58B4r_adFJPwZy3pQG6B97-nMC6IayRq3e7f7eo10PE7Dg_HTtShnzS5P42zS8O6rYFGyXOWYTnGd0H_0XleRL6l8rOY9ZGXo-y8a5vPkZXNOGSlgof5Z34knQUAKHQApNY00/s640/KGE+Internship.jpg</g:image_link><g:condition>new</g:condition><g:availability>in stock</g:availability><g:price>50 USD</g:price><g:brand>KGE Technologies Pvt Ltd</g:brand></item>
<item><g:identifier_exists>no</g:identifier_exists><g:id>23G</g:id><g:title>RealTime CorelDraw Internship</g:title><g:description>RealTime CorelDraw Internship To Learn and Gain Practical Experience and Opportunity</g:description><g:link>https://www.kgetechnologies.com/RealTime-CorelDraw-internship-in-kge-technologies</g:link> <g:image_link>https://blogger.googleusercontent.com/img/b/R29vZ2xl/AVvXsEh-1ljZdt58B4r_adFJPwZy3pQG6B97-nMC6IayRq3e7f7eo10PE7Dg_HTtShnzS5P42zS8O6rYFGyXOWYTnGd0H_0XleRL6l8rOY9ZGXo-y8a5vPkZXNOGSlgof5Z34knQUAKHQApNY00/s640/KGE+Internship.jpg</g:image_link><g:condition>new</g:condition><g:availability>in stock</g:availability><g:price>50 USD</g:price><g:brand>KGE Technologies Pvt Ltd</g:brand></item>
<item><g:identifier_exists>no</g:identifier_exists><g:id>24G</g:id><g:title>Animation Internship</g:title><g:description>Animation Internship To Learn and Gain Practical Experience and Opportunity</g:description><g:link>https://www.kgetechnologies.com/Animation-internship-in-kge-technologies</g:link> <g:image_link>https://blogger.googleusercontent.com/img/b/R29vZ2xl/AVvXsEh-1ljZdt58B4r_adFJPwZy3pQG6B97-nMC6IayRq3e7f7eo10PE7Dg_HTtShnzS5P42zS8O6rYFGyXOWYTnGd0H_0XleRL6l8rOY9ZGXo-y8a5vPkZXNOGSlgof5Z34knQUAKHQApNY00/s640/KGE+Internship.jpg</g:image_link><g:condition>new</g:condition><g:availability>in stock</g:availability><g:price>50 USD</g:price><g:brand>KGE Technologies Pvt Ltd</g:brand></item>
<item><g:identifier_exists>no</g:identifier_exists><g:id>25G</g:id><g:title>RealTime Animation Internship</g:title><g:description>RealTime Animation Internship To Learn and Gain Practical Experience and Opportunity</g:description><g:link>https://www.kgetechnologies.com/RealTime-Animation-internship-in-kge-technologies</g:link> <g:image_link>https://blogger.googleusercontent.com/img/b/R29vZ2xl/AVvXsEh-1ljZdt58B4r_adFJPwZy3pQG6B97-nMC6IayRq3e7f7eo10PE7Dg_HTtShnzS5P42zS8O6rYFGyXOWYTnGd0H_0XleRL6l8rOY9ZGXo-y8a5vPkZXNOGSlgof5Z34knQUAKHQApNY00/s640/KGE+Internship.jpg</g:image_link><g:condition>new</g:condition><g:availability>in stock</g:availability><g:price>50 USD</g:price><g:brand>KGE Technologies Pvt Ltd</g:brand></item>
<item><g:identifier_exists>no</g:identifier_exists><g:id>26G</g:id><g:title>Angular Internship</g:title><g:description>Angular Internship To Learn and Gain Practical Experience and Opportunity</g:description><g:link>https://www.kgetechnologies.com/Angular-internship-in-kge-technologies</g:link> <g:image_link>https://blogger.googleusercontent.com/img/b/R29vZ2xl/AVvXsEh-1ljZdt58B4r_adFJPwZy3pQG6B97-nMC6IayRq3e7f7eo10PE7Dg_HTtShnzS5P42zS8O6rYFGyXOWYTnGd0H_0XleRL6l8rOY9ZGXo-y8a5vPkZXNOGSlgof5Z34knQUAKHQApNY00/s640/KGE+Internship.jpg</g:image_link><g:condition>new</g:condition><g:availability>in stock</g:availability><g:price>50 USD</g:price><g:brand>KGE Technologies Pvt Ltd</g:brand></item>
<item><g:identifier_exists>no</g:identifier_exists><g:id>27G</g:id><g:title>RealTime Angular Internship</g:title><g:description>RealTime Angular Internship To Learn and Gain Practical Experience and Opportunity</g:description><g:link>https://www.kgetechnologies.com/RealTime-Angular-internship-in-kge-technologies</g:link> <g:image_link>https://blogger.googleusercontent.com/img/b/R29vZ2xl/AVvXsEh-1ljZdt58B4r_adFJPwZy3pQG6B97-nMC6IayRq3e7f7eo10PE7Dg_HTtShnzS5P42zS8O6rYFGyXOWYTnGd0H_0XleRL6l8rOY9ZGXo-y8a5vPkZXNOGSlgof5Z34knQUAKHQApNY00/s640/KGE+Internship.jpg</g:image_link><g:condition>new</g:condition><g:availability>in stock</g:availability><g:price>50 USD</g:price><g:brand>KGE Technologies Pvt Ltd</g:brand></item>
<item><g:identifier_exists>no</g:identifier_exists><g:id>28G</g:id><g:title>ReactJs Internship</g:title><g:description>ReactJs Internship To Learn and Gain Practical Experience and Opportunity</g:description><g:link>https://www.kgetechnologies.com/ReactJs-internship-in-kge-technologies</g:link> <g:image_link>https://blogger.googleusercontent.com/img/b/R29vZ2xl/AVvXsEh-1ljZdt58B4r_adFJPwZy3pQG6B97-nMC6IayRq3e7f7eo10PE7Dg_HTtShnzS5P42zS8O6rYFGyXOWYTnGd0H_0XleRL6l8rOY9ZGXo-y8a5vPkZXNOGSlgof5Z34knQUAKHQApNY00/s640/KGE+Internship.jpg</g:image_link><g:condition>new</g:condition><g:availability>in stock</g:availability><g:price>50 USD</g:price><g:brand>KGE Technologies Pvt Ltd</g:brand></item>
<item><g:identifier_exists>no</g:identifier_exists><g:id>29G</g:id><g:title>RealTime ReactJs Internship</g:title><g:description>RealTime ReactJs Internship To Learn and Gain Practical Experience and Opportunity</g:description><g:link>https://www.kgetechnologies.com/RealTime-ReactJs-internship-in-kge-technologies</g:link> <g:image_link>https://blogger.googleusercontent.com/img/b/R29vZ2xl/AVvXsEh-1ljZdt58B4r_adFJPwZy3pQG6B97-nMC6IayRq3e7f7eo10PE7Dg_HTtShnzS5P42zS8O6rYFGyXOWYTnGd0H_0XleRL6l8rOY9ZGXo-y8a5vPkZXNOGSlgof5Z34knQUAKHQApNY00/s640/KGE+Internship.jpg</g:image_link><g:condition>new</g:condition><g:availability>in stock</g:availability><g:price>50 USD</g:price><g:brand>KGE Technologies Pvt Ltd</g:brand></item>
<item><g:identifier_exists>no</g:identifier_exists><g:id>30G</g:id><g:title>WordPress Internship</g:title><g:description>WordPress Internship To Learn and Gain Practical Experience and Opportunity</g:description><g:link>https://www.kgetechnologies.com/WordPress-internship-in-kge-technologies</g:link> <g:image_link>https://blogger.googleusercontent.com/img/b/R29vZ2xl/AVvXsEh-1ljZdt58B4r_adFJPwZy3pQG6B97-nMC6IayRq3e7f7eo10PE7Dg_HTtShnzS5P42zS8O6rYFGyXOWYTnGd0H_0XleRL6l8rOY9ZGXo-y8a5vPkZXNOGSlgof5Z34knQUAKHQApNY00/s640/KGE+Internship.jpg</g:image_link><g:condition>new</g:condition><g:availability>in stock</g:availability><g:price>50 USD</g:price><g:brand>KGE Technologies Pvt Ltd</g:brand></item>
<item><g:identifier_exists>no</g:identifier_exists><g:id>31G</g:id><g:title>RealTime WordPress Internship</g:title><g:description>RealTime WordPress Internship To Learn and Gain Practical Experience and Opportunity</g:description><g:link>https://www.kgetechnologies.com/RealTime-WordPress-internship-in-kge-technologies</g:link> <g:image_link>https://blogger.googleusercontent.com/img/b/R29vZ2xl/AVvXsEh-1ljZdt58B4r_adFJPwZy3pQG6B97-nMC6IayRq3e7f7eo10PE7Dg_HTtShnzS5P42zS8O6rYFGyXOWYTnGd0H_0XleRL6l8rOY9ZGXo-y8a5vPkZXNOGSlgof5Z34knQUAKHQApNY00/s640/KGE+Internship.jpg</g:image_link><g:condition>new</g:condition><g:availability>in stock</g:availability><g:price>50 USD</g:price><g:brand>KGE Technologies Pvt Ltd</g:brand></item>
<item><g:identifier_exists>no</g:identifier_exists><g:id>32G</g:id><g:title>Php Internship</g:title><g:description>Php Internship To Learn and Gain Practical Experience and Opportunity</g:description><g:link>https://www.kgetechnologies.com/Php-internship-in-kge-technologies</g:link> <g:image_link>https://blogger.googleusercontent.com/img/b/R29vZ2xl/AVvXsEh-1ljZdt58B4r_adFJPwZy3pQG6B97-nMC6IayRq3e7f7eo10PE7Dg_HTtShnzS5P42zS8O6rYFGyXOWYTnGd0H_0XleRL6l8rOY9ZGXo-y8a5vPkZXNOGSlgof5Z34knQUAKHQApNY00/s640/KGE+Internship.jpg</g:image_link><g:condition>new</g:condition><g:availability>in stock</g:availability><g:price>50 USD</g:price><g:brand>KGE Technologies Pvt Ltd</g:brand></item>
<item><g:identifier_exists>no</g:identifier_exists><g:id>33G</g:id><g:title>RealTime Php Internship</g:title><g:description>RealTime Php Internship To Learn and Gain Practical Experience and Opportunity</g:description><g:link>https://www.kgetechnologies.com/RealTime-Php-internship-in-kge-technologies</g:link> <g:image_link>https://blogger.googleusercontent.com/img/b/R29vZ2xl/AVvXsEh-1ljZdt58B4r_adFJPwZy3pQG6B97-nMC6IayRq3e7f7eo10PE7Dg_HTtShnzS5P42zS8O6rYFGyXOWYTnGd0H_0XleRL6l8rOY9ZGXo-y8a5vPkZXNOGSlgof5Z34knQUAKHQApNY00/s640/KGE+Internship.jpg</g:image_link><g:condition>new</g:condition><g:availability>in stock</g:availability><g:price>50 USD</g:price><g:brand>KGE Technologies Pvt Ltd</g:brand></item>
<item><g:identifier_exists>no</g:identifier_exists><g:id>34G</g:id><g:title>Laravel Internship</g:title><g:description>Laravel Internship To Learn and Gain Practical Experience and Opportunity</g:description><g:link>https://www.kgetechnologies.com/Laravel-internship-in-kge-technologies</g:link> <g:image_link>https://blogger.googleusercontent.com/img/b/R29vZ2xl/AVvXsEh-1ljZdt58B4r_adFJPwZy3pQG6B97-nMC6IayRq3e7f7eo10PE7Dg_HTtShnzS5P42zS8O6rYFGyXOWYTnGd0H_0XleRL6l8rOY9ZGXo-y8a5vPkZXNOGSlgof5Z34knQUAKHQApNY00/s640/KGE+Internship.jpg</g:image_link><g:condition>new</g:condition><g:availability>in stock</g:availability><g:price>50 USD</g:price><g:brand>KGE Technologies Pvt Ltd</g:brand></item>
<item><g:identifier_exists>no</g:identifier_exists><g:id>35G</g:id><g:title>RealTime Laravel Internship</g:title><g:description>RealTime Laravel Internship To Learn and Gain Practical Experience and Opportunity</g:description><g:link>https://www.kgetechnologies.com/RealTime-Laravel-internship-in-kge-technologies</g:link> <g:image_link>https://blogger.googleusercontent.com/img/b/R29vZ2xl/AVvXsEh-1ljZdt58B4r_adFJPwZy3pQG6B97-nMC6IayRq3e7f7eo10PE7Dg_HTtShnzS5P42zS8O6rYFGyXOWYTnGd0H_0XleRL6l8rOY9ZGXo-y8a5vPkZXNOGSlgof5Z34knQUAKHQApNY00/s640/KGE+Internship.jpg</g:image_link><g:condition>new</g:condition><g:availability>in stock</g:availability><g:price>50 USD</g:price><g:brand>KGE Technologies Pvt Ltd</g:brand></item>
<item><g:identifier_exists>no</g:identifier_exists><g:id>36G</g:id><g:title>Asp DotNet Internship</g:title><g:description>Asp DotNet Internship To Learn and Gain Practical Experience and Opportunity</g:description><g:link>https://www.kgetechnologies.com/Asp-DotNet-internship-in-kge-technologies</g:link> <g:image_link>https://blogger.googleusercontent.com/img/b/R29vZ2xl/AVvXsEh-1ljZdt58B4r_adFJPwZy3pQG6B97-nMC6IayRq3e7f7eo10PE7Dg_HTtShnzS5P42zS8O6rYFGyXOWYTnGd0H_0XleRL6l8rOY9ZGXo-y8a5vPkZXNOGSlgof5Z34knQUAKHQApNY00/s640/KGE+Internship.jpg</g:image_link><g:condition>new</g:condition><g:availability>in stock</g:availability><g:price>50 USD</g:price><g:brand>KGE Technologies Pvt Ltd</g:brand></item>
<item><g:identifier_exists>no</g:identifier_exists><g:id>37G</g:id><g:title>RealTime Asp DotNet Internship</g:title><g:description>RealTime Asp DotNet Internship To Learn and Gain Practical Experience and Opportunity</g:description><g:link>https://www.kgetechnologies.com/RealTime-Asp-DotNet-internship-in-kge-technologies</g:link> <g:image_link>https://blogger.googleusercontent.com/img/b/R29vZ2xl/AVvXsEh-1ljZdt58B4r_adFJPwZy3pQG6B97-nMC6IayRq3e7f7eo10PE7Dg_HTtShnzS5P42zS8O6rYFGyXOWYTnGd0H_0XleRL6l8rOY9ZGXo-y8a5vPkZXNOGSlgof5Z34knQUAKHQApNY00/s640/KGE+Internship.jpg</g:image_link><g:condition>new</g:condition><g:availability>in stock</g:availability><g:price>50 USD</g:price><g:brand>KGE Technologies Pvt Ltd</g:brand></item>
<item><g:identifier_exists>no</g:identifier_exists><g:id>38G</g:id><g:title>Mvc DotNet Internship</g:title><g:description>Mvc DotNet Internship To Learn and Gain Practical Experience and Opportunity</g:description><g:link>https://www.kgetechnologies.com/Mvc-DotNet-internship-in-kge-technologies</g:link> <g:image_link>https://blogger.googleusercontent.com/img/b/R29vZ2xl/AVvXsEh-1ljZdt58B4r_adFJPwZy3pQG6B97-nMC6IayRq3e7f7eo10PE7Dg_HTtShnzS5P42zS8O6rYFGyXOWYTnGd0H_0XleRL6l8rOY9ZGXo-y8a5vPkZXNOGSlgof5Z34knQUAKHQApNY00/s640/KGE+Internship.jpg</g:image_link><g:condition>new</g:condition><g:availability>in stock</g:availability><g:price>50 USD</g:price><g:brand>KGE Technologies Pvt Ltd</g:brand></item>
<item><g:identifier_exists>no</g:identifier_exists><g:id>39G</g:id><g:title>RealTime Mvc DotNet Internship</g:title><g:description>RealTime Mvc DotNet Internship To Learn and Gain Practical Experience and Opportunity</g:description><g:link>https://www.kgetechnologies.com/RealTime-Mvc-DotNet-internship-in-kge-technologies</g:link> <g:image_link>https://blogger.googleusercontent.com/img/b/R29vZ2xl/AVvXsEh-1ljZdt58B4r_adFJPwZy3pQG6B97-nMC6IayRq3e7f7eo10PE7Dg_HTtShnzS5P42zS8O6rYFGyXOWYTnGd0H_0XleRL6l8rOY9ZGXo-y8a5vPkZXNOGSlgof5Z34knQUAKHQApNY00/s640/KGE+Internship.jpg</g:image_link><g:condition>new</g:condition><g:availability>in stock</g:availability><g:price>50 USD</g:price><g:brand>KGE Technologies Pvt Ltd</g:brand></item>
<item><g:identifier_exists>no</g:identifier_exists><g:id>40G</g:id><g:title>Java Internship</g:title><g:description>Java Internship To Learn and Gain Practical Experience and Opportunity</g:description><g:link>https://www.kgetechnologies.com/Java-internship-in-kge-technologies</g:link> <g:image_link>https://blogger.googleusercontent.com/img/b/R29vZ2xl/AVvXsEh-1ljZdt58B4r_adFJPwZy3pQG6B97-nMC6IayRq3e7f7eo10PE7Dg_HTtShnzS5P42zS8O6rYFGyXOWYTnGd0H_0XleRL6l8rOY9ZGXo-y8a5vPkZXNOGSlgof5Z34knQUAKHQApNY00/s640/KGE+Internship.jpg</g:image_link><g:condition>new</g:condition><g:availability>in stock</g:availability><g:price>50 USD</g:price><g:brand>KGE Technologies Pvt Ltd</g:brand></item>
<item><g:identifier_exists>no</g:identifier_exists><g:id>41G</g:id><g:title>RealTime Java Internship</g:title><g:description>RealTime Java Internship To Learn and Gain Practical Experience and Opportunity</g:description><g:link>https://www.kgetechnologies.com/RealTime-Java-internship-in-kge-technologies</g:link> <g:image_link>https://blogger.googleusercontent.com/img/b/R29vZ2xl/AVvXsEh-1ljZdt58B4r_adFJPwZy3pQG6B97-nMC6IayRq3e7f7eo10PE7Dg_HTtShnzS5P42zS8O6rYFGyXOWYTnGd0H_0XleRL6l8rOY9ZGXo-y8a5vPkZXNOGSlgof5Z34knQUAKHQApNY00/s640/KGE+Internship.jpg</g:image_link><g:condition>new</g:condition><g:availability>in stock</g:availability><g:price>50 USD</g:price><g:brand>KGE Technologies Pvt Ltd</g:brand></item>
<item><g:identifier_exists>no</g:identifier_exists><g:id>42G</g:id><g:title>Sql Internship</g:title><g:description>Sql Internship To Learn and Gain Practical Experience and Opportunity</g:description><g:link>https://www.kgetechnologies.com/Sql-internship-in-kge-technologies</g:link> <g:image_link>https://blogger.googleusercontent.com/img/b/R29vZ2xl/AVvXsEh-1ljZdt58B4r_adFJPwZy3pQG6B97-nMC6IayRq3e7f7eo10PE7Dg_HTtShnzS5P42zS8O6rYFGyXOWYTnGd0H_0XleRL6l8rOY9ZGXo-y8a5vPkZXNOGSlgof5Z34knQUAKHQApNY00/s640/KGE+Internship.jpg</g:image_link><g:condition>new</g:condition><g:availability>in stock</g:availability><g:price>50 USD</g:price><g:brand>KGE Technologies Pvt Ltd</g:brand></item>
<item><g:identifier_exists>no</g:identifier_exists><g:id>43G</g:id><g:title>RealTime Sql Internship</g:title><g:description>RealTime Sql Internship To Learn and Gain Practical Experience and Opportunity</g:description><g:link>https://www.kgetechnologies.com/RealTime-Sql-internship-in-kge-technologies</g:link> <g:image_link>https://blogger.googleusercontent.com/img/b/R29vZ2xl/AVvXsEh-1ljZdt58B4r_adFJPwZy3pQG6B97-nMC6IayRq3e7f7eo10PE7Dg_HTtShnzS5P42zS8O6rYFGyXOWYTnGd0H_0XleRL6l8rOY9ZGXo-y8a5vPkZXNOGSlgof5Z34knQUAKHQApNY00/s640/KGE+Internship.jpg</g:image_link><g:condition>new</g:condition><g:availability>in stock</g:availability><g:price>50 USD</g:price><g:brand>KGE Technologies Pvt Ltd</g:brand></item>
<item><g:identifier_exists>no</g:identifier_exists><g:id>44G</g:id><g:title>Oracle Internship</g:title><g:description>Oracle Internship To Learn and Gain Practical Experience and Opportunity</g:description><g:link>https://www.kgetechnologies.com/Oracle-internship-in-kge-technologies</g:link> <g:image_link>https://blogger.googleusercontent.com/img/b/R29vZ2xl/AVvXsEh-1ljZdt58B4r_adFJPwZy3pQG6B97-nMC6IayRq3e7f7eo10PE7Dg_HTtShnzS5P42zS8O6rYFGyXOWYTnGd0H_0XleRL6l8rOY9ZGXo-y8a5vPkZXNOGSlgof5Z34knQUAKHQApNY00/s640/KGE+Internship.jpg</g:image_link><g:condition>new</g:condition><g:availability>in stock</g:availability><g:price>50 USD</g:price><g:brand>KGE Technologies Pvt Ltd</g:brand></item>
<item><g:identifier_exists>no</g:identifier_exists><g:id>45G</g:id><g:title>RealTime Oracle Internship</g:title><g:description>RealTime Oracle Internship To Learn and Gain Practical Experience and Opportunity</g:description><g:link>https://www.kgetechnologies.com/RealTime-Oracle-internship-in-kge-technologies</g:link> <g:image_link>https://blogger.googleusercontent.com/img/b/R29vZ2xl/AVvXsEh-1ljZdt58B4r_adFJPwZy3pQG6B97-nMC6IayRq3e7f7eo10PE7Dg_HTtShnzS5P42zS8O6rYFGyXOWYTnGd0H_0XleRL6l8rOY9ZGXo-y8a5vPkZXNOGSlgof5Z34knQUAKHQApNY00/s640/KGE+Internship.jpg</g:image_link><g:condition>new</g:condition><g:availability>in stock</g:availability><g:price>50 USD</g:price><g:brand>KGE Technologies Pvt Ltd</g:brand></item>
<item><g:identifier_exists>no</g:identifier_exists><g:id>46G</g:id><g:title>ERP Internship</g:title><g:description>ERP Internship To Learn and Gain Practical Experience and Opportunity</g:description><g:link>https://www.kgetechnologies.com/ERP-internship-in-kge-technologies</g:link> <g:image_link>https://blogger.googleusercontent.com/img/b/R29vZ2xl/AVvXsEh-1ljZdt58B4r_adFJPwZy3pQG6B97-nMC6IayRq3e7f7eo10PE7Dg_HTtShnzS5P42zS8O6rYFGyXOWYTnGd0H_0XleRL6l8rOY9ZGXo-y8a5vPkZXNOGSlgof5Z34knQUAKHQApNY00/s640/KGE+Internship.jpg</g:image_link><g:condition>new</g:condition><g:availability>in stock</g:availability><g:price>50 USD</g:price><g:brand>KGE Technologies Pvt Ltd</g:brand></item>
<item><g:identifier_exists>no</g:identifier_exists><g:id>47G</g:id><g:title>RealTime ERP Internship</g:title><g:description>RealTime ERP Internship To Learn and Gain Practical Experience and Opportunity</g:description><g:link>https://www.kgetechnologies.com/RealTime-ERP-internship-in-kge-technologies</g:link> <g:image_link>https://blogger.googleusercontent.com/img/b/R29vZ2xl/AVvXsEh-1ljZdt58B4r_adFJPwZy3pQG6B97-nMC6IayRq3e7f7eo10PE7Dg_HTtShnzS5P42zS8O6rYFGyXOWYTnGd0H_0XleRL6l8rOY9ZGXo-y8a5vPkZXNOGSlgof5Z34knQUAKHQApNY00/s640/KGE+Internship.jpg</g:image_link><g:condition>new</g:condition><g:availability>in stock</g:availability><g:price>50 USD</g:price><g:brand>KGE Technologies Pvt Ltd</g:brand></item>
<item><g:identifier_exists>no</g:identifier_exists><g:id>48G</g:id><g:title>CRM Internship</g:title><g:description>CRM Internship To Learn and Gain Practical Experience and Opportunity</g:description><g:link>https://www.kgetechnologies.com/CRM-internship-in-kge-technologies</g:link> <g:image_link>https://blogger.googleusercontent.com/img/b/R29vZ2xl/AVvXsEh-1ljZdt58B4r_adFJPwZy3pQG6B97-nMC6IayRq3e7f7eo10PE7Dg_HTtShnzS5P42zS8O6rYFGyXOWYTnGd0H_0XleRL6l8rOY9ZGXo-y8a5vPkZXNOGSlgof5Z34knQUAKHQApNY00/s640/KGE+Internship.jpg</g:image_link><g:condition>new</g:condition><g:availability>in stock</g:availability><g:price>50 USD</g:price><g:brand>KGE Technologies Pvt Ltd</g:brand></item>
<item><g:identifier_exists>no</g:identifier_exists><g:id>49G</g:id><g:title>RealTime CRM Internship</g:title><g:description>RealTime CRM Internship To Learn and Gain Practical Experience and Opportunity</g:description><g:link>https://www.kgetechnologies.com/RealTime-CRM-internship-in-kge-technologies</g:link> <g:image_link>https://blogger.googleusercontent.com/img/b/R29vZ2xl/AVvXsEh-1ljZdt58B4r_adFJPwZy3pQG6B97-nMC6IayRq3e7f7eo10PE7Dg_HTtShnzS5P42zS8O6rYFGyXOWYTnGd0H_0XleRL6l8rOY9ZGXo-y8a5vPkZXNOGSlgof5Z34knQUAKHQApNY00/s640/KGE+Internship.jpg</g:image_link><g:condition>new</g:condition><g:availability>in stock</g:availability><g:price>50 USD</g:price><g:brand>KGE Technologies Pvt Ltd</g:brand></item>
<item><g:identifier_exists>no</g:identifier_exists><g:id>50G</g:id><g:title>Manual Testing Internship</g:title><g:description>Manual Testing Internship To Learn and Gain Practical Experience and Opportunity</g:description><g:link>https://www.kgetechnologies.com/Manual-Testing-internship-in-kge-technologies</g:link> <g:image_link>https://blogger.googleusercontent.com/img/b/R29vZ2xl/AVvXsEh-1ljZdt58B4r_adFJPwZy3pQG6B97-nMC6IayRq3e7f7eo10PE7Dg_HTtShnzS5P42zS8O6rYFGyXOWYTnGd0H_0XleRL6l8rOY9ZGXo-y8a5vPkZXNOGSlgof5Z34knQUAKHQApNY00/s640/KGE+Internship.jpg</g:image_link><g:condition>new</g:condition><g:availability>in stock</g:availability><g:price>50 USD</g:price><g:brand>KGE Technologies Pvt Ltd</g:brand></item>
<item><g:identifier_exists>no</g:identifier_exists><g:id>51G</g:id><g:title>RealTime Manual Testing Internship</g:title><g:description>RealTime Manual Testing Internship To Learn and Gain Practical Experience and Opportunity</g:description><g:link>https://www.kgetechnologies.com/RealTime-Manual-Testing-internship-in-kge-technologies</g:link> <g:image_link>https://blogger.googleusercontent.com/img/b/R29vZ2xl/AVvXsEh-1ljZdt58B4r_adFJPwZy3pQG6B97-nMC6IayRq3e7f7eo10PE7Dg_HTtShnzS5P42zS8O6rYFGyXOWYTnGd0H_0XleRL6l8rOY9ZGXo-y8a5vPkZXNOGSlgof5Z34knQUAKHQApNY00/s640/KGE+Internship.jpg</g:image_link><g:condition>new</g:condition><g:availability>in stock</g:availability><g:price>50 USD</g:price><g:brand>KGE Technologies Pvt Ltd</g:brand></item>
<item><g:identifier_exists>no</g:identifier_exists><g:id>52G</g:id><g:title>Automation Testing Internship</g:title><g:description>Automation Testing Internship To Learn and Gain Practical Experience and Opportunity</g:description><g:link>https://www.kgetechnologies.com/Automation-Testing-internship-in-kge-technologies</g:link> <g:image_link>https://blogger.googleusercontent.com/img/b/R29vZ2xl/AVvXsEh-1ljZdt58B4r_adFJPwZy3pQG6B97-nMC6IayRq3e7f7eo10PE7Dg_HTtShnzS5P42zS8O6rYFGyXOWYTnGd0H_0XleRL6l8rOY9ZGXo-y8a5vPkZXNOGSlgof5Z34knQUAKHQApNY00/s640/KGE+Internship.jpg</g:image_link><g:condition>new</g:condition><g:availability>in stock</g:availability><g:price>50 USD</g:price><g:brand>KGE Technologies Pvt Ltd</g:brand></item>
<item><g:identifier_exists>no</g:identifier_exists><g:id>53G</g:id><g:title>RealTime Automation Testing Internship</g:title><g:description>RealTime Automation Testing Internship To Learn and Gain Practical Experience and Opportunity</g:description><g:link>https://www.kgetechnologies.com/RealTime-Automation-Testing-internship-in-kge-technologies</g:link> <g:image_link>https://blogger.googleusercontent.com/img/b/R29vZ2xl/AVvXsEh-1ljZdt58B4r_adFJPwZy3pQG6B97-nMC6IayRq3e7f7eo10PE7Dg_HTtShnzS5P42zS8O6rYFGyXOWYTnGd0H_0XleRL6l8rOY9ZGXo-y8a5vPkZXNOGSlgof5Z34knQUAKHQApNY00/s640/KGE+Internship.jpg</g:image_link><g:condition>new</g:condition><g:availability>in stock</g:availability><g:price>50 USD</g:price><g:brand>KGE Technologies Pvt Ltd</g:brand></item>
<item><g:identifier_exists>no</g:identifier_exists><g:id>54G</g:id><g:title>Hr Internship</g:title><g:description>Hr Internship To Learn and Gain Practical Experience and Opportunity</g:description><g:link>https://www.kgetechnologies.com/Hr-internship-in-kge-technologies</g:link> <g:image_link>https://blogger.googleusercontent.com/img/b/R29vZ2xl/AVvXsEh-1ljZdt58B4r_adFJPwZy3pQG6B97-nMC6IayRq3e7f7eo10PE7Dg_HTtShnzS5P42zS8O6rYFGyXOWYTnGd0H_0XleRL6l8rOY9ZGXo-y8a5vPkZXNOGSlgof5Z34knQUAKHQApNY00/s640/KGE+Internship.jpg</g:image_link><g:condition>new</g:condition><g:availability>in stock</g:availability><g:price>50 USD</g:price><g:brand>KGE Technologies Pvt Ltd</g:brand></item>
<item><g:identifier_exists>no</g:identifier_exists><g:id>55G</g:id><g:title>RealTime Hr Internship</g:title><g:description>RealTime Hr Internship To Learn and Gain Practical Experience and Opportunity</g:description><g:link>https://www.kgetechnologies.com/RealTime-Hr-internship-in-kge-technologies</g:link> <g:image_link>https://blogger.googleusercontent.com/img/b/R29vZ2xl/AVvXsEh-1ljZdt58B4r_adFJPwZy3pQG6B97-nMC6IayRq3e7f7eo10PE7Dg_HTtShnzS5P42zS8O6rYFGyXOWYTnGd0H_0XleRL6l8rOY9ZGXo-y8a5vPkZXNOGSlgof5Z34knQUAKHQApNY00/s640/KGE+Internship.jpg</g:image_link><g:condition>new</g:condition><g:availability>in stock</g:availability><g:price>50 USD</g:price><g:brand>KGE Technologies Pvt Ltd</g:brand></item>
<item><g:identifier_exists>no</g:identifier_exists><g:id>56G</g:id><g:title>Marketing Internship</g:title><g:description>Marketing Internship To Learn and Gain Practical Experience and Opportunity</g:description><g:link>https://www.kgetechnologies.com/Marketing-internship-in-kge-technologies</g:link> <g:image_link>https://blogger.googleusercontent.com/img/b/R29vZ2xl/AVvXsEh-1ljZdt58B4r_adFJPwZy3pQG6B97-nMC6IayRq3e7f7eo10PE7Dg_HTtShnzS5P42zS8O6rYFGyXOWYTnGd0H_0XleRL6l8rOY9ZGXo-y8a5vPkZXNOGSlgof5Z34knQUAKHQApNY00/s640/KGE+Internship.jpg</g:image_link><g:condition>new</g:condition><g:availability>in stock</g:availability><g:price>50 USD</g:price><g:brand>KGE Technologies Pvt Ltd</g:brand></item>
<item><g:identifier_exists>no</g:identifier_exists><g:id>57G</g:id><g:title>RealTime Marketing Internship</g:title><g:description>RealTime Marketing Internship To Learn and Gain Practical Experience and Opportunity</g:description><g:link>https://www.kgetechnologies.com/RealTime-Marketing-internship-in-kge-technologies</g:link> <g:image_link>https://blogger.googleusercontent.com/img/b/R29vZ2xl/AVvXsEh-1ljZdt58B4r_adFJPwZy3pQG6B97-nMC6IayRq3e7f7eo10PE7Dg_HTtShnzS5P42zS8O6rYFGyXOWYTnGd0H_0XleRL6l8rOY9ZGXo-y8a5vPkZXNOGSlgof5Z34knQUAKHQApNY00/s640/KGE+Internship.jpg</g:image_link><g:condition>new</g:condition><g:availability>in stock</g:availability><g:price>50 USD</g:price><g:brand>KGE Technologies Pvt Ltd</g:brand></item>
<item><g:identifier_exists>no</g:identifier_exists><g:id>58G</g:id><g:title>Finance Internship</g:title><g:description>Finance Internship To Learn and Gain Practical Experience and Opportunity</g:description><g:link>https://www.kgetechnologies.com/Finance-internship-in-kge-technologies</g:link> <g:image_link>https://blogger.googleusercontent.com/img/b/R29vZ2xl/AVvXsEh-1ljZdt58B4r_adFJPwZy3pQG6B97-nMC6IayRq3e7f7eo10PE7Dg_HTtShnzS5P42zS8O6rYFGyXOWYTnGd0H_0XleRL6l8rOY9ZGXo-y8a5vPkZXNOGSlgof5Z34knQUAKHQApNY00/s640/KGE+Internship.jpg</g:image_link><g:condition>new</g:condition><g:availability>in stock</g:availability><g:price>50 USD</g:price><g:brand>KGE Technologies Pvt Ltd</g:brand></item>
<item><g:identifier_exists>no</g:identifier_exists><g:id>59G</g:id><g:title>RealTime Finance Internship</g:title><g:description>RealTime Finance Internship To Learn and Gain Practical Experience and Opportunity</g:description><g:link>https://www.kgetechnologies.com/RealTime-Finance-internship-in-kge-technologies</g:link> <g:image_link>https://blogger.googleusercontent.com/img/b/R29vZ2xl/AVvXsEh-1ljZdt58B4r_adFJPwZy3pQG6B97-nMC6IayRq3e7f7eo10PE7Dg_HTtShnzS5P42zS8O6rYFGyXOWYTnGd0H_0XleRL6l8rOY9ZGXo-y8a5vPkZXNOGSlgof5Z34knQUAKHQApNY00/s640/KGE+Internship.jpg</g:image_link><g:condition>new</g:condition><g:availability>in stock</g:availability><g:price>50 USD</g:price><g:brand>KGE Technologies Pvt Ltd</g:brand></item>
<item><g:identifier_exists>no</g:identifier_exists><g:id>60G</g:id><g:title>Business Development Internship</g:title><g:description>Business Development Internship To Learn and Gain Practical Experience and Opportunity</g:description><g:link>https://www.kgetechnologies.com/Business-Development-internship-in-kge-technologies</g:link> <g:image_link>https://blogger.googleusercontent.com/img/b/R29vZ2xl/AVvXsEh-1ljZdt58B4r_adFJPwZy3pQG6B97-nMC6IayRq3e7f7eo10PE7Dg_HTtShnzS5P42zS8O6rYFGyXOWYTnGd0H_0XleRL6l8rOY9ZGXo-y8a5vPkZXNOGSlgof5Z34knQUAKHQApNY00/s640/KGE+Internship.jpg</g:image_link><g:condition>new</g:condition><g:availability>in stock</g:availability><g:price>50 USD</g:price><g:brand>KGE Technologies Pvt Ltd</g:brand></item>
<item><g:identifier_exists>no</g:identifier_exists><g:id>61G</g:id><g:title>RealTime Business Development Internship</g:title><g:description>RealTime Business Development Internship To Learn and Gain Practical Experience and Opportunity</g:description><g:link>https://www.kgetechnologies.com/RealTime-Business-Development-internship-in-kge-technologies</g:link> <g:image_link>https://blogger.googleusercontent.com/img/b/R29vZ2xl/AVvXsEh-1ljZdt58B4r_adFJPwZy3pQG6B97-nMC6IayRq3e7f7eo10PE7Dg_HTtShnzS5P42zS8O6rYFGyXOWYTnGd0H_0XleRL6l8rOY9ZGXo-y8a5vPkZXNOGSlgof5Z34knQUAKHQApNY00/s640/KGE+Internship.jpg</g:image_link><g:condition>new</g:condition><g:availability>in stock</g:availability><g:price>50 USD</g:price><g:brand>KGE Technologies Pvt Ltd</g:brand></item>
<item><g:identifier_exists>no</g:identifier_exists><g:id>62G</g:id><g:title>Legal Internship</g:title><g:description>Legal Internship To Learn and Gain Practical Experience and Opportunity</g:description><g:link>https://www.kgetechnologies.com/Legal-internship-in-kge-technologies</g:link> <g:image_link>https://blogger.googleusercontent.com/img/b/R29vZ2xl/AVvXsEh-1ljZdt58B4r_adFJPwZy3pQG6B97-nMC6IayRq3e7f7eo10PE7Dg_HTtShnzS5P42zS8O6rYFGyXOWYTnGd0H_0XleRL6l8rOY9ZGXo-y8a5vPkZXNOGSlgof5Z34knQUAKHQApNY00/s640/KGE+Internship.jpg</g:image_link><g:condition>new</g:condition><g:availability>in stock</g:availability><g:price>50 USD</g:price><g:brand>KGE Technologies Pvt Ltd</g:brand></item>
<item><g:identifier_exists>no</g:identifier_exists><g:id>63G</g:id><g:title>RealTime Legal Internship</g:title><g:description>RealTime Legal Internship To Learn and Gain Practical Experience and Opportunity</g:description><g:link>https://www.kgetechnologies.com/RealTime-Legal-internship-in-kge-technologies</g:link> <g:image_link>https://blogger.googleusercontent.com/img/b/R29vZ2xl/AVvXsEh-1ljZdt58B4r_adFJPwZy3pQG6B97-nMC6IayRq3e7f7eo10PE7Dg_HTtShnzS5P42zS8O6rYFGyXOWYTnGd0H_0XleRL6l8rOY9ZGXo-y8a5vPkZXNOGSlgof5Z34knQUAKHQApNY00/s640/KGE+Internship.jpg</g:image_link><g:condition>new</g:condition><g:availability>in stock</g:availability><g:price>50 USD</g:price><g:brand>KGE Technologies Pvt Ltd</g:brand></item>
<item><g:identifier_exists>no</g:identifier_exists><g:id>64G</g:id><g:title>Project Management Internship</g:title><g:description>Project Management Internship To Learn and Gain Practical Experience and Opportunity</g:description><g:link>https://www.kgetechnologies.com/Project-Management-internship-in-kge-technologies</g:link> <g:image_link>https://blogger.googleusercontent.com/img/b/R29vZ2xl/AVvXsEh-1ljZdt58B4r_adFJPwZy3pQG6B97-nMC6IayRq3e7f7eo10PE7Dg_HTtShnzS5P42zS8O6rYFGyXOWYTnGd0H_0XleRL6l8rOY9ZGXo-y8a5vPkZXNOGSlgof5Z34knQUAKHQApNY00/s640/KGE+Internship.jpg</g:image_link><g:condition>new</g:condition><g:availability>in stock</g:availability><g:price>50 USD</g:price><g:brand>KGE Technologies Pvt Ltd</g:brand></item>
<item><g:identifier_exists>no</g:identifier_exists><g:id>65G</g:id><g:title>RealTime Project Management Internship</g:title><g:description>RealTime Project Management Internship To Learn and Gain Practical Experience and Opportunity</g:description><g:link>https://www.kgetechnologies.com/RealTime-Project-Management-internship-in-kge-technologies</g:link> <g:image_link>https://blogger.googleusercontent.com/img/b/R29vZ2xl/AVvXsEh-1ljZdt58B4r_adFJPwZy3pQG6B97-nMC6IayRq3e7f7eo10PE7Dg_HTtShnzS5P42zS8O6rYFGyXOWYTnGd0H_0XleRL6l8rOY9ZGXo-y8a5vPkZXNOGSlgof5Z34knQUAKHQApNY00/s640/KGE+Internship.jpg</g:image_link><g:condition>new</g:condition><g:availability>in stock</g:availability><g:price>50 USD</g:price><g:brand>KGE Technologies Pvt Ltd</g:brand></item>
<item><g:identifier_exists>no</g:identifier_exists><g:id>66G</g:id><g:title>Law Internship</g:title><g:description>Law Internship To Learn and Gain Practical Experience and Opportunity</g:description><g:link>https://www.kgetechnologies.com/Law-internship-in-kge-technologies</g:link> <g:image_link>https://blogger.googleusercontent.com/img/b/R29vZ2xl/AVvXsEh-1ljZdt58B4r_adFJPwZy3pQG6B97-nMC6IayRq3e7f7eo10PE7Dg_HTtShnzS5P42zS8O6rYFGyXOWYTnGd0H_0XleRL6l8rOY9ZGXo-y8a5vPkZXNOGSlgof5Z34knQUAKHQApNY00/s640/KGE+Internship.jpg</g:image_link><g:condition>new</g:condition><g:availability>in stock</g:availability><g:price>50 USD</g:price><g:brand>KGE Technologies Pvt Ltd</g:brand></item>
<item><g:identifier_exists>no</g:identifier_exists><g:id>67G</g:id><g:title>RealTime Law Internship</g:title><g:description>RealTime Law Internship To Learn and Gain Practical Experience and Opportunity</g:description><g:link>https://www.kgetechnologies.com/RealTime-Law-internship-in-kge-technologies</g:link> <g:image_link>https://blogger.googleusercontent.com/img/b/R29vZ2xl/AVvXsEh-1ljZdt58B4r_adFJPwZy3pQG6B97-nMC6IayRq3e7f7eo10PE7Dg_HTtShnzS5P42zS8O6rYFGyXOWYTnGd0H_0XleRL6l8rOY9ZGXo-y8a5vPkZXNOGSlgof5Z34knQUAKHQApNY00/s640/KGE+Internship.jpg</g:image_link><g:condition>new</g:condition><g:availability>in stock</g:availability><g:price>50 USD</g:price><g:brand>KGE Technologies Pvt Ltd</g:brand></item>
<item><g:identifier_exists>no</g:identifier_exists><g:id>68G</g:id><g:title>Graphics Designer Internship</g:title><g:description>Graphics Designer Internship To Learn and Gain Practical Experience and Opportunity</g:description><g:link>https://www.kgetechnologies.com/Graphics-Designer-internship-in-kge-technologies</g:link> <g:image_link>https://blogger.googleusercontent.com/img/b/R29vZ2xl/AVvXsEh-1ljZdt58B4r_adFJPwZy3pQG6B97-nMC6IayRq3e7f7eo10PE7Dg_HTtShnzS5P42zS8O6rYFGyXOWYTnGd0H_0XleRL6l8rOY9ZGXo-y8a5vPkZXNOGSlgof5Z34knQUAKHQApNY00/s640/KGE+Internship.jpg</g:image_link><g:condition>new</g:condition><g:availability>in stock</g:availability><g:price>50 USD</g:price><g:brand>KGE Technologies Pvt Ltd</g:brand></item>
<item><g:identifier_exists>no</g:identifier_exists><g:id>69G</g:id><g:title>RealTime Graphics Designer Internship</g:title><g:description>RealTime Graphics Designer Internship To Learn and Gain Practical Experience and Opportunity</g:description><g:link>https://www.kgetechnologies.com/RealTime-Graphics-Designer-internship-in-kge-technologies</g:link> <g:image_link>https://blogger.googleusercontent.com/img/b/R29vZ2xl/AVvXsEh-1ljZdt58B4r_adFJPwZy3pQG6B97-nMC6IayRq3e7f7eo10PE7Dg_HTtShnzS5P42zS8O6rYFGyXOWYTnGd0H_0XleRL6l8rOY9ZGXo-y8a5vPkZXNOGSlgof5Z34knQUAKHQApNY00/s640/KGE+Internship.jpg</g:image_link><g:condition>new</g:condition><g:availability>in stock</g:availability><g:price>50 USD</g:price><g:brand>KGE Technologies Pvt Ltd</g:brand></item>
<item><g:identifier_exists>no</g:identifier_exists><g:id>70G</g:id><g:title>Digital Marketing Internship</g:title><g:description>Digital Marketing Internship To Learn and Gain Practical Experience and Opportunity</g:description><g:link>https://www.kgetechnologies.com/Digital-Marketing-internship-in-kge-technologies</g:link> <g:image_link>https://blogger.googleusercontent.com/img/b/R29vZ2xl/AVvXsEh-1ljZdt58B4r_adFJPwZy3pQG6B97-nMC6IayRq3e7f7eo10PE7Dg_HTtShnzS5P42zS8O6rYFGyXOWYTnGd0H_0XleRL6l8rOY9ZGXo-y8a5vPkZXNOGSlgof5Z34knQUAKHQApNY00/s640/KGE+Internship.jpg</g:image_link><g:condition>new</g:condition><g:availability>in stock</g:availability><g:price>50 USD</g:price><g:brand>KGE Technologies Pvt Ltd</g:brand></item>
<item><g:identifier_exists>no</g:identifier_exists><g:id>71G</g:id><g:title>RealTime Digital Marketing Internship</g:title><g:description>RealTime Digital Marketing Internship To Learn and Gain Practical Experience and Opportunity</g:description><g:link>https://www.kgetechnologies.com/RealTime-Digital-Marketing-internship-in-kge-technologies</g:link> <g:image_link>https://blogger.googleusercontent.com/img/b/R29vZ2xl/AVvXsEh-1ljZdt58B4r_adFJPwZy3pQG6B97-nMC6IayRq3e7f7eo10PE7Dg_HTtShnzS5P42zS8O6rYFGyXOWYTnGd0H_0XleRL6l8rOY9ZGXo-y8a5vPkZXNOGSlgof5Z34knQUAKHQApNY00/s640/KGE+Internship.jpg</g:image_link><g:condition>new</g:condition><g:availability>in stock</g:availability><g:price>50 USD</g:price><g:brand>KGE Technologies Pvt Ltd</g:brand></item>
<item><g:identifier_exists>no</g:identifier_exists><g:id>72G</g:id><g:title>SEO Internship</g:title><g:description>SEO Internship To Learn and Gain Practical Experience and Opportunity</g:description><g:link>https://www.kgetechnologies.com/SEO-internship-in-kge-technologies</g:link> <g:image_link>https://blogger.googleusercontent.com/img/b/R29vZ2xl/AVvXsEh-1ljZdt58B4r_adFJPwZy3pQG6B97-nMC6IayRq3e7f7eo10PE7Dg_HTtShnzS5P42zS8O6rYFGyXOWYTnGd0H_0XleRL6l8rOY9ZGXo-y8a5vPkZXNOGSlgof5Z34knQUAKHQApNY00/s640/KGE+Internship.jpg</g:image_link><g:condition>new</g:condition><g:availability>in stock</g:availability><g:price>50 USD</g:price><g:brand>KGE Technologies Pvt Ltd</g:brand></item>
<item><g:identifier_exists>no</g:identifier_exists><g:id>73G</g:id><g:title>RealTime SEO Internship</g:title><g:description>RealTime SEO Internship To Learn and Gain Practical Experience and Opportunity</g:description><g:link>https://www.kgetechnologies.com/RealTime-SEO-internship-in-kge-technologies</g:link> <g:image_link>https://blogger.googleusercontent.com/img/b/R29vZ2xl/AVvXsEh-1ljZdt58B4r_adFJPwZy3pQG6B97-nMC6IayRq3e7f7eo10PE7Dg_HTtShnzS5P42zS8O6rYFGyXOWYTnGd0H_0XleRL6l8rOY9ZGXo-y8a5vPkZXNOGSlgof5Z34knQUAKHQApNY00/s640/KGE+Internship.jpg</g:image_link><g:condition>new</g:condition><g:availability>in stock</g:availability><g:price>50 USD</g:price><g:brand>KGE Technologies Pvt Ltd</g:brand></item>
<item><g:identifier_exists>no</g:identifier_exists><g:id>74G</g:id><g:title>Software Developer Internship</g:title><g:description>Software Developer Internship To Learn and Gain Practical Experience and Opportunity</g:description><g:link>https://www.kgetechnologies.com/Software-Developer-internship-in-kge-technologies</g:link> <g:image_link>https://blogger.googleusercontent.com/img/b/R29vZ2xl/AVvXsEh-1ljZdt58B4r_adFJPwZy3pQG6B97-nMC6IayRq3e7f7eo10PE7Dg_HTtShnzS5P42zS8O6rYFGyXOWYTnGd0H_0XleRL6l8rOY9ZGXo-y8a5vPkZXNOGSlgof5Z34knQUAKHQApNY00/s640/KGE+Internship.jpg</g:image_link><g:condition>new</g:condition><g:availability>in stock</g:availability><g:price>50 USD</g:price><g:brand>KGE Technologies Pvt Ltd</g:brand></item>
<item><g:identifier_exists>no</g:identifier_exists><g:id>75G</g:id><g:title>RealTime Software Developer Internship</g:title><g:description>RealTime Software Developer Internship To Learn and Gain Practical Experience and Opportunity</g:description><g:link>https://www.kgetechnologies.com/RealTime-Software-Developer-internship-in-kge-technologies</g:link> <g:image_link>https://blogger.googleusercontent.com/img/b/R29vZ2xl/AVvXsEh-1ljZdt58B4r_adFJPwZy3pQG6B97-nMC6IayRq3e7f7eo10PE7Dg_HTtShnzS5P42zS8O6rYFGyXOWYTnGd0H_0XleRL6l8rOY9ZGXo-y8a5vPkZXNOGSlgof5Z34knQUAKHQApNY00/s640/KGE+Internship.jpg</g:image_link><g:condition>new</g:condition><g:availability>in stock</g:availability><g:price>50 USD</g:price><g:brand>KGE Technologies Pvt Ltd</g:brand></item>
<item><g:identifier_exists>no</g:identifier_exists><g:id>76G</g:id><g:title>Testing Internship</g:title><g:description>Testing Internship To Learn and Gain Practical Experience and Opportunity</g:description><g:link>https://www.kgetechnologies.com/Testing-internship-in-kge-technologies</g:link> <g:image_link>https://blogger.googleusercontent.com/img/b/R29vZ2xl/AVvXsEh-1ljZdt58B4r_adFJPwZy3pQG6B97-nMC6IayRq3e7f7eo10PE7Dg_HTtShnzS5P42zS8O6rYFGyXOWYTnGd0H_0XleRL6l8rOY9ZGXo-y8a5vPkZXNOGSlgof5Z34knQUAKHQApNY00/s640/KGE+Internship.jpg</g:image_link><g:condition>new</g:condition><g:availability>in stock</g:availability><g:price>50 USD</g:price><g:brand>KGE Technologies Pvt Ltd</g:brand></item>
<item><g:identifier_exists>no</g:identifier_exists><g:id>77G</g:id><g:title>RealTime Testing Internship</g:title><g:description>RealTime Testing Internship To Learn and Gain Practical Experience and Opportunity</g:description><g:link>https://www.kgetechnologies.com/RealTime-Testing-internship-in-kge-technologies</g:link> <g:image_link>https://blogger.googleusercontent.com/img/b/R29vZ2xl/AVvXsEh-1ljZdt58B4r_adFJPwZy3pQG6B97-nMC6IayRq3e7f7eo10PE7Dg_HTtShnzS5P42zS8O6rYFGyXOWYTnGd0H_0XleRL6l8rOY9ZGXo-y8a5vPkZXNOGSlgof5Z34knQUAKHQApNY00/s640/KGE+Internship.jpg</g:image_link><g:condition>new</g:condition><g:availability>in stock</g:availability><g:price>50 USD</g:price><g:brand>KGE Technologies Pvt Ltd</g:brand></item>
<item><g:identifier_exists>no</g:identifier_exists><g:id>78G</g:id><g:title>DotNet MVC Internship</g:title><g:description>DotNet MVC Internship To Learn and Gain Practical Experience and Opportunity</g:description><g:link>https://www.kgetechnologies.com/DotNet-MVC-internship-in-kge-technologies</g:link> <g:image_link>https://blogger.googleusercontent.com/img/b/R29vZ2xl/AVvXsEh-1ljZdt58B4r_adFJPwZy3pQG6B97-nMC6IayRq3e7f7eo10PE7Dg_HTtShnzS5P42zS8O6rYFGyXOWYTnGd0H_0XleRL6l8rOY9ZGXo-y8a5vPkZXNOGSlgof5Z34knQUAKHQApNY00/s640/KGE+Internship.jpg</g:image_link><g:condition>new</g:condition><g:availability>in stock</g:availability><g:price>50 USD</g:price><g:brand>KGE Technologies Pvt Ltd</g:brand></item>
<item><g:identifier_exists>no</g:identifier_exists><g:id>79G</g:id><g:title>RealTime DotNet MVC Internship</g:title><g:description>RealTime DotNet MVC Internship To Learn and Gain Practical Experience and Opportunity</g:description><g:link>https://www.kgetechnologies.com/RealTime-DotNet-MVC-internship-in-kge-technologies</g:link> <g:image_link>https://blogger.googleusercontent.com/img/b/R29vZ2xl/AVvXsEh-1ljZdt58B4r_adFJPwZy3pQG6B97-nMC6IayRq3e7f7eo10PE7Dg_HTtShnzS5P42zS8O6rYFGyXOWYTnGd0H_0XleRL6l8rOY9ZGXo-y8a5vPkZXNOGSlgof5Z34knQUAKHQApNY00/s640/KGE+Internship.jpg</g:image_link><g:condition>new</g:condition><g:availability>in stock</g:availability><g:price>50 USD</g:price><g:brand>KGE Technologies Pvt Ltd</g:brand></item>
<item><g:identifier_exists>no</g:identifier_exists><g:id>80G</g:id><g:title>IOT Internship</g:title><g:description>IOT Internship To Learn and Gain Practical Experience and Opportunity</g:description><g:link>https://www.kgetechnologies.com/IOT-internship-in-kge-technologies</g:link> <g:image_link>https://blogger.googleusercontent.com/img/b/R29vZ2xl/AVvXsEh-1ljZdt58B4r_adFJPwZy3pQG6B97-nMC6IayRq3e7f7eo10PE7Dg_HTtShnzS5P42zS8O6rYFGyXOWYTnGd0H_0XleRL6l8rOY9ZGXo-y8a5vPkZXNOGSlgof5Z34knQUAKHQApNY00/s640/KGE+Internship.jpg</g:image_link><g:condition>new</g:condition><g:availability>in stock</g:availability><g:price>50 USD</g:price><g:brand>KGE Technologies Pvt Ltd</g:brand></item>
<item><g:identifier_exists>no</g:identifier_exists><g:id>81G</g:id><g:title>RealTime IOT Internship</g:title><g:description>RealTime IOT Internship To Learn and Gain Practical Experience and Opportunity</g:description><g:link>https://www.kgetechnologies.com/RealTime-IOT-internship-in-kge-technologies</g:link> <g:image_link>https://blogger.googleusercontent.com/img/b/R29vZ2xl/AVvXsEh-1ljZdt58B4r_adFJPwZy3pQG6B97-nMC6IayRq3e7f7eo10PE7Dg_HTtShnzS5P42zS8O6rYFGyXOWYTnGd0H_0XleRL6l8rOY9ZGXo-y8a5vPkZXNOGSlgof5Z34knQUAKHQApNY00/s640/KGE+Internship.jpg</g:image_link><g:condition>new</g:condition><g:availability>in stock</g:availability><g:price>50 USD</g:price><g:brand>KGE Technologies Pvt Ltd</g:brand></item>
<item><g:identifier_exists>no</g:identifier_exists><g:id>82G</g:id><g:title>AI Internship</g:title><g:description>AI Internship To Learn and Gain Practical Experience and Opportunity</g:description><g:link>https://www.kgetechnologies.com/AI-internship-in-kge-technologies</g:link> <g:image_link>https://blogger.googleusercontent.com/img/b/R29vZ2xl/AVvXsEh-1ljZdt58B4r_adFJPwZy3pQG6B97-nMC6IayRq3e7f7eo10PE7Dg_HTtShnzS5P42zS8O6rYFGyXOWYTnGd0H_0XleRL6l8rOY9ZGXo-y8a5vPkZXNOGSlgof5Z34knQUAKHQApNY00/s640/KGE+Internship.jpg</g:image_link><g:condition>new</g:condition><g:availability>in stock</g:availability><g:price>50 USD</g:price><g:brand>KGE Technologies Pvt Ltd</g:brand></item>
<item><g:identifier_exists>no</g:identifier_exists><g:id>83G</g:id><g:title>RealTime AI Internship</g:title><g:description>RealTime AI Internship To Learn and Gain Practical Experience and Opportunity</g:description><g:link>https://www.kgetechnologies.com/RealTime-AI-internship-in-kge-technologies</g:link> <g:image_link>https://blogger.googleusercontent.com/img/b/R29vZ2xl/AVvXsEh-1ljZdt58B4r_adFJPwZy3pQG6B97-nMC6IayRq3e7f7eo10PE7Dg_HTtShnzS5P42zS8O6rYFGyXOWYTnGd0H_0XleRL6l8rOY9ZGXo-y8a5vPkZXNOGSlgof5Z34knQUAKHQApNY00/s640/KGE+Internship.jpg</g:image_link><g:condition>new</g:condition><g:availability>in stock</g:availability><g:price>50 USD</g:price><g:brand>KGE Technologies Pvt Ltd</g:brand></item>
<item><g:identifier_exists>no</g:identifier_exists><g:id>84G</g:id><g:title>Cloud Internship</g:title><g:description>Cloud Internship To Learn and Gain Practical Experience and Opportunity</g:description><g:link>https://www.kgetechnologies.com/Cloud-internship-in-kge-technologies</g:link> <g:image_link>https://blogger.googleusercontent.com/img/b/R29vZ2xl/AVvXsEh-1ljZdt58B4r_adFJPwZy3pQG6B97-nMC6IayRq3e7f7eo10PE7Dg_HTtShnzS5P42zS8O6rYFGyXOWYTnGd0H_0XleRL6l8rOY9ZGXo-y8a5vPkZXNOGSlgof5Z34knQUAKHQApNY00/s640/KGE+Internship.jpg</g:image_link><g:condition>new</g:condition><g:availability>in stock</g:availability><g:price>50 USD</g:price><g:brand>KGE Technologies Pvt Ltd</g:brand></item>
<item><g:identifier_exists>no</g:identifier_exists><g:id>85G</g:id><g:title>RealTime Cloud Internship</g:title><g:description>RealTime Cloud Internship To Learn and Gain Practical Experience and Opportunity</g:description><g:link>https://www.kgetechnologies.com/RealTime-Cloud-internship-in-kge-technologies</g:link> <g:image_link>https://blogger.googleusercontent.com/img/b/R29vZ2xl/AVvXsEh-1ljZdt58B4r_adFJPwZy3pQG6B97-nMC6IayRq3e7f7eo10PE7Dg_HTtShnzS5P42zS8O6rYFGyXOWYTnGd0H_0XleRL6l8rOY9ZGXo-y8a5vPkZXNOGSlgof5Z34knQUAKHQApNY00/s640/KGE+Internship.jpg</g:image_link><g:condition>new</g:condition><g:availability>in stock</g:availability><g:price>50 USD</g:price><g:brand>KGE Technologies Pvt Ltd</g:brand></item>
<item><g:identifier_exists>no</g:identifier_exists><g:id>86G</g:id><g:title>SAP Internship</g:title><g:description>SAP Internship To Learn and Gain Practical Experience and Opportunity</g:description><g:link>https://www.kgetechnologies.com/SAP-internship-in-kge-technologies</g:link> <g:image_link>https://blogger.googleusercontent.com/img/b/R29vZ2xl/AVvXsEh-1ljZdt58B4r_adFJPwZy3pQG6B97-nMC6IayRq3e7f7eo10PE7Dg_HTtShnzS5P42zS8O6rYFGyXOWYTnGd0H_0XleRL6l8rOY9ZGXo-y8a5vPkZXNOGSlgof5Z34knQUAKHQApNY00/s640/KGE+Internship.jpg</g:image_link><g:condition>new</g:condition><g:availability>in stock</g:availability><g:price>50 USD</g:price><g:brand>KGE Technologies Pvt Ltd</g:brand></item>
<item><g:identifier_exists>no</g:identifier_exists><g:id>87G</g:id><g:title>RealTime SAP Internship</g:title><g:description>RealTime SAP Internship To Learn and Gain Practical Experience and Opportunity</g:description><g:link>https://www.kgetechnologies.com/RealTime-SAP-internship-in-kge-technologies</g:link> <g:image_link>https://blogger.googleusercontent.com/img/b/R29vZ2xl/AVvXsEh-1ljZdt58B4r_adFJPwZy3pQG6B97-nMC6IayRq3e7f7eo10PE7Dg_HTtShnzS5P42zS8O6rYFGyXOWYTnGd0H_0XleRL6l8rOY9ZGXo-y8a5vPkZXNOGSlgof5Z34knQUAKHQApNY00/s640/KGE+Internship.jpg</g:image_link><g:condition>new</g:condition><g:availability>in stock</g:availability><g:price>50 USD</g:price><g:brand>KGE Technologies Pvt Ltd</g:brand></item>
</channel>
</rss>