<?xml version="1.0"?>
<rss xmlns:g="http://base.google.com/ns/1.0" version="2.0">
<channel>
<title>Example - Google Store</title>
<link>https://store.google.com</link>
<description>This is an example of a basic RSS 2.0 document containing a single item</description>
<item><g:id>206104834T0</g:id><g:title>AWS Internship in Yirol</g:title><g:description>RealTime AWS Internship in Yirol To Learn and Gain Practical Experience and Opportunity</g:description><g:link>https://www.kgetechnologies.com//AWS-internship-in-Yirol</g:link> <g:image_link>https://blogger.googleusercontent.com/img/b/R29vZ2xl/AVvXsEh-1ljZdt58B4r_adFJPwZy3pQG6B97-nMC6IayRq3e7f7eo10PE7Dg_HTtShnzS5P42zS8O6rYFGyXOWYTnGd0H_0XleRL6l8rOY9ZGXo-y8a5vPkZXNOGSlgof5Z34knQUAKHQApNY00/s640/KGE+Internship.jpg</g:image_link><g:condition>new</g:condition><g:availability>in stock</g:availability><g:price>1500 INR</g:price><g:brand>KGE Technologies Pvt Ltd</g:brand></item>
<item><g:id>206104834T1</g:id><g:title>Azure Internship in Yirol</g:title><g:description>RealTime Azure Internship in Yirol To Learn and Gain Practical Experience and Opportunity</g:description><g:link>https://www.kgetechnologies.com//Azure-internship-in-Yirol</g:link> <g:image_link>https://blogger.googleusercontent.com/img/b/R29vZ2xl/AVvXsEh-1ljZdt58B4r_adFJPwZy3pQG6B97-nMC6IayRq3e7f7eo10PE7Dg_HTtShnzS5P42zS8O6rYFGyXOWYTnGd0H_0XleRL6l8rOY9ZGXo-y8a5vPkZXNOGSlgof5Z34knQUAKHQApNY00/s640/KGE+Internship.jpg</g:image_link><g:condition>new</g:condition><g:availability>in stock</g:availability><g:price>1500 INR</g:price><g:brand>KGE Technologies Pvt Ltd</g:brand></item>
<item><g:id>206104834T2</g:id><g:title>Google Internship in Yirol</g:title><g:description>RealTime Google Internship in Yirol To Learn and Gain Practical Experience and Opportunity</g:description><g:link>https://www.kgetechnologies.com//Google-internship-in-Yirol</g:link> <g:image_link>https://blogger.googleusercontent.com/img/b/R29vZ2xl/AVvXsEh-1ljZdt58B4r_adFJPwZy3pQG6B97-nMC6IayRq3e7f7eo10PE7Dg_HTtShnzS5P42zS8O6rYFGyXOWYTnGd0H_0XleRL6l8rOY9ZGXo-y8a5vPkZXNOGSlgof5Z34knQUAKHQApNY00/s640/KGE+Internship.jpg</g:image_link><g:condition>new</g:condition><g:availability>in stock</g:availability><g:price>1500 INR</g:price><g:brand>KGE Technologies Pvt Ltd</g:brand></item>
<item><g:id>206104834T3</g:id><g:title>Android Internship in Yirol</g:title><g:description>RealTime Android Internship in Yirol To Learn and Gain Practical Experience and Opportunity</g:description><g:link>https://www.kgetechnologies.com//Android-internship-in-Yirol</g:link> <g:image_link>https://blogger.googleusercontent.com/img/b/R29vZ2xl/AVvXsEh-1ljZdt58B4r_adFJPwZy3pQG6B97-nMC6IayRq3e7f7eo10PE7Dg_HTtShnzS5P42zS8O6rYFGyXOWYTnGd0H_0XleRL6l8rOY9ZGXo-y8a5vPkZXNOGSlgof5Z34knQUAKHQApNY00/s640/KGE+Internship.jpg</g:image_link><g:condition>new</g:condition><g:availability>in stock</g:availability><g:price>1500 INR</g:price><g:brand>KGE Technologies Pvt Ltd</g:brand></item>
<item><g:id>206104834T4</g:id><g:title>IOS Internship in Yirol</g:title><g:description>RealTime IOS Internship in Yirol To Learn and Gain Practical Experience and Opportunity</g:description><g:link>https://www.kgetechnologies.com//IOS-internship-in-Yirol</g:link> <g:image_link>https://blogger.googleusercontent.com/img/b/R29vZ2xl/AVvXsEh-1ljZdt58B4r_adFJPwZy3pQG6B97-nMC6IayRq3e7f7eo10PE7Dg_HTtShnzS5P42zS8O6rYFGyXOWYTnGd0H_0XleRL6l8rOY9ZGXo-y8a5vPkZXNOGSlgof5Z34knQUAKHQApNY00/s640/KGE+Internship.jpg</g:image_link><g:condition>new</g:condition><g:availability>in stock</g:availability><g:price>1500 INR</g:price><g:brand>KGE Technologies Pvt Ltd</g:brand></item>
<item><g:id>206104834T5</g:id><g:title>Flutter Internship in Yirol</g:title><g:description>RealTime Flutter Internship in Yirol To Learn and Gain Practical Experience and Opportunity</g:description><g:link>https://www.kgetechnologies.com//Flutter-internship-in-Yirol</g:link> <g:image_link>https://blogger.googleusercontent.com/img/b/R29vZ2xl/AVvXsEh-1ljZdt58B4r_adFJPwZy3pQG6B97-nMC6IayRq3e7f7eo10PE7Dg_HTtShnzS5P42zS8O6rYFGyXOWYTnGd0H_0XleRL6l8rOY9ZGXo-y8a5vPkZXNOGSlgof5Z34knQUAKHQApNY00/s640/KGE+Internship.jpg</g:image_link><g:condition>new</g:condition><g:availability>in stock</g:availability><g:price>1500 INR</g:price><g:brand>KGE Technologies Pvt Ltd</g:brand></item>
<item><g:id>206104834T6</g:id><g:title>Html Bootstrap Internship in Yirol</g:title><g:description>RealTime Html Bootstrap Internship in Yirol To Learn and Gain Practical Experience and Opportunity</g:description><g:link>https://www.kgetechnologies.com//Html-Bootstrap-internship-in-Yirol</g:link> <g:image_link>https://blogger.googleusercontent.com/img/b/R29vZ2xl/AVvXsEh-1ljZdt58B4r_adFJPwZy3pQG6B97-nMC6IayRq3e7f7eo10PE7Dg_HTtShnzS5P42zS8O6rYFGyXOWYTnGd0H_0XleRL6l8rOY9ZGXo-y8a5vPkZXNOGSlgof5Z34knQUAKHQApNY00/s640/KGE+Internship.jpg</g:image_link><g:condition>new</g:condition><g:availability>in stock</g:availability><g:price>1500 INR</g:price><g:brand>KGE Technologies Pvt Ltd</g:brand></item>
<item><g:id>206104834T7</g:id><g:title>Web Development Internship in Yirol</g:title><g:description>RealTime Web Development Internship in Yirol To Learn and Gain Practical Experience and Opportunity</g:description><g:link>https://www.kgetechnologies.com//Web-Development-internship-in-Yirol</g:link> <g:image_link>https://blogger.googleusercontent.com/img/b/R29vZ2xl/AVvXsEh-1ljZdt58B4r_adFJPwZy3pQG6B97-nMC6IayRq3e7f7eo10PE7Dg_HTtShnzS5P42zS8O6rYFGyXOWYTnGd0H_0XleRL6l8rOY9ZGXo-y8a5vPkZXNOGSlgof5Z34knQUAKHQApNY00/s640/KGE+Internship.jpg</g:image_link><g:condition>new</g:condition><g:availability>in stock</g:availability><g:price>1500 INR</g:price><g:brand>KGE Technologies Pvt Ltd</g:brand></item>
<item><g:id>206104834T8</g:id><g:title>Python Internship in Yirol</g:title><g:description>RealTime Python Internship in Yirol To Learn and Gain Practical Experience and Opportunity</g:description><g:link>https://www.kgetechnologies.com//Python-internship-in-Yirol</g:link> <g:image_link>https://blogger.googleusercontent.com/img/b/R29vZ2xl/AVvXsEh-1ljZdt58B4r_adFJPwZy3pQG6B97-nMC6IayRq3e7f7eo10PE7Dg_HTtShnzS5P42zS8O6rYFGyXOWYTnGd0H_0XleRL6l8rOY9ZGXo-y8a5vPkZXNOGSlgof5Z34knQUAKHQApNY00/s640/KGE+Internship.jpg</g:image_link><g:condition>new</g:condition><g:availability>in stock</g:availability><g:price>1500 INR</g:price><g:brand>KGE Technologies Pvt Ltd</g:brand></item>
<item><g:id>206104834T9</g:id><g:title>Website Builder Internship in Yirol</g:title><g:description>RealTime Website Builder Internship in Yirol To Learn and Gain Practical Experience and Opportunity</g:description><g:link>https://www.kgetechnologies.com//Website-Builder-internship-in-Yirol</g:link> <g:image_link>https://blogger.googleusercontent.com/img/b/R29vZ2xl/AVvXsEh-1ljZdt58B4r_adFJPwZy3pQG6B97-nMC6IayRq3e7f7eo10PE7Dg_HTtShnzS5P42zS8O6rYFGyXOWYTnGd0H_0XleRL6l8rOY9ZGXo-y8a5vPkZXNOGSlgof5Z34knQUAKHQApNY00/s640/KGE+Internship.jpg</g:image_link><g:condition>new</g:condition><g:availability>in stock</g:availability><g:price>1500 INR</g:price><g:brand>KGE Technologies Pvt Ltd</g:brand></item>
<item><g:id>206104834T10</g:id><g:title>Photoshop Internship in Yirol</g:title><g:description>RealTime Photoshop Internship in Yirol To Learn and Gain Practical Experience and Opportunity</g:description><g:link>https://www.kgetechnologies.com//Photoshop-internship-in-Yirol</g:link> <g:image_link>https://blogger.googleusercontent.com/img/b/R29vZ2xl/AVvXsEh-1ljZdt58B4r_adFJPwZy3pQG6B97-nMC6IayRq3e7f7eo10PE7Dg_HTtShnzS5P42zS8O6rYFGyXOWYTnGd0H_0XleRL6l8rOY9ZGXo-y8a5vPkZXNOGSlgof5Z34knQUAKHQApNY00/s640/KGE+Internship.jpg</g:image_link><g:condition>new</g:condition><g:availability>in stock</g:availability><g:price>1500 INR</g:price><g:brand>KGE Technologies Pvt Ltd</g:brand></item>
<item><g:id>206104834T11</g:id><g:title>CorelDraw Internship in Yirol</g:title><g:description>RealTime CorelDraw Internship in Yirol To Learn and Gain Practical Experience and Opportunity</g:description><g:link>https://www.kgetechnologies.com//CorelDraw-internship-in-Yirol</g:link> <g:image_link>https://blogger.googleusercontent.com/img/b/R29vZ2xl/AVvXsEh-1ljZdt58B4r_adFJPwZy3pQG6B97-nMC6IayRq3e7f7eo10PE7Dg_HTtShnzS5P42zS8O6rYFGyXOWYTnGd0H_0XleRL6l8rOY9ZGXo-y8a5vPkZXNOGSlgof5Z34knQUAKHQApNY00/s640/KGE+Internship.jpg</g:image_link><g:condition>new</g:condition><g:availability>in stock</g:availability><g:price>1500 INR</g:price><g:brand>KGE Technologies Pvt Ltd</g:brand></item>
<item><g:id>206104834T12</g:id><g:title>Animation Internship in Yirol</g:title><g:description>RealTime Animation Internship in Yirol To Learn and Gain Practical Experience and Opportunity</g:description><g:link>https://www.kgetechnologies.com//Animation-internship-in-Yirol</g:link> <g:image_link>https://blogger.googleusercontent.com/img/b/R29vZ2xl/AVvXsEh-1ljZdt58B4r_adFJPwZy3pQG6B97-nMC6IayRq3e7f7eo10PE7Dg_HTtShnzS5P42zS8O6rYFGyXOWYTnGd0H_0XleRL6l8rOY9ZGXo-y8a5vPkZXNOGSlgof5Z34knQUAKHQApNY00/s640/KGE+Internship.jpg</g:image_link><g:condition>new</g:condition><g:availability>in stock</g:availability><g:price>1500 INR</g:price><g:brand>KGE Technologies Pvt Ltd</g:brand></item>
<item><g:id>206104834T13</g:id><g:title>Angular Internship in Yirol</g:title><g:description>RealTime Angular Internship in Yirol To Learn and Gain Practical Experience and Opportunity</g:description><g:link>https://www.kgetechnologies.com//Angular-internship-in-Yirol</g:link> <g:image_link>https://blogger.googleusercontent.com/img/b/R29vZ2xl/AVvXsEh-1ljZdt58B4r_adFJPwZy3pQG6B97-nMC6IayRq3e7f7eo10PE7Dg_HTtShnzS5P42zS8O6rYFGyXOWYTnGd0H_0XleRL6l8rOY9ZGXo-y8a5vPkZXNOGSlgof5Z34knQUAKHQApNY00/s640/KGE+Internship.jpg</g:image_link><g:condition>new</g:condition><g:availability>in stock</g:availability><g:price>1500 INR</g:price><g:brand>KGE Technologies Pvt Ltd</g:brand></item>
<item><g:id>206104834T14</g:id><g:title>ReactJs Internship in Yirol</g:title><g:description>RealTime ReactJs Internship in Yirol To Learn and Gain Practical Experience and Opportunity</g:description><g:link>https://www.kgetechnologies.com//ReactJs-internship-in-Yirol</g:link> <g:image_link>https://blogger.googleusercontent.com/img/b/R29vZ2xl/AVvXsEh-1ljZdt58B4r_adFJPwZy3pQG6B97-nMC6IayRq3e7f7eo10PE7Dg_HTtShnzS5P42zS8O6rYFGyXOWYTnGd0H_0XleRL6l8rOY9ZGXo-y8a5vPkZXNOGSlgof5Z34knQUAKHQApNY00/s640/KGE+Internship.jpg</g:image_link><g:condition>new</g:condition><g:availability>in stock</g:availability><g:price>1500 INR</g:price><g:brand>KGE Technologies Pvt Ltd</g:brand></item>
<item><g:id>206104834T15</g:id><g:title>WordPress Internship in Yirol</g:title><g:description>RealTime WordPress Internship in Yirol To Learn and Gain Practical Experience and Opportunity</g:description><g:link>https://www.kgetechnologies.com//WordPress-internship-in-Yirol</g:link> <g:image_link>https://blogger.googleusercontent.com/img/b/R29vZ2xl/AVvXsEh-1ljZdt58B4r_adFJPwZy3pQG6B97-nMC6IayRq3e7f7eo10PE7Dg_HTtShnzS5P42zS8O6rYFGyXOWYTnGd0H_0XleRL6l8rOY9ZGXo-y8a5vPkZXNOGSlgof5Z34knQUAKHQApNY00/s640/KGE+Internship.jpg</g:image_link><g:condition>new</g:condition><g:availability>in stock</g:availability><g:price>1500 INR</g:price><g:brand>KGE Technologies Pvt Ltd</g:brand></item>
<item><g:id>206104834T16</g:id><g:title>Php Internship in Yirol</g:title><g:description>RealTime Php Internship in Yirol To Learn and Gain Practical Experience and Opportunity</g:description><g:link>https://www.kgetechnologies.com//Php-internship-in-Yirol</g:link> <g:image_link>https://blogger.googleusercontent.com/img/b/R29vZ2xl/AVvXsEh-1ljZdt58B4r_adFJPwZy3pQG6B97-nMC6IayRq3e7f7eo10PE7Dg_HTtShnzS5P42zS8O6rYFGyXOWYTnGd0H_0XleRL6l8rOY9ZGXo-y8a5vPkZXNOGSlgof5Z34knQUAKHQApNY00/s640/KGE+Internship.jpg</g:image_link><g:condition>new</g:condition><g:availability>in stock</g:availability><g:price>1500 INR</g:price><g:brand>KGE Technologies Pvt Ltd</g:brand></item>
<item><g:id>206104834T17</g:id><g:title>Laravel Internship in Yirol</g:title><g:description>RealTime Laravel Internship in Yirol To Learn and Gain Practical Experience and Opportunity</g:description><g:link>https://www.kgetechnologies.com//Laravel-internship-in-Yirol</g:link> <g:image_link>https://blogger.googleusercontent.com/img/b/R29vZ2xl/AVvXsEh-1ljZdt58B4r_adFJPwZy3pQG6B97-nMC6IayRq3e7f7eo10PE7Dg_HTtShnzS5P42zS8O6rYFGyXOWYTnGd0H_0XleRL6l8rOY9ZGXo-y8a5vPkZXNOGSlgof5Z34knQUAKHQApNY00/s640/KGE+Internship.jpg</g:image_link><g:condition>new</g:condition><g:availability>in stock</g:availability><g:price>1500 INR</g:price><g:brand>KGE Technologies Pvt Ltd</g:brand></item>
<item><g:id>206104834T18</g:id><g:title>Asp DotNet Internship in Yirol</g:title><g:description>RealTime Asp DotNet Internship in Yirol To Learn and Gain Practical Experience and Opportunity</g:description><g:link>https://www.kgetechnologies.com//Asp-DotNet-internship-in-Yirol</g:link> <g:image_link>https://blogger.googleusercontent.com/img/b/R29vZ2xl/AVvXsEh-1ljZdt58B4r_adFJPwZy3pQG6B97-nMC6IayRq3e7f7eo10PE7Dg_HTtShnzS5P42zS8O6rYFGyXOWYTnGd0H_0XleRL6l8rOY9ZGXo-y8a5vPkZXNOGSlgof5Z34knQUAKHQApNY00/s640/KGE+Internship.jpg</g:image_link><g:condition>new</g:condition><g:availability>in stock</g:availability><g:price>1500 INR</g:price><g:brand>KGE Technologies Pvt Ltd</g:brand></item>
<item><g:id>206104834T19</g:id><g:title>Mvc DotNet Internship in Yirol</g:title><g:description>RealTime Mvc DotNet Internship in Yirol To Learn and Gain Practical Experience and Opportunity</g:description><g:link>https://www.kgetechnologies.com//Mvc-DotNet-internship-in-Yirol</g:link> <g:image_link>https://blogger.googleusercontent.com/img/b/R29vZ2xl/AVvXsEh-1ljZdt58B4r_adFJPwZy3pQG6B97-nMC6IayRq3e7f7eo10PE7Dg_HTtShnzS5P42zS8O6rYFGyXOWYTnGd0H_0XleRL6l8rOY9ZGXo-y8a5vPkZXNOGSlgof5Z34knQUAKHQApNY00/s640/KGE+Internship.jpg</g:image_link><g:condition>new</g:condition><g:availability>in stock</g:availability><g:price>1500 INR</g:price><g:brand>KGE Technologies Pvt Ltd</g:brand></item>
<item><g:id>206104834T20</g:id><g:title>Java Internship in Yirol</g:title><g:description>RealTime Java Internship in Yirol To Learn and Gain Practical Experience and Opportunity</g:description><g:link>https://www.kgetechnologies.com//Java-internship-in-Yirol</g:link> <g:image_link>https://blogger.googleusercontent.com/img/b/R29vZ2xl/AVvXsEh-1ljZdt58B4r_adFJPwZy3pQG6B97-nMC6IayRq3e7f7eo10PE7Dg_HTtShnzS5P42zS8O6rYFGyXOWYTnGd0H_0XleRL6l8rOY9ZGXo-y8a5vPkZXNOGSlgof5Z34knQUAKHQApNY00/s640/KGE+Internship.jpg</g:image_link><g:condition>new</g:condition><g:availability>in stock</g:availability><g:price>1500 INR</g:price><g:brand>KGE Technologies Pvt Ltd</g:brand></item>
<item><g:id>206104834T21</g:id><g:title>Sql Internship in Yirol</g:title><g:description>RealTime Sql Internship in Yirol To Learn and Gain Practical Experience and Opportunity</g:description><g:link>https://www.kgetechnologies.com//Sql-internship-in-Yirol</g:link> <g:image_link>https://blogger.googleusercontent.com/img/b/R29vZ2xl/AVvXsEh-1ljZdt58B4r_adFJPwZy3pQG6B97-nMC6IayRq3e7f7eo10PE7Dg_HTtShnzS5P42zS8O6rYFGyXOWYTnGd0H_0XleRL6l8rOY9ZGXo-y8a5vPkZXNOGSlgof5Z34knQUAKHQApNY00/s640/KGE+Internship.jpg</g:image_link><g:condition>new</g:condition><g:availability>in stock</g:availability><g:price>1500 INR</g:price><g:brand>KGE Technologies Pvt Ltd</g:brand></item>
<item><g:id>206104834T22</g:id><g:title>Oracle Internship in Yirol</g:title><g:description>RealTime Oracle Internship in Yirol To Learn and Gain Practical Experience and Opportunity</g:description><g:link>https://www.kgetechnologies.com//Oracle-internship-in-Yirol</g:link> <g:image_link>https://blogger.googleusercontent.com/img/b/R29vZ2xl/AVvXsEh-1ljZdt58B4r_adFJPwZy3pQG6B97-nMC6IayRq3e7f7eo10PE7Dg_HTtShnzS5P42zS8O6rYFGyXOWYTnGd0H_0XleRL6l8rOY9ZGXo-y8a5vPkZXNOGSlgof5Z34knQUAKHQApNY00/s640/KGE+Internship.jpg</g:image_link><g:condition>new</g:condition><g:availability>in stock</g:availability><g:price>1500 INR</g:price><g:brand>KGE Technologies Pvt Ltd</g:brand></item>
<item><g:id>206104834T23</g:id><g:title>ERP Internship in Yirol</g:title><g:description>RealTime ERP Internship in Yirol To Learn and Gain Practical Experience and Opportunity</g:description><g:link>https://www.kgetechnologies.com//ERP-internship-in-Yirol</g:link> <g:image_link>https://blogger.googleusercontent.com/img/b/R29vZ2xl/AVvXsEh-1ljZdt58B4r_adFJPwZy3pQG6B97-nMC6IayRq3e7f7eo10PE7Dg_HTtShnzS5P42zS8O6rYFGyXOWYTnGd0H_0XleRL6l8rOY9ZGXo-y8a5vPkZXNOGSlgof5Z34knQUAKHQApNY00/s640/KGE+Internship.jpg</g:image_link><g:condition>new</g:condition><g:availability>in stock</g:availability><g:price>1500 INR</g:price><g:brand>KGE Technologies Pvt Ltd</g:brand></item>
<item><g:id>206104834T24</g:id><g:title>CRM Internship in Yirol</g:title><g:description>RealTime CRM Internship in Yirol To Learn and Gain Practical Experience and Opportunity</g:description><g:link>https://www.kgetechnologies.com//CRM-internship-in-Yirol</g:link> <g:image_link>https://blogger.googleusercontent.com/img/b/R29vZ2xl/AVvXsEh-1ljZdt58B4r_adFJPwZy3pQG6B97-nMC6IayRq3e7f7eo10PE7Dg_HTtShnzS5P42zS8O6rYFGyXOWYTnGd0H_0XleRL6l8rOY9ZGXo-y8a5vPkZXNOGSlgof5Z34knQUAKHQApNY00/s640/KGE+Internship.jpg</g:image_link><g:condition>new</g:condition><g:availability>in stock</g:availability><g:price>1500 INR</g:price><g:brand>KGE Technologies Pvt Ltd</g:brand></item>
<item><g:id>206104834T25</g:id><g:title>Manual Testing Internship in Yirol</g:title><g:description>RealTime Manual Testing Internship in Yirol To Learn and Gain Practical Experience and Opportunity</g:description><g:link>https://www.kgetechnologies.com//Manual-Testing-internship-in-Yirol</g:link> <g:image_link>https://blogger.googleusercontent.com/img/b/R29vZ2xl/AVvXsEh-1ljZdt58B4r_adFJPwZy3pQG6B97-nMC6IayRq3e7f7eo10PE7Dg_HTtShnzS5P42zS8O6rYFGyXOWYTnGd0H_0XleRL6l8rOY9ZGXo-y8a5vPkZXNOGSlgof5Z34knQUAKHQApNY00/s640/KGE+Internship.jpg</g:image_link><g:condition>new</g:condition><g:availability>in stock</g:availability><g:price>1500 INR</g:price><g:brand>KGE Technologies Pvt Ltd</g:brand></item>
<item><g:id>206104834T26</g:id><g:title>Automation Testing Internship in Yirol</g:title><g:description>RealTime Automation Testing Internship in Yirol To Learn and Gain Practical Experience and Opportunity</g:description><g:link>https://www.kgetechnologies.com//Automation-Testing-internship-in-Yirol</g:link> <g:image_link>https://blogger.googleusercontent.com/img/b/R29vZ2xl/AVvXsEh-1ljZdt58B4r_adFJPwZy3pQG6B97-nMC6IayRq3e7f7eo10PE7Dg_HTtShnzS5P42zS8O6rYFGyXOWYTnGd0H_0XleRL6l8rOY9ZGXo-y8a5vPkZXNOGSlgof5Z34knQUAKHQApNY00/s640/KGE+Internship.jpg</g:image_link><g:condition>new</g:condition><g:availability>in stock</g:availability><g:price>1500 INR</g:price><g:brand>KGE Technologies Pvt Ltd</g:brand></item>
<item><g:id>206104834T27</g:id><g:title>Hr Internship in Yirol</g:title><g:description>RealTime Hr Internship in Yirol To Learn and Gain Practical Experience and Opportunity</g:description><g:link>https://www.kgetechnologies.com//Hr-internship-in-Yirol</g:link> <g:image_link>https://blogger.googleusercontent.com/img/b/R29vZ2xl/AVvXsEh-1ljZdt58B4r_adFJPwZy3pQG6B97-nMC6IayRq3e7f7eo10PE7Dg_HTtShnzS5P42zS8O6rYFGyXOWYTnGd0H_0XleRL6l8rOY9ZGXo-y8a5vPkZXNOGSlgof5Z34knQUAKHQApNY00/s640/KGE+Internship.jpg</g:image_link><g:condition>new</g:condition><g:availability>in stock</g:availability><g:price>1500 INR</g:price><g:brand>KGE Technologies Pvt Ltd</g:brand></item>
<item><g:id>206104834T28</g:id><g:title>Marketing Internship in Yirol</g:title><g:description>RealTime Marketing Internship in Yirol To Learn and Gain Practical Experience and Opportunity</g:description><g:link>https://www.kgetechnologies.com//Marketing-internship-in-Yirol</g:link> <g:image_link>https://blogger.googleusercontent.com/img/b/R29vZ2xl/AVvXsEh-1ljZdt58B4r_adFJPwZy3pQG6B97-nMC6IayRq3e7f7eo10PE7Dg_HTtShnzS5P42zS8O6rYFGyXOWYTnGd0H_0XleRL6l8rOY9ZGXo-y8a5vPkZXNOGSlgof5Z34knQUAKHQApNY00/s640/KGE+Internship.jpg</g:image_link><g:condition>new</g:condition><g:availability>in stock</g:availability><g:price>1500 INR</g:price><g:brand>KGE Technologies Pvt Ltd</g:brand></item>
<item><g:id>206104834T29</g:id><g:title>Finance Internship in Yirol</g:title><g:description>RealTime Finance Internship in Yirol To Learn and Gain Practical Experience and Opportunity</g:description><g:link>https://www.kgetechnologies.com//Finance-internship-in-Yirol</g:link> <g:image_link>https://blogger.googleusercontent.com/img/b/R29vZ2xl/AVvXsEh-1ljZdt58B4r_adFJPwZy3pQG6B97-nMC6IayRq3e7f7eo10PE7Dg_HTtShnzS5P42zS8O6rYFGyXOWYTnGd0H_0XleRL6l8rOY9ZGXo-y8a5vPkZXNOGSlgof5Z34knQUAKHQApNY00/s640/KGE+Internship.jpg</g:image_link><g:condition>new</g:condition><g:availability>in stock</g:availability><g:price>1500 INR</g:price><g:brand>KGE Technologies Pvt Ltd</g:brand></item>
<item><g:id>206104834T30</g:id><g:title>Business Development Internship in Yirol</g:title><g:description>RealTime Business Development Internship in Yirol To Learn and Gain Practical Experience and Opportunity</g:description><g:link>https://www.kgetechnologies.com//Business-Development-internship-in-Yirol</g:link> <g:image_link>https://blogger.googleusercontent.com/img/b/R29vZ2xl/AVvXsEh-1ljZdt58B4r_adFJPwZy3pQG6B97-nMC6IayRq3e7f7eo10PE7Dg_HTtShnzS5P42zS8O6rYFGyXOWYTnGd0H_0XleRL6l8rOY9ZGXo-y8a5vPkZXNOGSlgof5Z34knQUAKHQApNY00/s640/KGE+Internship.jpg</g:image_link><g:condition>new</g:condition><g:availability>in stock</g:availability><g:price>1500 INR</g:price><g:brand>KGE Technologies Pvt Ltd</g:brand></item>
<item><g:id>206104834T31</g:id><g:title>Legal Internship in Yirol</g:title><g:description>RealTime Legal Internship in Yirol To Learn and Gain Practical Experience and Opportunity</g:description><g:link>https://www.kgetechnologies.com//Legal-internship-in-Yirol</g:link> <g:image_link>https://blogger.googleusercontent.com/img/b/R29vZ2xl/AVvXsEh-1ljZdt58B4r_adFJPwZy3pQG6B97-nMC6IayRq3e7f7eo10PE7Dg_HTtShnzS5P42zS8O6rYFGyXOWYTnGd0H_0XleRL6l8rOY9ZGXo-y8a5vPkZXNOGSlgof5Z34knQUAKHQApNY00/s640/KGE+Internship.jpg</g:image_link><g:condition>new</g:condition><g:availability>in stock</g:availability><g:price>1500 INR</g:price><g:brand>KGE Technologies Pvt Ltd</g:brand></item>
<item><g:id>206104834T32</g:id><g:title>Project Management Internship in Yirol</g:title><g:description>RealTime Project Management Internship in Yirol To Learn and Gain Practical Experience and Opportunity</g:description><g:link>https://www.kgetechnologies.com//Project-Management-internship-in-Yirol</g:link> <g:image_link>https://blogger.googleusercontent.com/img/b/R29vZ2xl/AVvXsEh-1ljZdt58B4r_adFJPwZy3pQG6B97-nMC6IayRq3e7f7eo10PE7Dg_HTtShnzS5P42zS8O6rYFGyXOWYTnGd0H_0XleRL6l8rOY9ZGXo-y8a5vPkZXNOGSlgof5Z34knQUAKHQApNY00/s640/KGE+Internship.jpg</g:image_link><g:condition>new</g:condition><g:availability>in stock</g:availability><g:price>1500 INR</g:price><g:brand>KGE Technologies Pvt Ltd</g:brand></item>
<item><g:id>206104834T33</g:id><g:title>Law Internship in Yirol</g:title><g:description>RealTime Law Internship in Yirol To Learn and Gain Practical Experience and Opportunity</g:description><g:link>https://www.kgetechnologies.com//Law-internship-in-Yirol</g:link> <g:image_link>https://blogger.googleusercontent.com/img/b/R29vZ2xl/AVvXsEh-1ljZdt58B4r_adFJPwZy3pQG6B97-nMC6IayRq3e7f7eo10PE7Dg_HTtShnzS5P42zS8O6rYFGyXOWYTnGd0H_0XleRL6l8rOY9ZGXo-y8a5vPkZXNOGSlgof5Z34knQUAKHQApNY00/s640/KGE+Internship.jpg</g:image_link><g:condition>new</g:condition><g:availability>in stock</g:availability><g:price>1500 INR</g:price><g:brand>KGE Technologies Pvt Ltd</g:brand></item>
<item><g:id>206104834T34</g:id><g:title>Graphics Designer Internship in Yirol</g:title><g:description>RealTime Graphics Designer Internship in Yirol To Learn and Gain Practical Experience and Opportunity</g:description><g:link>https://www.kgetechnologies.com//Graphics-Designer-internship-in-Yirol</g:link> <g:image_link>https://blogger.googleusercontent.com/img/b/R29vZ2xl/AVvXsEh-1ljZdt58B4r_adFJPwZy3pQG6B97-nMC6IayRq3e7f7eo10PE7Dg_HTtShnzS5P42zS8O6rYFGyXOWYTnGd0H_0XleRL6l8rOY9ZGXo-y8a5vPkZXNOGSlgof5Z34knQUAKHQApNY00/s640/KGE+Internship.jpg</g:image_link><g:condition>new</g:condition><g:availability>in stock</g:availability><g:price>1500 INR</g:price><g:brand>KGE Technologies Pvt Ltd</g:brand></item>
<item><g:id>206104834T35</g:id><g:title>Digital Marketing Internship in Yirol</g:title><g:description>RealTime Digital Marketing Internship in Yirol To Learn and Gain Practical Experience and Opportunity</g:description><g:link>https://www.kgetechnologies.com//Digital-Marketing-internship-in-Yirol</g:link> <g:image_link>https://blogger.googleusercontent.com/img/b/R29vZ2xl/AVvXsEh-1ljZdt58B4r_adFJPwZy3pQG6B97-nMC6IayRq3e7f7eo10PE7Dg_HTtShnzS5P42zS8O6rYFGyXOWYTnGd0H_0XleRL6l8rOY9ZGXo-y8a5vPkZXNOGSlgof5Z34knQUAKHQApNY00/s640/KGE+Internship.jpg</g:image_link><g:condition>new</g:condition><g:availability>in stock</g:availability><g:price>1500 INR</g:price><g:brand>KGE Technologies Pvt Ltd</g:brand></item>
<item><g:id>206104834T36</g:id><g:title>SEO Internship in Yirol</g:title><g:description>RealTime SEO Internship in Yirol To Learn and Gain Practical Experience and Opportunity</g:description><g:link>https://www.kgetechnologies.com//SEO-internship-in-Yirol</g:link> <g:image_link>https://blogger.googleusercontent.com/img/b/R29vZ2xl/AVvXsEh-1ljZdt58B4r_adFJPwZy3pQG6B97-nMC6IayRq3e7f7eo10PE7Dg_HTtShnzS5P42zS8O6rYFGyXOWYTnGd0H_0XleRL6l8rOY9ZGXo-y8a5vPkZXNOGSlgof5Z34knQUAKHQApNY00/s640/KGE+Internship.jpg</g:image_link><g:condition>new</g:condition><g:availability>in stock</g:availability><g:price>1500 INR</g:price><g:brand>KGE Technologies Pvt Ltd</g:brand></item>
<item><g:id>206104834T37</g:id><g:title>Software Developer Internship in Yirol</g:title><g:description>RealTime Software Developer Internship in Yirol To Learn and Gain Practical Experience and Opportunity</g:description><g:link>https://www.kgetechnologies.com//Software-Developer-internship-in-Yirol</g:link> <g:image_link>https://blogger.googleusercontent.com/img/b/R29vZ2xl/AVvXsEh-1ljZdt58B4r_adFJPwZy3pQG6B97-nMC6IayRq3e7f7eo10PE7Dg_HTtShnzS5P42zS8O6rYFGyXOWYTnGd0H_0XleRL6l8rOY9ZGXo-y8a5vPkZXNOGSlgof5Z34knQUAKHQApNY00/s640/KGE+Internship.jpg</g:image_link><g:condition>new</g:condition><g:availability>in stock</g:availability><g:price>1500 INR</g:price><g:brand>KGE Technologies Pvt Ltd</g:brand></item>
<item><g:id>206104834T38</g:id><g:title>Testing Internship in Yirol</g:title><g:description>RealTime Testing Internship in Yirol To Learn and Gain Practical Experience and Opportunity</g:description><g:link>https://www.kgetechnologies.com//Testing-internship-in-Yirol</g:link> <g:image_link>https://blogger.googleusercontent.com/img/b/R29vZ2xl/AVvXsEh-1ljZdt58B4r_adFJPwZy3pQG6B97-nMC6IayRq3e7f7eo10PE7Dg_HTtShnzS5P42zS8O6rYFGyXOWYTnGd0H_0XleRL6l8rOY9ZGXo-y8a5vPkZXNOGSlgof5Z34knQUAKHQApNY00/s640/KGE+Internship.jpg</g:image_link><g:condition>new</g:condition><g:availability>in stock</g:availability><g:price>1500 INR</g:price><g:brand>KGE Technologies Pvt Ltd</g:brand></item>
<item><g:id>206104834T39</g:id><g:title>DotNet MVC Internship in Yirol</g:title><g:description>RealTime DotNet MVC Internship in Yirol To Learn and Gain Practical Experience and Opportunity</g:description><g:link>https://www.kgetechnologies.com//DotNet-MVC-internship-in-Yirol</g:link> <g:image_link>https://blogger.googleusercontent.com/img/b/R29vZ2xl/AVvXsEh-1ljZdt58B4r_adFJPwZy3pQG6B97-nMC6IayRq3e7f7eo10PE7Dg_HTtShnzS5P42zS8O6rYFGyXOWYTnGd0H_0XleRL6l8rOY9ZGXo-y8a5vPkZXNOGSlgof5Z34knQUAKHQApNY00/s640/KGE+Internship.jpg</g:image_link><g:condition>new</g:condition><g:availability>in stock</g:availability><g:price>1500 INR</g:price><g:brand>KGE Technologies Pvt Ltd</g:brand></item>
<item><g:id>206104834T40</g:id><g:title>IOT Internship in Yirol</g:title><g:description>RealTime IOT Internship in Yirol To Learn and Gain Practical Experience and Opportunity</g:description><g:link>https://www.kgetechnologies.com//IOT-internship-in-Yirol</g:link> <g:image_link>https://blogger.googleusercontent.com/img/b/R29vZ2xl/AVvXsEh-1ljZdt58B4r_adFJPwZy3pQG6B97-nMC6IayRq3e7f7eo10PE7Dg_HTtShnzS5P42zS8O6rYFGyXOWYTnGd0H_0XleRL6l8rOY9ZGXo-y8a5vPkZXNOGSlgof5Z34knQUAKHQApNY00/s640/KGE+Internship.jpg</g:image_link><g:condition>new</g:condition><g:availability>in stock</g:availability><g:price>1500 INR</g:price><g:brand>KGE Technologies Pvt Ltd</g:brand></item>
<item><g:id>206104834T41</g:id><g:title>AI Internship in Yirol</g:title><g:description>RealTime AI Internship in Yirol To Learn and Gain Practical Experience and Opportunity</g:description><g:link>https://www.kgetechnologies.com//AI-internship-in-Yirol</g:link> <g:image_link>https://blogger.googleusercontent.com/img/b/R29vZ2xl/AVvXsEh-1ljZdt58B4r_adFJPwZy3pQG6B97-nMC6IayRq3e7f7eo10PE7Dg_HTtShnzS5P42zS8O6rYFGyXOWYTnGd0H_0XleRL6l8rOY9ZGXo-y8a5vPkZXNOGSlgof5Z34knQUAKHQApNY00/s640/KGE+Internship.jpg</g:image_link><g:condition>new</g:condition><g:availability>in stock</g:availability><g:price>1500 INR</g:price><g:brand>KGE Technologies Pvt Ltd</g:brand></item>
<item><g:id>206104834T42</g:id><g:title>Cloud Internship in Yirol</g:title><g:description>RealTime Cloud Internship in Yirol To Learn and Gain Practical Experience and Opportunity</g:description><g:link>https://www.kgetechnologies.com//Cloud-internship-in-Yirol</g:link> <g:image_link>https://blogger.googleusercontent.com/img/b/R29vZ2xl/AVvXsEh-1ljZdt58B4r_adFJPwZy3pQG6B97-nMC6IayRq3e7f7eo10PE7Dg_HTtShnzS5P42zS8O6rYFGyXOWYTnGd0H_0XleRL6l8rOY9ZGXo-y8a5vPkZXNOGSlgof5Z34knQUAKHQApNY00/s640/KGE+Internship.jpg</g:image_link><g:condition>new</g:condition><g:availability>in stock</g:availability><g:price>1500 INR</g:price><g:brand>KGE Technologies Pvt Ltd</g:brand></item>
<item><g:id>206104834T43</g:id><g:title>SAP Internship in Yirol</g:title><g:description>RealTime SAP Internship in Yirol To Learn and Gain Practical Experience and Opportunity</g:description><g:link>https://www.kgetechnologies.com//SAP-internship-in-Yirol</g:link> <g:image_link>https://blogger.googleusercontent.com/img/b/R29vZ2xl/AVvXsEh-1ljZdt58B4r_adFJPwZy3pQG6B97-nMC6IayRq3e7f7eo10PE7Dg_HTtShnzS5P42zS8O6rYFGyXOWYTnGd0H_0XleRL6l8rOY9ZGXo-y8a5vPkZXNOGSlgof5Z34knQUAKHQApNY00/s640/KGE+Internship.jpg</g:image_link><g:condition>new</g:condition><g:availability>in stock</g:availability><g:price>1500 INR</g:price><g:brand>KGE Technologies Pvt Ltd</g:brand></item>
<item><g:id>206S2090T0</g:id><g:title>AWS Internship in Lakes</g:title><g:description>RealTime AWS Internship in Lakes To Learn and Gain Practical Experience and Opportunity</g:description><g:link>https://www.kgetechnologies.com//AWS-internship-in-Lakes</g:link> <g:image_link>https://blogger.googleusercontent.com/img/b/R29vZ2xl/AVvXsEh-1ljZdt58B4r_adFJPwZy3pQG6B97-nMC6IayRq3e7f7eo10PE7Dg_HTtShnzS5P42zS8O6rYFGyXOWYTnGd0H_0XleRL6l8rOY9ZGXo-y8a5vPkZXNOGSlgof5Z34knQUAKHQApNY00/s640/KGE+Internship.jpg</g:image_link><g:condition>new</g:condition><g:availability>in stock</g:availability><g:price>50 USD</g:price><g:brand>KGE Technologies Pvt Ltd</g:brand></item>
<item><g:id>206S2090T1</g:id><g:title>Azure Internship in Lakes</g:title><g:description>RealTime Azure Internship in Lakes To Learn and Gain Practical Experience and Opportunity</g:description><g:link>https://www.kgetechnologies.com//Azure-internship-in-Lakes</g:link> <g:image_link>https://blogger.googleusercontent.com/img/b/R29vZ2xl/AVvXsEh-1ljZdt58B4r_adFJPwZy3pQG6B97-nMC6IayRq3e7f7eo10PE7Dg_HTtShnzS5P42zS8O6rYFGyXOWYTnGd0H_0XleRL6l8rOY9ZGXo-y8a5vPkZXNOGSlgof5Z34knQUAKHQApNY00/s640/KGE+Internship.jpg</g:image_link><g:condition>new</g:condition><g:availability>in stock</g:availability><g:price>50 USD</g:price><g:brand>KGE Technologies Pvt Ltd</g:brand></item>
<item><g:id>206S2090T2</g:id><g:title>Google Internship in Lakes</g:title><g:description>RealTime Google Internship in Lakes To Learn and Gain Practical Experience and Opportunity</g:description><g:link>https://www.kgetechnologies.com//Google-internship-in-Lakes</g:link> <g:image_link>https://blogger.googleusercontent.com/img/b/R29vZ2xl/AVvXsEh-1ljZdt58B4r_adFJPwZy3pQG6B97-nMC6IayRq3e7f7eo10PE7Dg_HTtShnzS5P42zS8O6rYFGyXOWYTnGd0H_0XleRL6l8rOY9ZGXo-y8a5vPkZXNOGSlgof5Z34knQUAKHQApNY00/s640/KGE+Internship.jpg</g:image_link><g:condition>new</g:condition><g:availability>in stock</g:availability><g:price>50 USD</g:price><g:brand>KGE Technologies Pvt Ltd</g:brand></item>
<item><g:id>206S2090T3</g:id><g:title>Android Internship in Lakes</g:title><g:description>RealTime Android Internship in Lakes To Learn and Gain Practical Experience and Opportunity</g:description><g:link>https://www.kgetechnologies.com//Android-internship-in-Lakes</g:link> <g:image_link>https://blogger.googleusercontent.com/img/b/R29vZ2xl/AVvXsEh-1ljZdt58B4r_adFJPwZy3pQG6B97-nMC6IayRq3e7f7eo10PE7Dg_HTtShnzS5P42zS8O6rYFGyXOWYTnGd0H_0XleRL6l8rOY9ZGXo-y8a5vPkZXNOGSlgof5Z34knQUAKHQApNY00/s640/KGE+Internship.jpg</g:image_link><g:condition>new</g:condition><g:availability>in stock</g:availability><g:price>50 USD</g:price><g:brand>KGE Technologies Pvt Ltd</g:brand></item>
<item><g:id>206S2090T4</g:id><g:title>IOS Internship in Lakes</g:title><g:description>RealTime IOS Internship in Lakes To Learn and Gain Practical Experience and Opportunity</g:description><g:link>https://www.kgetechnologies.com//IOS-internship-in-Lakes</g:link> <g:image_link>https://blogger.googleusercontent.com/img/b/R29vZ2xl/AVvXsEh-1ljZdt58B4r_adFJPwZy3pQG6B97-nMC6IayRq3e7f7eo10PE7Dg_HTtShnzS5P42zS8O6rYFGyXOWYTnGd0H_0XleRL6l8rOY9ZGXo-y8a5vPkZXNOGSlgof5Z34knQUAKHQApNY00/s640/KGE+Internship.jpg</g:image_link><g:condition>new</g:condition><g:availability>in stock</g:availability><g:price>50 USD</g:price><g:brand>KGE Technologies Pvt Ltd</g:brand></item>
<item><g:id>206S2090T5</g:id><g:title>Flutter Internship in Lakes</g:title><g:description>RealTime Flutter Internship in Lakes To Learn and Gain Practical Experience and Opportunity</g:description><g:link>https://www.kgetechnologies.com//Flutter-internship-in-Lakes</g:link> <g:image_link>https://blogger.googleusercontent.com/img/b/R29vZ2xl/AVvXsEh-1ljZdt58B4r_adFJPwZy3pQG6B97-nMC6IayRq3e7f7eo10PE7Dg_HTtShnzS5P42zS8O6rYFGyXOWYTnGd0H_0XleRL6l8rOY9ZGXo-y8a5vPkZXNOGSlgof5Z34knQUAKHQApNY00/s640/KGE+Internship.jpg</g:image_link><g:condition>new</g:condition><g:availability>in stock</g:availability><g:price>50 USD</g:price><g:brand>KGE Technologies Pvt Ltd</g:brand></item>
<item><g:id>206S2090T6</g:id><g:title>Html Bootstrap Internship in Lakes</g:title><g:description>RealTime Html Bootstrap Internship in Lakes To Learn and Gain Practical Experience and Opportunity</g:description><g:link>https://www.kgetechnologies.com//Html-Bootstrap-internship-in-Lakes</g:link> <g:image_link>https://blogger.googleusercontent.com/img/b/R29vZ2xl/AVvXsEh-1ljZdt58B4r_adFJPwZy3pQG6B97-nMC6IayRq3e7f7eo10PE7Dg_HTtShnzS5P42zS8O6rYFGyXOWYTnGd0H_0XleRL6l8rOY9ZGXo-y8a5vPkZXNOGSlgof5Z34knQUAKHQApNY00/s640/KGE+Internship.jpg</g:image_link><g:condition>new</g:condition><g:availability>in stock</g:availability><g:price>50 USD</g:price><g:brand>KGE Technologies Pvt Ltd</g:brand></item>
<item><g:id>206S2090T7</g:id><g:title>Web Development Internship in Lakes</g:title><g:description>RealTime Web Development Internship in Lakes To Learn and Gain Practical Experience and Opportunity</g:description><g:link>https://www.kgetechnologies.com//Web-Development-internship-in-Lakes</g:link> <g:image_link>https://blogger.googleusercontent.com/img/b/R29vZ2xl/AVvXsEh-1ljZdt58B4r_adFJPwZy3pQG6B97-nMC6IayRq3e7f7eo10PE7Dg_HTtShnzS5P42zS8O6rYFGyXOWYTnGd0H_0XleRL6l8rOY9ZGXo-y8a5vPkZXNOGSlgof5Z34knQUAKHQApNY00/s640/KGE+Internship.jpg</g:image_link><g:condition>new</g:condition><g:availability>in stock</g:availability><g:price>50 USD</g:price><g:brand>KGE Technologies Pvt Ltd</g:brand></item>
<item><g:id>206S2090T8</g:id><g:title>Python Internship in Lakes</g:title><g:description>RealTime Python Internship in Lakes To Learn and Gain Practical Experience and Opportunity</g:description><g:link>https://www.kgetechnologies.com//Python-internship-in-Lakes</g:link> <g:image_link>https://blogger.googleusercontent.com/img/b/R29vZ2xl/AVvXsEh-1ljZdt58B4r_adFJPwZy3pQG6B97-nMC6IayRq3e7f7eo10PE7Dg_HTtShnzS5P42zS8O6rYFGyXOWYTnGd0H_0XleRL6l8rOY9ZGXo-y8a5vPkZXNOGSlgof5Z34knQUAKHQApNY00/s640/KGE+Internship.jpg</g:image_link><g:condition>new</g:condition><g:availability>in stock</g:availability><g:price>50 USD</g:price><g:brand>KGE Technologies Pvt Ltd</g:brand></item>
<item><g:id>206S2090T9</g:id><g:title>Website Builder Internship in Lakes</g:title><g:description>RealTime Website Builder Internship in Lakes To Learn and Gain Practical Experience and Opportunity</g:description><g:link>https://www.kgetechnologies.com//Website-Builder-internship-in-Lakes</g:link> <g:image_link>https://blogger.googleusercontent.com/img/b/R29vZ2xl/AVvXsEh-1ljZdt58B4r_adFJPwZy3pQG6B97-nMC6IayRq3e7f7eo10PE7Dg_HTtShnzS5P42zS8O6rYFGyXOWYTnGd0H_0XleRL6l8rOY9ZGXo-y8a5vPkZXNOGSlgof5Z34knQUAKHQApNY00/s640/KGE+Internship.jpg</g:image_link><g:condition>new</g:condition><g:availability>in stock</g:availability><g:price>50 USD</g:price><g:brand>KGE Technologies Pvt Ltd</g:brand></item>
<item><g:id>206S2090T10</g:id><g:title>Photoshop Internship in Lakes</g:title><g:description>RealTime Photoshop Internship in Lakes To Learn and Gain Practical Experience and Opportunity</g:description><g:link>https://www.kgetechnologies.com//Photoshop-internship-in-Lakes</g:link> <g:image_link>https://blogger.googleusercontent.com/img/b/R29vZ2xl/AVvXsEh-1ljZdt58B4r_adFJPwZy3pQG6B97-nMC6IayRq3e7f7eo10PE7Dg_HTtShnzS5P42zS8O6rYFGyXOWYTnGd0H_0XleRL6l8rOY9ZGXo-y8a5vPkZXNOGSlgof5Z34knQUAKHQApNY00/s640/KGE+Internship.jpg</g:image_link><g:condition>new</g:condition><g:availability>in stock</g:availability><g:price>50 USD</g:price><g:brand>KGE Technologies Pvt Ltd</g:brand></item>
<item><g:id>206S2090T11</g:id><g:title>CorelDraw Internship in Lakes</g:title><g:description>RealTime CorelDraw Internship in Lakes To Learn and Gain Practical Experience and Opportunity</g:description><g:link>https://www.kgetechnologies.com//CorelDraw-internship-in-Lakes</g:link> <g:image_link>https://blogger.googleusercontent.com/img/b/R29vZ2xl/AVvXsEh-1ljZdt58B4r_adFJPwZy3pQG6B97-nMC6IayRq3e7f7eo10PE7Dg_HTtShnzS5P42zS8O6rYFGyXOWYTnGd0H_0XleRL6l8rOY9ZGXo-y8a5vPkZXNOGSlgof5Z34knQUAKHQApNY00/s640/KGE+Internship.jpg</g:image_link><g:condition>new</g:condition><g:availability>in stock</g:availability><g:price>50 USD</g:price><g:brand>KGE Technologies Pvt Ltd</g:brand></item>
<item><g:id>206S2090T12</g:id><g:title>Animation Internship in Lakes</g:title><g:description>RealTime Animation Internship in Lakes To Learn and Gain Practical Experience and Opportunity</g:description><g:link>https://www.kgetechnologies.com//Animation-internship-in-Lakes</g:link> <g:image_link>https://blogger.googleusercontent.com/img/b/R29vZ2xl/AVvXsEh-1ljZdt58B4r_adFJPwZy3pQG6B97-nMC6IayRq3e7f7eo10PE7Dg_HTtShnzS5P42zS8O6rYFGyXOWYTnGd0H_0XleRL6l8rOY9ZGXo-y8a5vPkZXNOGSlgof5Z34knQUAKHQApNY00/s640/KGE+Internship.jpg</g:image_link><g:condition>new</g:condition><g:availability>in stock</g:availability><g:price>50 USD</g:price><g:brand>KGE Technologies Pvt Ltd</g:brand></item>
<item><g:id>206S2090T13</g:id><g:title>Angular Internship in Lakes</g:title><g:description>RealTime Angular Internship in Lakes To Learn and Gain Practical Experience and Opportunity</g:description><g:link>https://www.kgetechnologies.com//Angular-internship-in-Lakes</g:link> <g:image_link>https://blogger.googleusercontent.com/img/b/R29vZ2xl/AVvXsEh-1ljZdt58B4r_adFJPwZy3pQG6B97-nMC6IayRq3e7f7eo10PE7Dg_HTtShnzS5P42zS8O6rYFGyXOWYTnGd0H_0XleRL6l8rOY9ZGXo-y8a5vPkZXNOGSlgof5Z34knQUAKHQApNY00/s640/KGE+Internship.jpg</g:image_link><g:condition>new</g:condition><g:availability>in stock</g:availability><g:price>50 USD</g:price><g:brand>KGE Technologies Pvt Ltd</g:brand></item>
<item><g:id>206S2090T14</g:id><g:title>ReactJs Internship in Lakes</g:title><g:description>RealTime ReactJs Internship in Lakes To Learn and Gain Practical Experience and Opportunity</g:description><g:link>https://www.kgetechnologies.com//ReactJs-internship-in-Lakes</g:link> <g:image_link>https://blogger.googleusercontent.com/img/b/R29vZ2xl/AVvXsEh-1ljZdt58B4r_adFJPwZy3pQG6B97-nMC6IayRq3e7f7eo10PE7Dg_HTtShnzS5P42zS8O6rYFGyXOWYTnGd0H_0XleRL6l8rOY9ZGXo-y8a5vPkZXNOGSlgof5Z34knQUAKHQApNY00/s640/KGE+Internship.jpg</g:image_link><g:condition>new</g:condition><g:availability>in stock</g:availability><g:price>50 USD</g:price><g:brand>KGE Technologies Pvt Ltd</g:brand></item>
<item><g:id>206S2090T15</g:id><g:title>WordPress Internship in Lakes</g:title><g:description>RealTime WordPress Internship in Lakes To Learn and Gain Practical Experience and Opportunity</g:description><g:link>https://www.kgetechnologies.com//WordPress-internship-in-Lakes</g:link> <g:image_link>https://blogger.googleusercontent.com/img/b/R29vZ2xl/AVvXsEh-1ljZdt58B4r_adFJPwZy3pQG6B97-nMC6IayRq3e7f7eo10PE7Dg_HTtShnzS5P42zS8O6rYFGyXOWYTnGd0H_0XleRL6l8rOY9ZGXo-y8a5vPkZXNOGSlgof5Z34knQUAKHQApNY00/s640/KGE+Internship.jpg</g:image_link><g:condition>new</g:condition><g:availability>in stock</g:availability><g:price>50 USD</g:price><g:brand>KGE Technologies Pvt Ltd</g:brand></item>
<item><g:id>206S2090T16</g:id><g:title>Php Internship in Lakes</g:title><g:description>RealTime Php Internship in Lakes To Learn and Gain Practical Experience and Opportunity</g:description><g:link>https://www.kgetechnologies.com//Php-internship-in-Lakes</g:link> <g:image_link>https://blogger.googleusercontent.com/img/b/R29vZ2xl/AVvXsEh-1ljZdt58B4r_adFJPwZy3pQG6B97-nMC6IayRq3e7f7eo10PE7Dg_HTtShnzS5P42zS8O6rYFGyXOWYTnGd0H_0XleRL6l8rOY9ZGXo-y8a5vPkZXNOGSlgof5Z34knQUAKHQApNY00/s640/KGE+Internship.jpg</g:image_link><g:condition>new</g:condition><g:availability>in stock</g:availability><g:price>50 USD</g:price><g:brand>KGE Technologies Pvt Ltd</g:brand></item>
<item><g:id>206S2090T17</g:id><g:title>Laravel Internship in Lakes</g:title><g:description>RealTime Laravel Internship in Lakes To Learn and Gain Practical Experience and Opportunity</g:description><g:link>https://www.kgetechnologies.com//Laravel-internship-in-Lakes</g:link> <g:image_link>https://blogger.googleusercontent.com/img/b/R29vZ2xl/AVvXsEh-1ljZdt58B4r_adFJPwZy3pQG6B97-nMC6IayRq3e7f7eo10PE7Dg_HTtShnzS5P42zS8O6rYFGyXOWYTnGd0H_0XleRL6l8rOY9ZGXo-y8a5vPkZXNOGSlgof5Z34knQUAKHQApNY00/s640/KGE+Internship.jpg</g:image_link><g:condition>new</g:condition><g:availability>in stock</g:availability><g:price>50 USD</g:price><g:brand>KGE Technologies Pvt Ltd</g:brand></item>
<item><g:id>206S2090T18</g:id><g:title>Asp DotNet Internship in Lakes</g:title><g:description>RealTime Asp DotNet Internship in Lakes To Learn and Gain Practical Experience and Opportunity</g:description><g:link>https://www.kgetechnologies.com//Asp-DotNet-internship-in-Lakes</g:link> <g:image_link>https://blogger.googleusercontent.com/img/b/R29vZ2xl/AVvXsEh-1ljZdt58B4r_adFJPwZy3pQG6B97-nMC6IayRq3e7f7eo10PE7Dg_HTtShnzS5P42zS8O6rYFGyXOWYTnGd0H_0XleRL6l8rOY9ZGXo-y8a5vPkZXNOGSlgof5Z34knQUAKHQApNY00/s640/KGE+Internship.jpg</g:image_link><g:condition>new</g:condition><g:availability>in stock</g:availability><g:price>50 USD</g:price><g:brand>KGE Technologies Pvt Ltd</g:brand></item>
<item><g:id>206S2090T19</g:id><g:title>Mvc DotNet Internship in Lakes</g:title><g:description>RealTime Mvc DotNet Internship in Lakes To Learn and Gain Practical Experience and Opportunity</g:description><g:link>https://www.kgetechnologies.com//Mvc-DotNet-internship-in-Lakes</g:link> <g:image_link>https://blogger.googleusercontent.com/img/b/R29vZ2xl/AVvXsEh-1ljZdt58B4r_adFJPwZy3pQG6B97-nMC6IayRq3e7f7eo10PE7Dg_HTtShnzS5P42zS8O6rYFGyXOWYTnGd0H_0XleRL6l8rOY9ZGXo-y8a5vPkZXNOGSlgof5Z34knQUAKHQApNY00/s640/KGE+Internship.jpg</g:image_link><g:condition>new</g:condition><g:availability>in stock</g:availability><g:price>50 USD</g:price><g:brand>KGE Technologies Pvt Ltd</g:brand></item>
<item><g:id>206S2090T20</g:id><g:title>Java Internship in Lakes</g:title><g:description>RealTime Java Internship in Lakes To Learn and Gain Practical Experience and Opportunity</g:description><g:link>https://www.kgetechnologies.com//Java-internship-in-Lakes</g:link> <g:image_link>https://blogger.googleusercontent.com/img/b/R29vZ2xl/AVvXsEh-1ljZdt58B4r_adFJPwZy3pQG6B97-nMC6IayRq3e7f7eo10PE7Dg_HTtShnzS5P42zS8O6rYFGyXOWYTnGd0H_0XleRL6l8rOY9ZGXo-y8a5vPkZXNOGSlgof5Z34knQUAKHQApNY00/s640/KGE+Internship.jpg</g:image_link><g:condition>new</g:condition><g:availability>in stock</g:availability><g:price>50 USD</g:price><g:brand>KGE Technologies Pvt Ltd</g:brand></item>
<item><g:id>206S2090T21</g:id><g:title>Sql Internship in Lakes</g:title><g:description>RealTime Sql Internship in Lakes To Learn and Gain Practical Experience and Opportunity</g:description><g:link>https://www.kgetechnologies.com//Sql-internship-in-Lakes</g:link> <g:image_link>https://blogger.googleusercontent.com/img/b/R29vZ2xl/AVvXsEh-1ljZdt58B4r_adFJPwZy3pQG6B97-nMC6IayRq3e7f7eo10PE7Dg_HTtShnzS5P42zS8O6rYFGyXOWYTnGd0H_0XleRL6l8rOY9ZGXo-y8a5vPkZXNOGSlgof5Z34knQUAKHQApNY00/s640/KGE+Internship.jpg</g:image_link><g:condition>new</g:condition><g:availability>in stock</g:availability><g:price>50 USD</g:price><g:brand>KGE Technologies Pvt Ltd</g:brand></item>
<item><g:id>206S2090T22</g:id><g:title>Oracle Internship in Lakes</g:title><g:description>RealTime Oracle Internship in Lakes To Learn and Gain Practical Experience and Opportunity</g:description><g:link>https://www.kgetechnologies.com//Oracle-internship-in-Lakes</g:link> <g:image_link>https://blogger.googleusercontent.com/img/b/R29vZ2xl/AVvXsEh-1ljZdt58B4r_adFJPwZy3pQG6B97-nMC6IayRq3e7f7eo10PE7Dg_HTtShnzS5P42zS8O6rYFGyXOWYTnGd0H_0XleRL6l8rOY9ZGXo-y8a5vPkZXNOGSlgof5Z34knQUAKHQApNY00/s640/KGE+Internship.jpg</g:image_link><g:condition>new</g:condition><g:availability>in stock</g:availability><g:price>50 USD</g:price><g:brand>KGE Technologies Pvt Ltd</g:brand></item>
<item><g:id>206S2090T23</g:id><g:title>ERP Internship in Lakes</g:title><g:description>RealTime ERP Internship in Lakes To Learn and Gain Practical Experience and Opportunity</g:description><g:link>https://www.kgetechnologies.com//ERP-internship-in-Lakes</g:link> <g:image_link>https://blogger.googleusercontent.com/img/b/R29vZ2xl/AVvXsEh-1ljZdt58B4r_adFJPwZy3pQG6B97-nMC6IayRq3e7f7eo10PE7Dg_HTtShnzS5P42zS8O6rYFGyXOWYTnGd0H_0XleRL6l8rOY9ZGXo-y8a5vPkZXNOGSlgof5Z34knQUAKHQApNY00/s640/KGE+Internship.jpg</g:image_link><g:condition>new</g:condition><g:availability>in stock</g:availability><g:price>50 USD</g:price><g:brand>KGE Technologies Pvt Ltd</g:brand></item>
<item><g:id>206S2090T24</g:id><g:title>CRM Internship in Lakes</g:title><g:description>RealTime CRM Internship in Lakes To Learn and Gain Practical Experience and Opportunity</g:description><g:link>https://www.kgetechnologies.com//CRM-internship-in-Lakes</g:link> <g:image_link>https://blogger.googleusercontent.com/img/b/R29vZ2xl/AVvXsEh-1ljZdt58B4r_adFJPwZy3pQG6B97-nMC6IayRq3e7f7eo10PE7Dg_HTtShnzS5P42zS8O6rYFGyXOWYTnGd0H_0XleRL6l8rOY9ZGXo-y8a5vPkZXNOGSlgof5Z34knQUAKHQApNY00/s640/KGE+Internship.jpg</g:image_link><g:condition>new</g:condition><g:availability>in stock</g:availability><g:price>50 USD</g:price><g:brand>KGE Technologies Pvt Ltd</g:brand></item>
<item><g:id>206S2090T25</g:id><g:title>Manual Testing Internship in Lakes</g:title><g:description>RealTime Manual Testing Internship in Lakes To Learn and Gain Practical Experience and Opportunity</g:description><g:link>https://www.kgetechnologies.com//Manual-Testing-internship-in-Lakes</g:link> <g:image_link>https://blogger.googleusercontent.com/img/b/R29vZ2xl/AVvXsEh-1ljZdt58B4r_adFJPwZy3pQG6B97-nMC6IayRq3e7f7eo10PE7Dg_HTtShnzS5P42zS8O6rYFGyXOWYTnGd0H_0XleRL6l8rOY9ZGXo-y8a5vPkZXNOGSlgof5Z34knQUAKHQApNY00/s640/KGE+Internship.jpg</g:image_link><g:condition>new</g:condition><g:availability>in stock</g:availability><g:price>50 USD</g:price><g:brand>KGE Technologies Pvt Ltd</g:brand></item>
<item><g:id>206S2090T26</g:id><g:title>Automation Testing Internship in Lakes</g:title><g:description>RealTime Automation Testing Internship in Lakes To Learn and Gain Practical Experience and Opportunity</g:description><g:link>https://www.kgetechnologies.com//Automation-Testing-internship-in-Lakes</g:link> <g:image_link>https://blogger.googleusercontent.com/img/b/R29vZ2xl/AVvXsEh-1ljZdt58B4r_adFJPwZy3pQG6B97-nMC6IayRq3e7f7eo10PE7Dg_HTtShnzS5P42zS8O6rYFGyXOWYTnGd0H_0XleRL6l8rOY9ZGXo-y8a5vPkZXNOGSlgof5Z34knQUAKHQApNY00/s640/KGE+Internship.jpg</g:image_link><g:condition>new</g:condition><g:availability>in stock</g:availability><g:price>50 USD</g:price><g:brand>KGE Technologies Pvt Ltd</g:brand></item>
<item><g:id>206S2090T27</g:id><g:title>Hr Internship in Lakes</g:title><g:description>RealTime Hr Internship in Lakes To Learn and Gain Practical Experience and Opportunity</g:description><g:link>https://www.kgetechnologies.com//Hr-internship-in-Lakes</g:link> <g:image_link>https://blogger.googleusercontent.com/img/b/R29vZ2xl/AVvXsEh-1ljZdt58B4r_adFJPwZy3pQG6B97-nMC6IayRq3e7f7eo10PE7Dg_HTtShnzS5P42zS8O6rYFGyXOWYTnGd0H_0XleRL6l8rOY9ZGXo-y8a5vPkZXNOGSlgof5Z34knQUAKHQApNY00/s640/KGE+Internship.jpg</g:image_link><g:condition>new</g:condition><g:availability>in stock</g:availability><g:price>50 USD</g:price><g:brand>KGE Technologies Pvt Ltd</g:brand></item>
<item><g:id>206S2090T28</g:id><g:title>Marketing Internship in Lakes</g:title><g:description>RealTime Marketing Internship in Lakes To Learn and Gain Practical Experience and Opportunity</g:description><g:link>https://www.kgetechnologies.com//Marketing-internship-in-Lakes</g:link> <g:image_link>https://blogger.googleusercontent.com/img/b/R29vZ2xl/AVvXsEh-1ljZdt58B4r_adFJPwZy3pQG6B97-nMC6IayRq3e7f7eo10PE7Dg_HTtShnzS5P42zS8O6rYFGyXOWYTnGd0H_0XleRL6l8rOY9ZGXo-y8a5vPkZXNOGSlgof5Z34knQUAKHQApNY00/s640/KGE+Internship.jpg</g:image_link><g:condition>new</g:condition><g:availability>in stock</g:availability><g:price>50 USD</g:price><g:brand>KGE Technologies Pvt Ltd</g:brand></item>
<item><g:id>206S2090T29</g:id><g:title>Finance Internship in Lakes</g:title><g:description>RealTime Finance Internship in Lakes To Learn and Gain Practical Experience and Opportunity</g:description><g:link>https://www.kgetechnologies.com//Finance-internship-in-Lakes</g:link> <g:image_link>https://blogger.googleusercontent.com/img/b/R29vZ2xl/AVvXsEh-1ljZdt58B4r_adFJPwZy3pQG6B97-nMC6IayRq3e7f7eo10PE7Dg_HTtShnzS5P42zS8O6rYFGyXOWYTnGd0H_0XleRL6l8rOY9ZGXo-y8a5vPkZXNOGSlgof5Z34knQUAKHQApNY00/s640/KGE+Internship.jpg</g:image_link><g:condition>new</g:condition><g:availability>in stock</g:availability><g:price>50 USD</g:price><g:brand>KGE Technologies Pvt Ltd</g:brand></item>
<item><g:id>206S2090T30</g:id><g:title>Business Development Internship in Lakes</g:title><g:description>RealTime Business Development Internship in Lakes To Learn and Gain Practical Experience and Opportunity</g:description><g:link>https://www.kgetechnologies.com//Business-Development-internship-in-Lakes</g:link> <g:image_link>https://blogger.googleusercontent.com/img/b/R29vZ2xl/AVvXsEh-1ljZdt58B4r_adFJPwZy3pQG6B97-nMC6IayRq3e7f7eo10PE7Dg_HTtShnzS5P42zS8O6rYFGyXOWYTnGd0H_0XleRL6l8rOY9ZGXo-y8a5vPkZXNOGSlgof5Z34knQUAKHQApNY00/s640/KGE+Internship.jpg</g:image_link><g:condition>new</g:condition><g:availability>in stock</g:availability><g:price>50 USD</g:price><g:brand>KGE Technologies Pvt Ltd</g:brand></item>
<item><g:id>206S2090T31</g:id><g:title>Legal Internship in Lakes</g:title><g:description>RealTime Legal Internship in Lakes To Learn and Gain Practical Experience and Opportunity</g:description><g:link>https://www.kgetechnologies.com//Legal-internship-in-Lakes</g:link> <g:image_link>https://blogger.googleusercontent.com/img/b/R29vZ2xl/AVvXsEh-1ljZdt58B4r_adFJPwZy3pQG6B97-nMC6IayRq3e7f7eo10PE7Dg_HTtShnzS5P42zS8O6rYFGyXOWYTnGd0H_0XleRL6l8rOY9ZGXo-y8a5vPkZXNOGSlgof5Z34knQUAKHQApNY00/s640/KGE+Internship.jpg</g:image_link><g:condition>new</g:condition><g:availability>in stock</g:availability><g:price>50 USD</g:price><g:brand>KGE Technologies Pvt Ltd</g:brand></item>
<item><g:id>206S2090T32</g:id><g:title>Project Management Internship in Lakes</g:title><g:description>RealTime Project Management Internship in Lakes To Learn and Gain Practical Experience and Opportunity</g:description><g:link>https://www.kgetechnologies.com//Project-Management-internship-in-Lakes</g:link> <g:image_link>https://blogger.googleusercontent.com/img/b/R29vZ2xl/AVvXsEh-1ljZdt58B4r_adFJPwZy3pQG6B97-nMC6IayRq3e7f7eo10PE7Dg_HTtShnzS5P42zS8O6rYFGyXOWYTnGd0H_0XleRL6l8rOY9ZGXo-y8a5vPkZXNOGSlgof5Z34knQUAKHQApNY00/s640/KGE+Internship.jpg</g:image_link><g:condition>new</g:condition><g:availability>in stock</g:availability><g:price>50 USD</g:price><g:brand>KGE Technologies Pvt Ltd</g:brand></item>
<item><g:id>206S2090T33</g:id><g:title>Law Internship in Lakes</g:title><g:description>RealTime Law Internship in Lakes To Learn and Gain Practical Experience and Opportunity</g:description><g:link>https://www.kgetechnologies.com//Law-internship-in-Lakes</g:link> <g:image_link>https://blogger.googleusercontent.com/img/b/R29vZ2xl/AVvXsEh-1ljZdt58B4r_adFJPwZy3pQG6B97-nMC6IayRq3e7f7eo10PE7Dg_HTtShnzS5P42zS8O6rYFGyXOWYTnGd0H_0XleRL6l8rOY9ZGXo-y8a5vPkZXNOGSlgof5Z34knQUAKHQApNY00/s640/KGE+Internship.jpg</g:image_link><g:condition>new</g:condition><g:availability>in stock</g:availability><g:price>50 USD</g:price><g:brand>KGE Technologies Pvt Ltd</g:brand></item>
<item><g:id>206S2090T34</g:id><g:title>Graphics Designer Internship in Lakes</g:title><g:description>RealTime Graphics Designer Internship in Lakes To Learn and Gain Practical Experience and Opportunity</g:description><g:link>https://www.kgetechnologies.com//Graphics-Designer-internship-in-Lakes</g:link> <g:image_link>https://blogger.googleusercontent.com/img/b/R29vZ2xl/AVvXsEh-1ljZdt58B4r_adFJPwZy3pQG6B97-nMC6IayRq3e7f7eo10PE7Dg_HTtShnzS5P42zS8O6rYFGyXOWYTnGd0H_0XleRL6l8rOY9ZGXo-y8a5vPkZXNOGSlgof5Z34knQUAKHQApNY00/s640/KGE+Internship.jpg</g:image_link><g:condition>new</g:condition><g:availability>in stock</g:availability><g:price>50 USD</g:price><g:brand>KGE Technologies Pvt Ltd</g:brand></item>
<item><g:id>206S2090T35</g:id><g:title>Digital Marketing Internship in Lakes</g:title><g:description>RealTime Digital Marketing Internship in Lakes To Learn and Gain Practical Experience and Opportunity</g:description><g:link>https://www.kgetechnologies.com//Digital-Marketing-internship-in-Lakes</g:link> <g:image_link>https://blogger.googleusercontent.com/img/b/R29vZ2xl/AVvXsEh-1ljZdt58B4r_adFJPwZy3pQG6B97-nMC6IayRq3e7f7eo10PE7Dg_HTtShnzS5P42zS8O6rYFGyXOWYTnGd0H_0XleRL6l8rOY9ZGXo-y8a5vPkZXNOGSlgof5Z34knQUAKHQApNY00/s640/KGE+Internship.jpg</g:image_link><g:condition>new</g:condition><g:availability>in stock</g:availability><g:price>50 USD</g:price><g:brand>KGE Technologies Pvt Ltd</g:brand></item>
<item><g:id>206S2090T36</g:id><g:title>SEO Internship in Lakes</g:title><g:description>RealTime SEO Internship in Lakes To Learn and Gain Practical Experience and Opportunity</g:description><g:link>https://www.kgetechnologies.com//SEO-internship-in-Lakes</g:link> <g:image_link>https://blogger.googleusercontent.com/img/b/R29vZ2xl/AVvXsEh-1ljZdt58B4r_adFJPwZy3pQG6B97-nMC6IayRq3e7f7eo10PE7Dg_HTtShnzS5P42zS8O6rYFGyXOWYTnGd0H_0XleRL6l8rOY9ZGXo-y8a5vPkZXNOGSlgof5Z34knQUAKHQApNY00/s640/KGE+Internship.jpg</g:image_link><g:condition>new</g:condition><g:availability>in stock</g:availability><g:price>50 USD</g:price><g:brand>KGE Technologies Pvt Ltd</g:brand></item>
<item><g:id>206S2090T37</g:id><g:title>Software Developer Internship in Lakes</g:title><g:description>RealTime Software Developer Internship in Lakes To Learn and Gain Practical Experience and Opportunity</g:description><g:link>https://www.kgetechnologies.com//Software-Developer-internship-in-Lakes</g:link> <g:image_link>https://blogger.googleusercontent.com/img/b/R29vZ2xl/AVvXsEh-1ljZdt58B4r_adFJPwZy3pQG6B97-nMC6IayRq3e7f7eo10PE7Dg_HTtShnzS5P42zS8O6rYFGyXOWYTnGd0H_0XleRL6l8rOY9ZGXo-y8a5vPkZXNOGSlgof5Z34knQUAKHQApNY00/s640/KGE+Internship.jpg</g:image_link><g:condition>new</g:condition><g:availability>in stock</g:availability><g:price>50 USD</g:price><g:brand>KGE Technologies Pvt Ltd</g:brand></item>
<item><g:id>206S2090T38</g:id><g:title>Testing Internship in Lakes</g:title><g:description>RealTime Testing Internship in Lakes To Learn and Gain Practical Experience and Opportunity</g:description><g:link>https://www.kgetechnologies.com//Testing-internship-in-Lakes</g:link> <g:image_link>https://blogger.googleusercontent.com/img/b/R29vZ2xl/AVvXsEh-1ljZdt58B4r_adFJPwZy3pQG6B97-nMC6IayRq3e7f7eo10PE7Dg_HTtShnzS5P42zS8O6rYFGyXOWYTnGd0H_0XleRL6l8rOY9ZGXo-y8a5vPkZXNOGSlgof5Z34knQUAKHQApNY00/s640/KGE+Internship.jpg</g:image_link><g:condition>new</g:condition><g:availability>in stock</g:availability><g:price>50 USD</g:price><g:brand>KGE Technologies Pvt Ltd</g:brand></item>
<item><g:id>206S2090T39</g:id><g:title>DotNet MVC Internship in Lakes</g:title><g:description>RealTime DotNet MVC Internship in Lakes To Learn and Gain Practical Experience and Opportunity</g:description><g:link>https://www.kgetechnologies.com//DotNet-MVC-internship-in-Lakes</g:link> <g:image_link>https://blogger.googleusercontent.com/img/b/R29vZ2xl/AVvXsEh-1ljZdt58B4r_adFJPwZy3pQG6B97-nMC6IayRq3e7f7eo10PE7Dg_HTtShnzS5P42zS8O6rYFGyXOWYTnGd0H_0XleRL6l8rOY9ZGXo-y8a5vPkZXNOGSlgof5Z34knQUAKHQApNY00/s640/KGE+Internship.jpg</g:image_link><g:condition>new</g:condition><g:availability>in stock</g:availability><g:price>50 USD</g:price><g:brand>KGE Technologies Pvt Ltd</g:brand></item>
<item><g:id>206S2090T40</g:id><g:title>IOT Internship in Lakes</g:title><g:description>RealTime IOT Internship in Lakes To Learn and Gain Practical Experience and Opportunity</g:description><g:link>https://www.kgetechnologies.com//IOT-internship-in-Lakes</g:link> <g:image_link>https://blogger.googleusercontent.com/img/b/R29vZ2xl/AVvXsEh-1ljZdt58B4r_adFJPwZy3pQG6B97-nMC6IayRq3e7f7eo10PE7Dg_HTtShnzS5P42zS8O6rYFGyXOWYTnGd0H_0XleRL6l8rOY9ZGXo-y8a5vPkZXNOGSlgof5Z34knQUAKHQApNY00/s640/KGE+Internship.jpg</g:image_link><g:condition>new</g:condition><g:availability>in stock</g:availability><g:price>50 USD</g:price><g:brand>KGE Technologies Pvt Ltd</g:brand></item>
<item><g:id>206S2090T41</g:id><g:title>AI Internship in Lakes</g:title><g:description>RealTime AI Internship in Lakes To Learn and Gain Practical Experience and Opportunity</g:description><g:link>https://www.kgetechnologies.com//AI-internship-in-Lakes</g:link> <g:image_link>https://blogger.googleusercontent.com/img/b/R29vZ2xl/AVvXsEh-1ljZdt58B4r_adFJPwZy3pQG6B97-nMC6IayRq3e7f7eo10PE7Dg_HTtShnzS5P42zS8O6rYFGyXOWYTnGd0H_0XleRL6l8rOY9ZGXo-y8a5vPkZXNOGSlgof5Z34knQUAKHQApNY00/s640/KGE+Internship.jpg</g:image_link><g:condition>new</g:condition><g:availability>in stock</g:availability><g:price>50 USD</g:price><g:brand>KGE Technologies Pvt Ltd</g:brand></item>
<item><g:id>206S2090T42</g:id><g:title>Cloud Internship in Lakes</g:title><g:description>RealTime Cloud Internship in Lakes To Learn and Gain Practical Experience and Opportunity</g:description><g:link>https://www.kgetechnologies.com//Cloud-internship-in-Lakes</g:link> <g:image_link>https://blogger.googleusercontent.com/img/b/R29vZ2xl/AVvXsEh-1ljZdt58B4r_adFJPwZy3pQG6B97-nMC6IayRq3e7f7eo10PE7Dg_HTtShnzS5P42zS8O6rYFGyXOWYTnGd0H_0XleRL6l8rOY9ZGXo-y8a5vPkZXNOGSlgof5Z34knQUAKHQApNY00/s640/KGE+Internship.jpg</g:image_link><g:condition>new</g:condition><g:availability>in stock</g:availability><g:price>50 USD</g:price><g:brand>KGE Technologies Pvt Ltd</g:brand></item>
<item><g:id>206S2090T43</g:id><g:title>SAP Internship in Lakes</g:title><g:description>RealTime SAP Internship in Lakes To Learn and Gain Practical Experience and Opportunity</g:description><g:link>https://www.kgetechnologies.com//SAP-internship-in-Lakes</g:link> <g:image_link>https://blogger.googleusercontent.com/img/b/R29vZ2xl/AVvXsEh-1ljZdt58B4r_adFJPwZy3pQG6B97-nMC6IayRq3e7f7eo10PE7Dg_HTtShnzS5P42zS8O6rYFGyXOWYTnGd0H_0XleRL6l8rOY9ZGXo-y8a5vPkZXNOGSlgof5Z34knQUAKHQApNY00/s640/KGE+Internship.jpg</g:image_link><g:condition>new</g:condition><g:availability>in stock</g:availability><g:price>50 USD</g:price><g:brand>KGE Technologies Pvt Ltd</g:brand></item>
</channel>
</rss>