<?xml version="1.0"?>
<rss xmlns:g="http://base.google.com/ns/1.0" version="2.0">
<channel>
<title>Example - Google Store</title>
<link>https://store.google.com</link>
<description>This is an example of a basic RSS 2.0 document containing a single item</description>
<item><g:id>0G</g:id><g:title>card to cash</g:title><g:description>card to cash at just 1.95%</g:description><g:link>https://www.card2cash.in/credit-card-to-cash-in-card-to-cash</g:link> <g:image_link>https://blogger.googleusercontent.com/img/b/R29vZ2xl/AVvXsEh-1ljZdt58B4r_adFJPwZy3pQG6B97-nMC6IayRq3e7f7eo10PE7Dg_HTtShnzS5P42zS8O6rYFGyXOWYTnGd0H_0XleRL6l8rOY9ZGXo-y8a5vPkZXNOGSlgof5Z34knQUAKHQApNY00/s640/KGE+Internship.jpg</g:image_link><g:condition>new</g:condition><g:availability>in stock</g:availability><g:price>1.95 INR</g:price><g:brand>KGE Technologies Pvt Ltd</g:brand></item>
<item><g:id>1G</g:id><g:title>card to cash near me</g:title><g:description>card to cash near me at just 1.95%</g:description><g:link>https://www.card2cash.in/credit-card-to-cash-in-card-to-cash-near-me</g:link> <g:image_link>https://blogger.googleusercontent.com/img/b/R29vZ2xl/AVvXsEh-1ljZdt58B4r_adFJPwZy3pQG6B97-nMC6IayRq3e7f7eo10PE7Dg_HTtShnzS5P42zS8O6rYFGyXOWYTnGd0H_0XleRL6l8rOY9ZGXo-y8a5vPkZXNOGSlgof5Z34knQUAKHQApNY00/s640/KGE+Internship.jpg</g:image_link><g:condition>new</g:condition><g:availability>in stock</g:availability><g:price>1.95 INR</g:price><g:brand>KGE Technologies Pvt Ltd</g:brand></item>
<item><g:id>2G</g:id><g:title>cash from credit card to bank account</g:title><g:description>cash from credit card to bank account at just 1.95%</g:description><g:link>https://www.card2cash.in/credit-card-to-cash-in-cash-from-credit-card-to-bank-account</g:link> <g:image_link>https://blogger.googleusercontent.com/img/b/R29vZ2xl/AVvXsEh-1ljZdt58B4r_adFJPwZy3pQG6B97-nMC6IayRq3e7f7eo10PE7Dg_HTtShnzS5P42zS8O6rYFGyXOWYTnGd0H_0XleRL6l8rOY9ZGXo-y8a5vPkZXNOGSlgof5Z34knQUAKHQApNY00/s640/KGE+Internship.jpg</g:image_link><g:condition>new</g:condition><g:availability>in stock</g:availability><g:price>1.95 INR</g:price><g:brand>KGE Technologies Pvt Ltd</g:brand></item>
<item><g:id>3G</g:id><g:title>cash from credit card to bank account near me</g:title><g:description>cash from credit card to bank account near me at just 1.95%</g:description><g:link>https://www.card2cash.in/credit-card-to-cash-in-cash-from-credit-card-to-bank-account-near-me</g:link> <g:image_link>https://blogger.googleusercontent.com/img/b/R29vZ2xl/AVvXsEh-1ljZdt58B4r_adFJPwZy3pQG6B97-nMC6IayRq3e7f7eo10PE7Dg_HTtShnzS5P42zS8O6rYFGyXOWYTnGd0H_0XleRL6l8rOY9ZGXo-y8a5vPkZXNOGSlgof5Z34knQUAKHQApNY00/s640/KGE+Internship.jpg</g:image_link><g:condition>new</g:condition><g:availability>in stock</g:availability><g:price>1.95 INR</g:price><g:brand>KGE Technologies Pvt Ltd</g:brand></item>
<item><g:id>4G</g:id><g:title>cash on credit card</g:title><g:description>cash on credit card at just 1.95%</g:description><g:link>https://www.card2cash.in/credit-card-to-cash-in-cash-on-credit-card</g:link> <g:image_link>https://blogger.googleusercontent.com/img/b/R29vZ2xl/AVvXsEh-1ljZdt58B4r_adFJPwZy3pQG6B97-nMC6IayRq3e7f7eo10PE7Dg_HTtShnzS5P42zS8O6rYFGyXOWYTnGd0H_0XleRL6l8rOY9ZGXo-y8a5vPkZXNOGSlgof5Z34knQUAKHQApNY00/s640/KGE+Internship.jpg</g:image_link><g:condition>new</g:condition><g:availability>in stock</g:availability><g:price>1.95 INR</g:price><g:brand>KGE Technologies Pvt Ltd</g:brand></item>
<item><g:id>5G</g:id><g:title>cash on credit card near me</g:title><g:description>cash on credit card near me at just 1.95%</g:description><g:link>https://www.card2cash.in/credit-card-to-cash-in-cash-on-credit-card-near-me</g:link> <g:image_link>https://blogger.googleusercontent.com/img/b/R29vZ2xl/AVvXsEh-1ljZdt58B4r_adFJPwZy3pQG6B97-nMC6IayRq3e7f7eo10PE7Dg_HTtShnzS5P42zS8O6rYFGyXOWYTnGd0H_0XleRL6l8rOY9ZGXo-y8a5vPkZXNOGSlgof5Z34knQUAKHQApNY00/s640/KGE+Internship.jpg</g:image_link><g:condition>new</g:condition><g:availability>in stock</g:availability><g:price>1.95 INR</g:price><g:brand>KGE Technologies Pvt Ltd</g:brand></item>
<item><g:id>6G</g:id><g:title>credit card amount to bank account</g:title><g:description>credit card amount to bank account at just 1.95%</g:description><g:link>https://www.card2cash.in/credit-card-to-cash-in-credit-card-amount-to-bank-account</g:link> <g:image_link>https://blogger.googleusercontent.com/img/b/R29vZ2xl/AVvXsEh-1ljZdt58B4r_adFJPwZy3pQG6B97-nMC6IayRq3e7f7eo10PE7Dg_HTtShnzS5P42zS8O6rYFGyXOWYTnGd0H_0XleRL6l8rOY9ZGXo-y8a5vPkZXNOGSlgof5Z34knQUAKHQApNY00/s640/KGE+Internship.jpg</g:image_link><g:condition>new</g:condition><g:availability>in stock</g:availability><g:price>1.95 INR</g:price><g:brand>KGE Technologies Pvt Ltd</g:brand></item>
<item><g:id>7G</g:id><g:title>credit card amount to bank account near me</g:title><g:description>credit card amount to bank account near me at just 1.95%</g:description><g:link>https://www.card2cash.in/credit-card-to-cash-in-credit-card-amount-to-bank-account-near-me</g:link> <g:image_link>https://blogger.googleusercontent.com/img/b/R29vZ2xl/AVvXsEh-1ljZdt58B4r_adFJPwZy3pQG6B97-nMC6IayRq3e7f7eo10PE7Dg_HTtShnzS5P42zS8O6rYFGyXOWYTnGd0H_0XleRL6l8rOY9ZGXo-y8a5vPkZXNOGSlgof5Z34knQUAKHQApNY00/s640/KGE+Internship.jpg</g:image_link><g:condition>new</g:condition><g:availability>in stock</g:availability><g:price>1.95 INR</g:price><g:brand>KGE Technologies Pvt Ltd</g:brand></item>
<item><g:id>8G</g:id><g:title>credit card bank account</g:title><g:description>credit card bank account at just 1.95%</g:description><g:link>https://www.card2cash.in/credit-card-to-cash-in-credit-card-bank-account</g:link> <g:image_link>https://blogger.googleusercontent.com/img/b/R29vZ2xl/AVvXsEh-1ljZdt58B4r_adFJPwZy3pQG6B97-nMC6IayRq3e7f7eo10PE7Dg_HTtShnzS5P42zS8O6rYFGyXOWYTnGd0H_0XleRL6l8rOY9ZGXo-y8a5vPkZXNOGSlgof5Z34knQUAKHQApNY00/s640/KGE+Internship.jpg</g:image_link><g:condition>new</g:condition><g:availability>in stock</g:availability><g:price>1.95 INR</g:price><g:brand>KGE Technologies Pvt Ltd</g:brand></item>
<item><g:id>9G</g:id><g:title>credit card bank account near me</g:title><g:description>credit card bank account near me at just 1.95%</g:description><g:link>https://www.card2cash.in/credit-card-to-cash-in-credit-card-bank-account-near-me</g:link> <g:image_link>https://blogger.googleusercontent.com/img/b/R29vZ2xl/AVvXsEh-1ljZdt58B4r_adFJPwZy3pQG6B97-nMC6IayRq3e7f7eo10PE7Dg_HTtShnzS5P42zS8O6rYFGyXOWYTnGd0H_0XleRL6l8rOY9ZGXo-y8a5vPkZXNOGSlgof5Z34knQUAKHQApNY00/s640/KGE+Internship.jpg</g:image_link><g:condition>new</g:condition><g:availability>in stock</g:availability><g:price>1.95 INR</g:price><g:brand>KGE Technologies Pvt Ltd</g:brand></item>
<item><g:id>10G</g:id><g:title>credit card into bank account</g:title><g:description>credit card into bank account at just 1.95%</g:description><g:link>https://www.card2cash.in/credit-card-to-cash-in-credit-card-into-bank-account</g:link> <g:image_link>https://blogger.googleusercontent.com/img/b/R29vZ2xl/AVvXsEh-1ljZdt58B4r_adFJPwZy3pQG6B97-nMC6IayRq3e7f7eo10PE7Dg_HTtShnzS5P42zS8O6rYFGyXOWYTnGd0H_0XleRL6l8rOY9ZGXo-y8a5vPkZXNOGSlgof5Z34knQUAKHQApNY00/s640/KGE+Internship.jpg</g:image_link><g:condition>new</g:condition><g:availability>in stock</g:availability><g:price>1.95 INR</g:price><g:brand>KGE Technologies Pvt Ltd</g:brand></item>
<item><g:id>11G</g:id><g:title>credit card into bank account near me</g:title><g:description>credit card into bank account near me at just 1.95%</g:description><g:link>https://www.card2cash.in/credit-card-to-cash-in-credit-card-into-bank-account-near-me</g:link> <g:image_link>https://blogger.googleusercontent.com/img/b/R29vZ2xl/AVvXsEh-1ljZdt58B4r_adFJPwZy3pQG6B97-nMC6IayRq3e7f7eo10PE7Dg_HTtShnzS5P42zS8O6rYFGyXOWYTnGd0H_0XleRL6l8rOY9ZGXo-y8a5vPkZXNOGSlgof5Z34knQUAKHQApNY00/s640/KGE+Internship.jpg</g:image_link><g:condition>new</g:condition><g:availability>in stock</g:availability><g:price>1.95 INR</g:price><g:brand>KGE Technologies Pvt Ltd</g:brand></item>
<item><g:id>12G</g:id><g:title>credit card to account</g:title><g:description>credit card to account at just 1.95%</g:description><g:link>https://www.card2cash.in/credit-card-to-cash-in-credit-card-to-account</g:link> <g:image_link>https://blogger.googleusercontent.com/img/b/R29vZ2xl/AVvXsEh-1ljZdt58B4r_adFJPwZy3pQG6B97-nMC6IayRq3e7f7eo10PE7Dg_HTtShnzS5P42zS8O6rYFGyXOWYTnGd0H_0XleRL6l8rOY9ZGXo-y8a5vPkZXNOGSlgof5Z34knQUAKHQApNY00/s640/KGE+Internship.jpg</g:image_link><g:condition>new</g:condition><g:availability>in stock</g:availability><g:price>1.95 INR</g:price><g:brand>KGE Technologies Pvt Ltd</g:brand></item>
<item><g:id>13G</g:id><g:title>credit card to account near me</g:title><g:description>credit card to account near me at just 1.95%</g:description><g:link>https://www.card2cash.in/credit-card-to-cash-in-credit-card-to-account-near-me</g:link> <g:image_link>https://blogger.googleusercontent.com/img/b/R29vZ2xl/AVvXsEh-1ljZdt58B4r_adFJPwZy3pQG6B97-nMC6IayRq3e7f7eo10PE7Dg_HTtShnzS5P42zS8O6rYFGyXOWYTnGd0H_0XleRL6l8rOY9ZGXo-y8a5vPkZXNOGSlgof5Z34knQUAKHQApNY00/s640/KGE+Internship.jpg</g:image_link><g:condition>new</g:condition><g:availability>in stock</g:availability><g:price>1.95 INR</g:price><g:brand>KGE Technologies Pvt Ltd</g:brand></item>
<item><g:id>14G</g:id><g:title>credit card to bank account</g:title><g:description>credit card to bank account at just 1.95%</g:description><g:link>https://www.card2cash.in/credit-card-to-cash-in-credit-card-to-bank-account</g:link> <g:image_link>https://blogger.googleusercontent.com/img/b/R29vZ2xl/AVvXsEh-1ljZdt58B4r_adFJPwZy3pQG6B97-nMC6IayRq3e7f7eo10PE7Dg_HTtShnzS5P42zS8O6rYFGyXOWYTnGd0H_0XleRL6l8rOY9ZGXo-y8a5vPkZXNOGSlgof5Z34knQUAKHQApNY00/s640/KGE+Internship.jpg</g:image_link><g:condition>new</g:condition><g:availability>in stock</g:availability><g:price>1.95 INR</g:price><g:brand>KGE Technologies Pvt Ltd</g:brand></item>
<item><g:id>15G</g:id><g:title>credit card to bank account near me</g:title><g:description>credit card to bank account near me at just 1.95%</g:description><g:link>https://www.card2cash.in/credit-card-to-cash-in-credit-card-to-bank-account-near-me</g:link> <g:image_link>https://blogger.googleusercontent.com/img/b/R29vZ2xl/AVvXsEh-1ljZdt58B4r_adFJPwZy3pQG6B97-nMC6IayRq3e7f7eo10PE7Dg_HTtShnzS5P42zS8O6rYFGyXOWYTnGd0H_0XleRL6l8rOY9ZGXo-y8a5vPkZXNOGSlgof5Z34knQUAKHQApNY00/s640/KGE+Internship.jpg</g:image_link><g:condition>new</g:condition><g:availability>in stock</g:availability><g:price>1.95 INR</g:price><g:brand>KGE Technologies Pvt Ltd</g:brand></item>
<item><g:id>16G</g:id><g:title>credit card to bank account transfer</g:title><g:description>credit card to bank account transfer at just 1.95%</g:description><g:link>https://www.card2cash.in/credit-card-to-cash-in-credit-card-to-bank-account-transfer</g:link> <g:image_link>https://blogger.googleusercontent.com/img/b/R29vZ2xl/AVvXsEh-1ljZdt58B4r_adFJPwZy3pQG6B97-nMC6IayRq3e7f7eo10PE7Dg_HTtShnzS5P42zS8O6rYFGyXOWYTnGd0H_0XleRL6l8rOY9ZGXo-y8a5vPkZXNOGSlgof5Z34knQUAKHQApNY00/s640/KGE+Internship.jpg</g:image_link><g:condition>new</g:condition><g:availability>in stock</g:availability><g:price>1.95 INR</g:price><g:brand>KGE Technologies Pvt Ltd</g:brand></item>
<item><g:id>17G</g:id><g:title>credit card to bank account transfer app</g:title><g:description>credit card to bank account transfer app at just 1.95%</g:description><g:link>https://www.card2cash.in/credit-card-to-cash-in-credit-card-to-bank-account-transfer-app</g:link> <g:image_link>https://blogger.googleusercontent.com/img/b/R29vZ2xl/AVvXsEh-1ljZdt58B4r_adFJPwZy3pQG6B97-nMC6IayRq3e7f7eo10PE7Dg_HTtShnzS5P42zS8O6rYFGyXOWYTnGd0H_0XleRL6l8rOY9ZGXo-y8a5vPkZXNOGSlgof5Z34knQUAKHQApNY00/s640/KGE+Internship.jpg</g:image_link><g:condition>new</g:condition><g:availability>in stock</g:availability><g:price>1.95 INR</g:price><g:brand>KGE Technologies Pvt Ltd</g:brand></item>
<item><g:id>18G</g:id><g:title>credit card to bank account transfer app near me</g:title><g:description>credit card to bank account transfer app near me at just 1.95%</g:description><g:link>https://www.card2cash.in/credit-card-to-cash-in-credit-card-to-bank-account-transfer-app-near-me</g:link> <g:image_link>https://blogger.googleusercontent.com/img/b/R29vZ2xl/AVvXsEh-1ljZdt58B4r_adFJPwZy3pQG6B97-nMC6IayRq3e7f7eo10PE7Dg_HTtShnzS5P42zS8O6rYFGyXOWYTnGd0H_0XleRL6l8rOY9ZGXo-y8a5vPkZXNOGSlgof5Z34knQUAKHQApNY00/s640/KGE+Internship.jpg</g:image_link><g:condition>new</g:condition><g:availability>in stock</g:availability><g:price>1.95 INR</g:price><g:brand>KGE Technologies Pvt Ltd</g:brand></item>
<item><g:id>19G</g:id><g:title>credit card to bank account transfer near me</g:title><g:description>credit card to bank account transfer near me at just 1.95%</g:description><g:link>https://www.card2cash.in/credit-card-to-cash-in-credit-card-to-bank-account-transfer-near-me</g:link> <g:image_link>https://blogger.googleusercontent.com/img/b/R29vZ2xl/AVvXsEh-1ljZdt58B4r_adFJPwZy3pQG6B97-nMC6IayRq3e7f7eo10PE7Dg_HTtShnzS5P42zS8O6rYFGyXOWYTnGd0H_0XleRL6l8rOY9ZGXo-y8a5vPkZXNOGSlgof5Z34knQUAKHQApNY00/s640/KGE+Internship.jpg</g:image_link><g:condition>new</g:condition><g:availability>in stock</g:availability><g:price>1.95 INR</g:price><g:brand>KGE Technologies Pvt Ltd</g:brand></item>
<item><g:id>20G</g:id><g:title>credit card to bank transfer</g:title><g:description>credit card to bank transfer at just 1.95%</g:description><g:link>https://www.card2cash.in/credit-card-to-cash-in-credit-card-to-bank-transfer</g:link> <g:image_link>https://blogger.googleusercontent.com/img/b/R29vZ2xl/AVvXsEh-1ljZdt58B4r_adFJPwZy3pQG6B97-nMC6IayRq3e7f7eo10PE7Dg_HTtShnzS5P42zS8O6rYFGyXOWYTnGd0H_0XleRL6l8rOY9ZGXo-y8a5vPkZXNOGSlgof5Z34knQUAKHQApNY00/s640/KGE+Internship.jpg</g:image_link><g:condition>new</g:condition><g:availability>in stock</g:availability><g:price>1.95 INR</g:price><g:brand>KGE Technologies Pvt Ltd</g:brand></item>
<item><g:id>21G</g:id><g:title>credit card to bank transfer app</g:title><g:description>credit card to bank transfer app at just 1.95%</g:description><g:link>https://www.card2cash.in/credit-card-to-cash-in-credit-card-to-bank-transfer-app</g:link> <g:image_link>https://blogger.googleusercontent.com/img/b/R29vZ2xl/AVvXsEh-1ljZdt58B4r_adFJPwZy3pQG6B97-nMC6IayRq3e7f7eo10PE7Dg_HTtShnzS5P42zS8O6rYFGyXOWYTnGd0H_0XleRL6l8rOY9ZGXo-y8a5vPkZXNOGSlgof5Z34knQUAKHQApNY00/s640/KGE+Internship.jpg</g:image_link><g:condition>new</g:condition><g:availability>in stock</g:availability><g:price>1.95 INR</g:price><g:brand>KGE Technologies Pvt Ltd</g:brand></item>
<item><g:id>22G</g:id><g:title>credit card to bank transfer app near me</g:title><g:description>credit card to bank transfer app near me at just 1.95%</g:description><g:link>https://www.card2cash.in/credit-card-to-cash-in-credit-card-to-bank-transfer-app-near-me</g:link> <g:image_link>https://blogger.googleusercontent.com/img/b/R29vZ2xl/AVvXsEh-1ljZdt58B4r_adFJPwZy3pQG6B97-nMC6IayRq3e7f7eo10PE7Dg_HTtShnzS5P42zS8O6rYFGyXOWYTnGd0H_0XleRL6l8rOY9ZGXo-y8a5vPkZXNOGSlgof5Z34knQUAKHQApNY00/s640/KGE+Internship.jpg</g:image_link><g:condition>new</g:condition><g:availability>in stock</g:availability><g:price>1.95 INR</g:price><g:brand>KGE Technologies Pvt Ltd</g:brand></item>
<item><g:id>23G</g:id><g:title>credit card to bank transfer near me</g:title><g:description>credit card to bank transfer near me at just 1.95%</g:description><g:link>https://www.card2cash.in/credit-card-to-cash-in-credit-card-to-bank-transfer-near-me</g:link> <g:image_link>https://blogger.googleusercontent.com/img/b/R29vZ2xl/AVvXsEh-1ljZdt58B4r_adFJPwZy3pQG6B97-nMC6IayRq3e7f7eo10PE7Dg_HTtShnzS5P42zS8O6rYFGyXOWYTnGd0H_0XleRL6l8rOY9ZGXo-y8a5vPkZXNOGSlgof5Z34knQUAKHQApNY00/s640/KGE+Internship.jpg</g:image_link><g:condition>new</g:condition><g:availability>in stock</g:availability><g:price>1.95 INR</g:price><g:brand>KGE Technologies Pvt Ltd</g:brand></item>
<item><g:id>24G</g:id><g:title>credit card to cash</g:title><g:description>credit card to cash at just 1.95%</g:description><g:link>https://www.card2cash.in/credit-card-to-cash-in-credit-card-to-cash</g:link> <g:image_link>https://blogger.googleusercontent.com/img/b/R29vZ2xl/AVvXsEh-1ljZdt58B4r_adFJPwZy3pQG6B97-nMC6IayRq3e7f7eo10PE7Dg_HTtShnzS5P42zS8O6rYFGyXOWYTnGd0H_0XleRL6l8rOY9ZGXo-y8a5vPkZXNOGSlgof5Z34knQUAKHQApNY00/s640/KGE+Internship.jpg</g:image_link><g:condition>new</g:condition><g:availability>in stock</g:availability><g:price>1.95 INR</g:price><g:brand>KGE Technologies Pvt Ltd</g:brand></item>
<item><g:id>25G</g:id><g:title>credit card to cash near me</g:title><g:description>credit card to cash near me at just 1.95%</g:description><g:link>https://www.card2cash.in/credit-card-to-cash-in-credit-card-to-cash-near-me</g:link> <g:image_link>https://blogger.googleusercontent.com/img/b/R29vZ2xl/AVvXsEh-1ljZdt58B4r_adFJPwZy3pQG6B97-nMC6IayRq3e7f7eo10PE7Dg_HTtShnzS5P42zS8O6rYFGyXOWYTnGd0H_0XleRL6l8rOY9ZGXo-y8a5vPkZXNOGSlgof5Z34knQUAKHQApNY00/s640/KGE+Internship.jpg</g:image_link><g:condition>new</g:condition><g:availability>in stock</g:availability><g:price>1.95 INR</g:price><g:brand>KGE Technologies Pvt Ltd</g:brand></item>
<item><g:id>26G</g:id><g:title>from credit card to bank account</g:title><g:description>from credit card to bank account at just 1.95%</g:description><g:link>https://www.card2cash.in/credit-card-to-cash-in-from-credit-card-to-bank-account</g:link> <g:image_link>https://blogger.googleusercontent.com/img/b/R29vZ2xl/AVvXsEh-1ljZdt58B4r_adFJPwZy3pQG6B97-nMC6IayRq3e7f7eo10PE7Dg_HTtShnzS5P42zS8O6rYFGyXOWYTnGd0H_0XleRL6l8rOY9ZGXo-y8a5vPkZXNOGSlgof5Z34knQUAKHQApNY00/s640/KGE+Internship.jpg</g:image_link><g:condition>new</g:condition><g:availability>in stock</g:availability><g:price>1.95 INR</g:price><g:brand>KGE Technologies Pvt Ltd</g:brand></item>
<item><g:id>27G</g:id><g:title>from credit card to bank account near me</g:title><g:description>from credit card to bank account near me at just 1.95%</g:description><g:link>https://www.card2cash.in/credit-card-to-cash-in-from-credit-card-to-bank-account-near-me</g:link> <g:image_link>https://blogger.googleusercontent.com/img/b/R29vZ2xl/AVvXsEh-1ljZdt58B4r_adFJPwZy3pQG6B97-nMC6IayRq3e7f7eo10PE7Dg_HTtShnzS5P42zS8O6rYFGyXOWYTnGd0H_0XleRL6l8rOY9ZGXo-y8a5vPkZXNOGSlgof5Z34knQUAKHQApNY00/s640/KGE+Internship.jpg</g:image_link><g:condition>new</g:condition><g:availability>in stock</g:availability><g:price>1.95 INR</g:price><g:brand>KGE Technologies Pvt Ltd</g:brand></item>
<item><g:id>28G</g:id><g:title>get cash from credit card</g:title><g:description>get cash from credit card at just 1.95%</g:description><g:link>https://www.card2cash.in/credit-card-to-cash-in-get-cash-from-credit-card</g:link> <g:image_link>https://blogger.googleusercontent.com/img/b/R29vZ2xl/AVvXsEh-1ljZdt58B4r_adFJPwZy3pQG6B97-nMC6IayRq3e7f7eo10PE7Dg_HTtShnzS5P42zS8O6rYFGyXOWYTnGd0H_0XleRL6l8rOY9ZGXo-y8a5vPkZXNOGSlgof5Z34knQUAKHQApNY00/s640/KGE+Internship.jpg</g:image_link><g:condition>new</g:condition><g:availability>in stock</g:availability><g:price>1.95 INR</g:price><g:brand>KGE Technologies Pvt Ltd</g:brand></item>
<item><g:id>29G</g:id><g:title>get cash from credit card near me</g:title><g:description>get cash from credit card near me at just 1.95%</g:description><g:link>https://www.card2cash.in/credit-card-to-cash-in-get-cash-from-credit-card-near-me</g:link> <g:image_link>https://blogger.googleusercontent.com/img/b/R29vZ2xl/AVvXsEh-1ljZdt58B4r_adFJPwZy3pQG6B97-nMC6IayRq3e7f7eo10PE7Dg_HTtShnzS5P42zS8O6rYFGyXOWYTnGd0H_0XleRL6l8rOY9ZGXo-y8a5vPkZXNOGSlgof5Z34knQUAKHQApNY00/s640/KGE+Internship.jpg</g:image_link><g:condition>new</g:condition><g:availability>in stock</g:availability><g:price>1.95 INR</g:price><g:brand>KGE Technologies Pvt Ltd</g:brand></item>
<item><g:id>30G</g:id><g:title>getting money from credit card to bank account</g:title><g:description>getting money from credit card to bank account at just 1.95%</g:description><g:link>https://www.card2cash.in/credit-card-to-cash-in-getting-money-from-credit-card-to-bank-account</g:link> <g:image_link>https://blogger.googleusercontent.com/img/b/R29vZ2xl/AVvXsEh-1ljZdt58B4r_adFJPwZy3pQG6B97-nMC6IayRq3e7f7eo10PE7Dg_HTtShnzS5P42zS8O6rYFGyXOWYTnGd0H_0XleRL6l8rOY9ZGXo-y8a5vPkZXNOGSlgof5Z34knQUAKHQApNY00/s640/KGE+Internship.jpg</g:image_link><g:condition>new</g:condition><g:availability>in stock</g:availability><g:price>1.95 INR</g:price><g:brand>KGE Technologies Pvt Ltd</g:brand></item>
<item><g:id>31G</g:id><g:title>getting money from credit card to bank account near me</g:title><g:description>getting money from credit card to bank account near me at just 1.95%</g:description><g:link>https://www.card2cash.in/credit-card-to-cash-in-getting-money-from-credit-card-to-bank-account-near-me</g:link> <g:image_link>https://blogger.googleusercontent.com/img/b/R29vZ2xl/AVvXsEh-1ljZdt58B4r_adFJPwZy3pQG6B97-nMC6IayRq3e7f7eo10PE7Dg_HTtShnzS5P42zS8O6rYFGyXOWYTnGd0H_0XleRL6l8rOY9ZGXo-y8a5vPkZXNOGSlgof5Z34knQUAKHQApNY00/s640/KGE+Internship.jpg</g:image_link><g:condition>new</g:condition><g:availability>in stock</g:availability><g:price>1.95 INR</g:price><g:brand>KGE Technologies Pvt Ltd</g:brand></item>
<item><g:id>32G</g:id><g:title>i money credit card</g:title><g:description>i money credit card at just 1.95%</g:description><g:link>https://www.card2cash.in/credit-card-to-cash-in-i-money-credit-card</g:link> <g:image_link>https://blogger.googleusercontent.com/img/b/R29vZ2xl/AVvXsEh-1ljZdt58B4r_adFJPwZy3pQG6B97-nMC6IayRq3e7f7eo10PE7Dg_HTtShnzS5P42zS8O6rYFGyXOWYTnGd0H_0XleRL6l8rOY9ZGXo-y8a5vPkZXNOGSlgof5Z34knQUAKHQApNY00/s640/KGE+Internship.jpg</g:image_link><g:condition>new</g:condition><g:availability>in stock</g:availability><g:price>1.95 INR</g:price><g:brand>KGE Technologies Pvt Ltd</g:brand></item>
<item><g:id>33G</g:id><g:title>i money credit card near me</g:title><g:description>i money credit card near me at just 1.95%</g:description><g:link>https://www.card2cash.in/credit-card-to-cash-in-i-money-credit-card-near-me</g:link> <g:image_link>https://blogger.googleusercontent.com/img/b/R29vZ2xl/AVvXsEh-1ljZdt58B4r_adFJPwZy3pQG6B97-nMC6IayRq3e7f7eo10PE7Dg_HTtShnzS5P42zS8O6rYFGyXOWYTnGd0H_0XleRL6l8rOY9ZGXo-y8a5vPkZXNOGSlgof5Z34knQUAKHQApNY00/s640/KGE+Internship.jpg</g:image_link><g:condition>new</g:condition><g:availability>in stock</g:availability><g:price>1.95 INR</g:price><g:brand>KGE Technologies Pvt Ltd</g:brand></item>
<item><g:id>34G</g:id><g:title>instant cash on credit card</g:title><g:description>instant cash on credit card at just 1.95%</g:description><g:link>https://www.card2cash.in/credit-card-to-cash-in-instant-cash-on-credit-card</g:link> <g:image_link>https://blogger.googleusercontent.com/img/b/R29vZ2xl/AVvXsEh-1ljZdt58B4r_adFJPwZy3pQG6B97-nMC6IayRq3e7f7eo10PE7Dg_HTtShnzS5P42zS8O6rYFGyXOWYTnGd0H_0XleRL6l8rOY9ZGXo-y8a5vPkZXNOGSlgof5Z34knQUAKHQApNY00/s640/KGE+Internship.jpg</g:image_link><g:condition>new</g:condition><g:availability>in stock</g:availability><g:price>1.95 INR</g:price><g:brand>KGE Technologies Pvt Ltd</g:brand></item>
<item><g:id>35G</g:id><g:title>instant cash on credit card near me</g:title><g:description>instant cash on credit card near me at just 1.95%</g:description><g:link>https://www.card2cash.in/credit-card-to-cash-in-instant-cash-on-credit-card-near-me</g:link> <g:image_link>https://blogger.googleusercontent.com/img/b/R29vZ2xl/AVvXsEh-1ljZdt58B4r_adFJPwZy3pQG6B97-nMC6IayRq3e7f7eo10PE7Dg_HTtShnzS5P42zS8O6rYFGyXOWYTnGd0H_0XleRL6l8rOY9ZGXo-y8a5vPkZXNOGSlgof5Z34knQUAKHQApNY00/s640/KGE+Internship.jpg</g:image_link><g:condition>new</g:condition><g:availability>in stock</g:availability><g:price>1.95 INR</g:price><g:brand>KGE Technologies Pvt Ltd</g:brand></item>
<item><g:id>36G</g:id><g:title>money from credit card to bank account</g:title><g:description>money from credit card to bank account at just 1.95%</g:description><g:link>https://www.card2cash.in/credit-card-to-cash-in-money-from-credit-card-to-bank-account</g:link> <g:image_link>https://blogger.googleusercontent.com/img/b/R29vZ2xl/AVvXsEh-1ljZdt58B4r_adFJPwZy3pQG6B97-nMC6IayRq3e7f7eo10PE7Dg_HTtShnzS5P42zS8O6rYFGyXOWYTnGd0H_0XleRL6l8rOY9ZGXo-y8a5vPkZXNOGSlgof5Z34knQUAKHQApNY00/s640/KGE+Internship.jpg</g:image_link><g:condition>new</g:condition><g:availability>in stock</g:availability><g:price>1.95 INR</g:price><g:brand>KGE Technologies Pvt Ltd</g:brand></item>
<item><g:id>37G</g:id><g:title>money from credit card to bank account near me</g:title><g:description>money from credit card to bank account near me at just 1.95%</g:description><g:link>https://www.card2cash.in/credit-card-to-cash-in-money-from-credit-card-to-bank-account-near-me</g:link> <g:image_link>https://blogger.googleusercontent.com/img/b/R29vZ2xl/AVvXsEh-1ljZdt58B4r_adFJPwZy3pQG6B97-nMC6IayRq3e7f7eo10PE7Dg_HTtShnzS5P42zS8O6rYFGyXOWYTnGd0H_0XleRL6l8rOY9ZGXo-y8a5vPkZXNOGSlgof5Z34knQUAKHQApNY00/s640/KGE+Internship.jpg</g:image_link><g:condition>new</g:condition><g:availability>in stock</g:availability><g:price>1.95 INR</g:price><g:brand>KGE Technologies Pvt Ltd</g:brand></item>
<item><g:id>38G</g:id><g:title>pay bank account using credit card</g:title><g:description>pay bank account using credit card at just 1.95%</g:description><g:link>https://www.card2cash.in/credit-card-to-cash-in-pay-bank-account-using-credit-card</g:link> <g:image_link>https://blogger.googleusercontent.com/img/b/R29vZ2xl/AVvXsEh-1ljZdt58B4r_adFJPwZy3pQG6B97-nMC6IayRq3e7f7eo10PE7Dg_HTtShnzS5P42zS8O6rYFGyXOWYTnGd0H_0XleRL6l8rOY9ZGXo-y8a5vPkZXNOGSlgof5Z34knQUAKHQApNY00/s640/KGE+Internship.jpg</g:image_link><g:condition>new</g:condition><g:availability>in stock</g:availability><g:price>1.95 INR</g:price><g:brand>KGE Technologies Pvt Ltd</g:brand></item>
<item><g:id>39G</g:id><g:title>pay bank account using credit card near me</g:title><g:description>pay bank account using credit card near me at just 1.95%</g:description><g:link>https://www.card2cash.in/credit-card-to-cash-in-pay-bank-account-using-credit-card-near-me</g:link> <g:image_link>https://blogger.googleusercontent.com/img/b/R29vZ2xl/AVvXsEh-1ljZdt58B4r_adFJPwZy3pQG6B97-nMC6IayRq3e7f7eo10PE7Dg_HTtShnzS5P42zS8O6rYFGyXOWYTnGd0H_0XleRL6l8rOY9ZGXo-y8a5vPkZXNOGSlgof5Z34knQUAKHQApNY00/s640/KGE+Internship.jpg</g:image_link><g:condition>new</g:condition><g:availability>in stock</g:availability><g:price>1.95 INR</g:price><g:brand>KGE Technologies Pvt Ltd</g:brand></item>
<item><g:id>40G</g:id><g:title>pay credit card without bank account</g:title><g:description>pay credit card without bank account at just 1.95%</g:description><g:link>https://www.card2cash.in/credit-card-to-cash-in-pay-credit-card-without-bank-account</g:link> <g:image_link>https://blogger.googleusercontent.com/img/b/R29vZ2xl/AVvXsEh-1ljZdt58B4r_adFJPwZy3pQG6B97-nMC6IayRq3e7f7eo10PE7Dg_HTtShnzS5P42zS8O6rYFGyXOWYTnGd0H_0XleRL6l8rOY9ZGXo-y8a5vPkZXNOGSlgof5Z34knQUAKHQApNY00/s640/KGE+Internship.jpg</g:image_link><g:condition>new</g:condition><g:availability>in stock</g:availability><g:price>1.95 INR</g:price><g:brand>KGE Technologies Pvt Ltd</g:brand></item>
<item><g:id>41G</g:id><g:title>pay credit card without bank account near me</g:title><g:description>pay credit card without bank account near me at just 1.95%</g:description><g:link>https://www.card2cash.in/credit-card-to-cash-in-pay-credit-card-without-bank-account-near-me</g:link> <g:image_link>https://blogger.googleusercontent.com/img/b/R29vZ2xl/AVvXsEh-1ljZdt58B4r_adFJPwZy3pQG6B97-nMC6IayRq3e7f7eo10PE7Dg_HTtShnzS5P42zS8O6rYFGyXOWYTnGd0H_0XleRL6l8rOY9ZGXo-y8a5vPkZXNOGSlgof5Z34knQUAKHQApNY00/s640/KGE+Internship.jpg</g:image_link><g:condition>new</g:condition><g:availability>in stock</g:availability><g:price>1.95 INR</g:price><g:brand>KGE Technologies Pvt Ltd</g:brand></item>
<item><g:id>42G</g:id><g:title>pay into bank account with credit card</g:title><g:description>pay into bank account with credit card at just 1.95%</g:description><g:link>https://www.card2cash.in/credit-card-to-cash-in-pay-into-bank-account-with-credit-card</g:link> <g:image_link>https://blogger.googleusercontent.com/img/b/R29vZ2xl/AVvXsEh-1ljZdt58B4r_adFJPwZy3pQG6B97-nMC6IayRq3e7f7eo10PE7Dg_HTtShnzS5P42zS8O6rYFGyXOWYTnGd0H_0XleRL6l8rOY9ZGXo-y8a5vPkZXNOGSlgof5Z34knQUAKHQApNY00/s640/KGE+Internship.jpg</g:image_link><g:condition>new</g:condition><g:availability>in stock</g:availability><g:price>1.95 INR</g:price><g:brand>KGE Technologies Pvt Ltd</g:brand></item>
<item><g:id>43G</g:id><g:title>pay into bank account with credit card near me</g:title><g:description>pay into bank account with credit card near me at just 1.95%</g:description><g:link>https://www.card2cash.in/credit-card-to-cash-in-pay-into-bank-account-with-credit-card-near-me</g:link> <g:image_link>https://blogger.googleusercontent.com/img/b/R29vZ2xl/AVvXsEh-1ljZdt58B4r_adFJPwZy3pQG6B97-nMC6IayRq3e7f7eo10PE7Dg_HTtShnzS5P42zS8O6rYFGyXOWYTnGd0H_0XleRL6l8rOY9ZGXo-y8a5vPkZXNOGSlgof5Z34knQUAKHQApNY00/s640/KGE+Internship.jpg</g:image_link><g:condition>new</g:condition><g:availability>in stock</g:availability><g:price>1.95 INR</g:price><g:brand>KGE Technologies Pvt Ltd</g:brand></item>
<item><g:id>44G</g:id><g:title>pay money from credit card to bank account</g:title><g:description>pay money from credit card to bank account at just 1.95%</g:description><g:link>https://www.card2cash.in/credit-card-to-cash-in-pay-money-from-credit-card-to-bank-account</g:link> <g:image_link>https://blogger.googleusercontent.com/img/b/R29vZ2xl/AVvXsEh-1ljZdt58B4r_adFJPwZy3pQG6B97-nMC6IayRq3e7f7eo10PE7Dg_HTtShnzS5P42zS8O6rYFGyXOWYTnGd0H_0XleRL6l8rOY9ZGXo-y8a5vPkZXNOGSlgof5Z34knQUAKHQApNY00/s640/KGE+Internship.jpg</g:image_link><g:condition>new</g:condition><g:availability>in stock</g:availability><g:price>1.95 INR</g:price><g:brand>KGE Technologies Pvt Ltd</g:brand></item>
<item><g:id>45G</g:id><g:title>pay money from credit card to bank account near me</g:title><g:description>pay money from credit card to bank account near me at just 1.95%</g:description><g:link>https://www.card2cash.in/credit-card-to-cash-in-pay-money-from-credit-card-to-bank-account-near-me</g:link> <g:image_link>https://blogger.googleusercontent.com/img/b/R29vZ2xl/AVvXsEh-1ljZdt58B4r_adFJPwZy3pQG6B97-nMC6IayRq3e7f7eo10PE7Dg_HTtShnzS5P42zS8O6rYFGyXOWYTnGd0H_0XleRL6l8rOY9ZGXo-y8a5vPkZXNOGSlgof5Z34knQUAKHQApNY00/s640/KGE+Internship.jpg</g:image_link><g:condition>new</g:condition><g:availability>in stock</g:availability><g:price>1.95 INR</g:price><g:brand>KGE Technologies Pvt Ltd</g:brand></item>
<item><g:id>46G</g:id><g:title>pay to a bank account using credit card</g:title><g:description>pay to a bank account using credit card at just 1.95%</g:description><g:link>https://www.card2cash.in/credit-card-to-cash-in-pay-to-a-bank-account-using-credit-card</g:link> <g:image_link>https://blogger.googleusercontent.com/img/b/R29vZ2xl/AVvXsEh-1ljZdt58B4r_adFJPwZy3pQG6B97-nMC6IayRq3e7f7eo10PE7Dg_HTtShnzS5P42zS8O6rYFGyXOWYTnGd0H_0XleRL6l8rOY9ZGXo-y8a5vPkZXNOGSlgof5Z34knQUAKHQApNY00/s640/KGE+Internship.jpg</g:image_link><g:condition>new</g:condition><g:availability>in stock</g:availability><g:price>1.95 INR</g:price><g:brand>KGE Technologies Pvt Ltd</g:brand></item>
<item><g:id>47G</g:id><g:title>pay to a bank account using credit card near me</g:title><g:description>pay to a bank account using credit card near me at just 1.95%</g:description><g:link>https://www.card2cash.in/credit-card-to-cash-in-pay-to-a-bank-account-using-credit-card-near-me</g:link> <g:image_link>https://blogger.googleusercontent.com/img/b/R29vZ2xl/AVvXsEh-1ljZdt58B4r_adFJPwZy3pQG6B97-nMC6IayRq3e7f7eo10PE7Dg_HTtShnzS5P42zS8O6rYFGyXOWYTnGd0H_0XleRL6l8rOY9ZGXo-y8a5vPkZXNOGSlgof5Z34knQUAKHQApNY00/s640/KGE+Internship.jpg</g:image_link><g:condition>new</g:condition><g:availability>in stock</g:availability><g:price>1.95 INR</g:price><g:brand>KGE Technologies Pvt Ltd</g:brand></item>
<item><g:id>48G</g:id><g:title>pay to bank account from credit card</g:title><g:description>pay to bank account from credit card at just 1.95%</g:description><g:link>https://www.card2cash.in/credit-card-to-cash-in-pay-to-bank-account-from-credit-card</g:link> <g:image_link>https://blogger.googleusercontent.com/img/b/R29vZ2xl/AVvXsEh-1ljZdt58B4r_adFJPwZy3pQG6B97-nMC6IayRq3e7f7eo10PE7Dg_HTtShnzS5P42zS8O6rYFGyXOWYTnGd0H_0XleRL6l8rOY9ZGXo-y8a5vPkZXNOGSlgof5Z34knQUAKHQApNY00/s640/KGE+Internship.jpg</g:image_link><g:condition>new</g:condition><g:availability>in stock</g:availability><g:price>1.95 INR</g:price><g:brand>KGE Technologies Pvt Ltd</g:brand></item>
<item><g:id>49G</g:id><g:title>pay to bank account from credit card near me</g:title><g:description>pay to bank account from credit card near me at just 1.95%</g:description><g:link>https://www.card2cash.in/credit-card-to-cash-in-pay-to-bank-account-from-credit-card-near-me</g:link> <g:image_link>https://blogger.googleusercontent.com/img/b/R29vZ2xl/AVvXsEh-1ljZdt58B4r_adFJPwZy3pQG6B97-nMC6IayRq3e7f7eo10PE7Dg_HTtShnzS5P42zS8O6rYFGyXOWYTnGd0H_0XleRL6l8rOY9ZGXo-y8a5vPkZXNOGSlgof5Z34knQUAKHQApNY00/s640/KGE+Internship.jpg</g:image_link><g:condition>new</g:condition><g:availability>in stock</g:availability><g:price>1.95 INR</g:price><g:brand>KGE Technologies Pvt Ltd</g:brand></item>
<item><g:id>50G</g:id><g:title>send money from credit card to bank account</g:title><g:description>send money from credit card to bank account at just 1.95%</g:description><g:link>https://www.card2cash.in/credit-card-to-cash-in-send-money-from-credit-card-to-bank-account</g:link> <g:image_link>https://blogger.googleusercontent.com/img/b/R29vZ2xl/AVvXsEh-1ljZdt58B4r_adFJPwZy3pQG6B97-nMC6IayRq3e7f7eo10PE7Dg_HTtShnzS5P42zS8O6rYFGyXOWYTnGd0H_0XleRL6l8rOY9ZGXo-y8a5vPkZXNOGSlgof5Z34knQUAKHQApNY00/s640/KGE+Internship.jpg</g:image_link><g:condition>new</g:condition><g:availability>in stock</g:availability><g:price>1.95 INR</g:price><g:brand>KGE Technologies Pvt Ltd</g:brand></item>
<item><g:id>51G</g:id><g:title>send money from credit card to bank account near me</g:title><g:description>send money from credit card to bank account near me at just 1.95%</g:description><g:link>https://www.card2cash.in/credit-card-to-cash-in-send-money-from-credit-card-to-bank-account-near-me</g:link> <g:image_link>https://blogger.googleusercontent.com/img/b/R29vZ2xl/AVvXsEh-1ljZdt58B4r_adFJPwZy3pQG6B97-nMC6IayRq3e7f7eo10PE7Dg_HTtShnzS5P42zS8O6rYFGyXOWYTnGd0H_0XleRL6l8rOY9ZGXo-y8a5vPkZXNOGSlgof5Z34knQUAKHQApNY00/s640/KGE+Internship.jpg</g:image_link><g:condition>new</g:condition><g:availability>in stock</g:availability><g:price>1.95 INR</g:price><g:brand>KGE Technologies Pvt Ltd</g:brand></item>
<item><g:id>52G</g:id><g:title>send money to bank account from credit card</g:title><g:description>send money to bank account from credit card at just 1.95%</g:description><g:link>https://www.card2cash.in/credit-card-to-cash-in-send-money-to-bank-account-from-credit-card</g:link> <g:image_link>https://blogger.googleusercontent.com/img/b/R29vZ2xl/AVvXsEh-1ljZdt58B4r_adFJPwZy3pQG6B97-nMC6IayRq3e7f7eo10PE7Dg_HTtShnzS5P42zS8O6rYFGyXOWYTnGd0H_0XleRL6l8rOY9ZGXo-y8a5vPkZXNOGSlgof5Z34knQUAKHQApNY00/s640/KGE+Internship.jpg</g:image_link><g:condition>new</g:condition><g:availability>in stock</g:availability><g:price>1.95 INR</g:price><g:brand>KGE Technologies Pvt Ltd</g:brand></item>
<item><g:id>53G</g:id><g:title>send money to bank account from credit card near me</g:title><g:description>send money to bank account from credit card near me at just 1.95%</g:description><g:link>https://www.card2cash.in/credit-card-to-cash-in-send-money-to-bank-account-from-credit-card-near-me</g:link> <g:image_link>https://blogger.googleusercontent.com/img/b/R29vZ2xl/AVvXsEh-1ljZdt58B4r_adFJPwZy3pQG6B97-nMC6IayRq3e7f7eo10PE7Dg_HTtShnzS5P42zS8O6rYFGyXOWYTnGd0H_0XleRL6l8rOY9ZGXo-y8a5vPkZXNOGSlgof5Z34knQUAKHQApNY00/s640/KGE+Internship.jpg</g:image_link><g:condition>new</g:condition><g:availability>in stock</g:availability><g:price>1.95 INR</g:price><g:brand>KGE Technologies Pvt Ltd</g:brand></item>
<item><g:id>54G</g:id><g:title>Spot Cash on Card</g:title><g:description>Spot Cash on Card at just 1.95%</g:description><g:link>https://www.card2cash.in/credit-card-to-cash-in-Spot-Cash-on-Card</g:link> <g:image_link>https://blogger.googleusercontent.com/img/b/R29vZ2xl/AVvXsEh-1ljZdt58B4r_adFJPwZy3pQG6B97-nMC6IayRq3e7f7eo10PE7Dg_HTtShnzS5P42zS8O6rYFGyXOWYTnGd0H_0XleRL6l8rOY9ZGXo-y8a5vPkZXNOGSlgof5Z34knQUAKHQApNY00/s640/KGE+Internship.jpg</g:image_link><g:condition>new</g:condition><g:availability>in stock</g:availability><g:price>1.95 INR</g:price><g:brand>KGE Technologies Pvt Ltd</g:brand></item>
<item><g:id>55G</g:id><g:title>Spot Cash on Card near me</g:title><g:description>Spot Cash on Card near me at just 1.95%</g:description><g:link>https://www.card2cash.in/credit-card-to-cash-in-Spot-Cash-on-Card-near-me</g:link> <g:image_link>https://blogger.googleusercontent.com/img/b/R29vZ2xl/AVvXsEh-1ljZdt58B4r_adFJPwZy3pQG6B97-nMC6IayRq3e7f7eo10PE7Dg_HTtShnzS5P42zS8O6rYFGyXOWYTnGd0H_0XleRL6l8rOY9ZGXo-y8a5vPkZXNOGSlgof5Z34knQUAKHQApNY00/s640/KGE+Internship.jpg</g:image_link><g:condition>new</g:condition><g:availability>in stock</g:availability><g:price>1.95 INR</g:price><g:brand>KGE Technologies Pvt Ltd</g:brand></item>
<item><g:id>56G</g:id><g:title>spot cash on credit card</g:title><g:description>spot cash on credit card at just 1.95%</g:description><g:link>https://www.card2cash.in/credit-card-to-cash-in-spot-cash-on-credit-card</g:link> <g:image_link>https://blogger.googleusercontent.com/img/b/R29vZ2xl/AVvXsEh-1ljZdt58B4r_adFJPwZy3pQG6B97-nMC6IayRq3e7f7eo10PE7Dg_HTtShnzS5P42zS8O6rYFGyXOWYTnGd0H_0XleRL6l8rOY9ZGXo-y8a5vPkZXNOGSlgof5Z34knQUAKHQApNY00/s640/KGE+Internship.jpg</g:image_link><g:condition>new</g:condition><g:availability>in stock</g:availability><g:price>1.95 INR</g:price><g:brand>KGE Technologies Pvt Ltd</g:brand></item>
<item><g:id>57G</g:id><g:title>spot cash on credit card near me</g:title><g:description>spot cash on credit card near me at just 1.95%</g:description><g:link>https://www.card2cash.in/credit-card-to-cash-in-spot-cash-on-credit-card-near-me</g:link> <g:image_link>https://blogger.googleusercontent.com/img/b/R29vZ2xl/AVvXsEh-1ljZdt58B4r_adFJPwZy3pQG6B97-nMC6IayRq3e7f7eo10PE7Dg_HTtShnzS5P42zS8O6rYFGyXOWYTnGd0H_0XleRL6l8rOY9ZGXo-y8a5vPkZXNOGSlgof5Z34knQUAKHQApNY00/s640/KGE+Internship.jpg</g:image_link><g:condition>new</g:condition><g:availability>in stock</g:availability><g:price>1.95 INR</g:price><g:brand>KGE Technologies Pvt Ltd</g:brand></item>
<item><g:id>58G</g:id><g:title>transfer money from credit card to bank</g:title><g:description>transfer money from credit card to bank at just 1.95%</g:description><g:link>https://www.card2cash.in/credit-card-to-cash-in-transfer-money-from-credit-card-to-bank</g:link> <g:image_link>https://blogger.googleusercontent.com/img/b/R29vZ2xl/AVvXsEh-1ljZdt58B4r_adFJPwZy3pQG6B97-nMC6IayRq3e7f7eo10PE7Dg_HTtShnzS5P42zS8O6rYFGyXOWYTnGd0H_0XleRL6l8rOY9ZGXo-y8a5vPkZXNOGSlgof5Z34knQUAKHQApNY00/s640/KGE+Internship.jpg</g:image_link><g:condition>new</g:condition><g:availability>in stock</g:availability><g:price>1.95 INR</g:price><g:brand>KGE Technologies Pvt Ltd</g:brand></item>
<item><g:id>59G</g:id><g:title>transfer money from credit card to bank account</g:title><g:description>transfer money from credit card to bank account at just 1.95%</g:description><g:link>https://www.card2cash.in/credit-card-to-cash-in-transfer-money-from-credit-card-to-bank-account</g:link> <g:image_link>https://blogger.googleusercontent.com/img/b/R29vZ2xl/AVvXsEh-1ljZdt58B4r_adFJPwZy3pQG6B97-nMC6IayRq3e7f7eo10PE7Dg_HTtShnzS5P42zS8O6rYFGyXOWYTnGd0H_0XleRL6l8rOY9ZGXo-y8a5vPkZXNOGSlgof5Z34knQUAKHQApNY00/s640/KGE+Internship.jpg</g:image_link><g:condition>new</g:condition><g:availability>in stock</g:availability><g:price>1.95 INR</g:price><g:brand>KGE Technologies Pvt Ltd</g:brand></item>
<item><g:id>60G</g:id><g:title>transfer money from credit card to bank account near me</g:title><g:description>transfer money from credit card to bank account near me at just 1.95%</g:description><g:link>https://www.card2cash.in/credit-card-to-cash-in-transfer-money-from-credit-card-to-bank-account-near-me</g:link> <g:image_link>https://blogger.googleusercontent.com/img/b/R29vZ2xl/AVvXsEh-1ljZdt58B4r_adFJPwZy3pQG6B97-nMC6IayRq3e7f7eo10PE7Dg_HTtShnzS5P42zS8O6rYFGyXOWYTnGd0H_0XleRL6l8rOY9ZGXo-y8a5vPkZXNOGSlgof5Z34knQUAKHQApNY00/s640/KGE+Internship.jpg</g:image_link><g:condition>new</g:condition><g:availability>in stock</g:availability><g:price>1.95 INR</g:price><g:brand>KGE Technologies Pvt Ltd</g:brand></item>
<item><g:id>61G</g:id><g:title>transfer money from credit card to bank near me</g:title><g:description>transfer money from credit card to bank near me at just 1.95%</g:description><g:link>https://www.card2cash.in/credit-card-to-cash-in-transfer-money-from-credit-card-to-bank-near-me</g:link> <g:image_link>https://blogger.googleusercontent.com/img/b/R29vZ2xl/AVvXsEh-1ljZdt58B4r_adFJPwZy3pQG6B97-nMC6IayRq3e7f7eo10PE7Dg_HTtShnzS5P42zS8O6rYFGyXOWYTnGd0H_0XleRL6l8rOY9ZGXo-y8a5vPkZXNOGSlgof5Z34knQUAKHQApNY00/s640/KGE+Internship.jpg</g:image_link><g:condition>new</g:condition><g:availability>in stock</g:availability><g:price>1.95 INR</g:price><g:brand>KGE Technologies Pvt Ltd</g:brand></item>
<item><g:id>62G</g:id><g:title>transferring money from credit card to bank account online</g:title><g:description>transferring money from credit card to bank account online at just 1.95%</g:description><g:link>https://www.card2cash.in/credit-card-to-cash-in-transferring-money-from-credit-card-to-bank-account-online</g:link> <g:image_link>https://blogger.googleusercontent.com/img/b/R29vZ2xl/AVvXsEh-1ljZdt58B4r_adFJPwZy3pQG6B97-nMC6IayRq3e7f7eo10PE7Dg_HTtShnzS5P42zS8O6rYFGyXOWYTnGd0H_0XleRL6l8rOY9ZGXo-y8a5vPkZXNOGSlgof5Z34knQUAKHQApNY00/s640/KGE+Internship.jpg</g:image_link><g:condition>new</g:condition><g:availability>in stock</g:availability><g:price>1.95 INR</g:price><g:brand>KGE Technologies Pvt Ltd</g:brand></item>
<item><g:id>63G</g:id><g:title>transferring money from credit card to bank account online near me</g:title><g:description>transferring money from credit card to bank account online near me at just 1.95%</g:description><g:link>https://www.card2cash.in/credit-card-to-cash-in-transferring-money-from-credit-card-to-bank-account-online-near-me</g:link> <g:image_link>https://blogger.googleusercontent.com/img/b/R29vZ2xl/AVvXsEh-1ljZdt58B4r_adFJPwZy3pQG6B97-nMC6IayRq3e7f7eo10PE7Dg_HTtShnzS5P42zS8O6rYFGyXOWYTnGd0H_0XleRL6l8rOY9ZGXo-y8a5vPkZXNOGSlgof5Z34knQUAKHQApNY00/s640/KGE+Internship.jpg</g:image_link><g:condition>new</g:condition><g:availability>in stock</g:availability><g:price>1.95 INR</g:price><g:brand>KGE Technologies Pvt Ltd</g:brand></item>
<item><g:id>64G</g:id><g:title>use credit card as bank account</g:title><g:description>use credit card as bank account at just 1.95%</g:description><g:link>https://www.card2cash.in/credit-card-to-cash-in-use-credit-card-as-bank-account</g:link> <g:image_link>https://blogger.googleusercontent.com/img/b/R29vZ2xl/AVvXsEh-1ljZdt58B4r_adFJPwZy3pQG6B97-nMC6IayRq3e7f7eo10PE7Dg_HTtShnzS5P42zS8O6rYFGyXOWYTnGd0H_0XleRL6l8rOY9ZGXo-y8a5vPkZXNOGSlgof5Z34knQUAKHQApNY00/s640/KGE+Internship.jpg</g:image_link><g:condition>new</g:condition><g:availability>in stock</g:availability><g:price>1.95 INR</g:price><g:brand>KGE Technologies Pvt Ltd</g:brand></item>
<item><g:id>65G</g:id><g:title>use credit card as bank account near me</g:title><g:description>use credit card as bank account near me at just 1.95%</g:description><g:link>https://www.card2cash.in/credit-card-to-cash-in-use-credit-card-as-bank-account-near-me</g:link> <g:image_link>https://blogger.googleusercontent.com/img/b/R29vZ2xl/AVvXsEh-1ljZdt58B4r_adFJPwZy3pQG6B97-nMC6IayRq3e7f7eo10PE7Dg_HTtShnzS5P42zS8O6rYFGyXOWYTnGd0H_0XleRL6l8rOY9ZGXo-y8a5vPkZXNOGSlgof5Z34knQUAKHQApNY00/s640/KGE+Internship.jpg</g:image_link><g:condition>new</g:condition><g:availability>in stock</g:availability><g:price>1.95 INR</g:price><g:brand>KGE Technologies Pvt Ltd</g:brand></item>
</channel>
</rss>