<?xml version="1.0"?>
<rss xmlns:g="http://base.google.com/ns/1.0" version="2.0">
<channel>
<title>Example - Google Store</title>
<link>https://store.google.com</link>
<description>This is an example of a basic RSS 2.0 document containing a single item</description>
<item><g:id>C0G132399</g:id><g:title>card to cash in Kargil</g:title><g:description>card to cash in Kargil at just 1.95%</g:description><g:link>https://www.card2cash.in/credit-card-to-cash-in-card-to-cash-Kargil</g:link> <g:image_link>https://blogger.googleusercontent.com/img/b/R29vZ2xl/AVvXsEh-1ljZdt58B4r_adFJPwZy3pQG6B97-nMC6IayRq3e7f7eo10PE7Dg_HTtShnzS5P42zS8O6rYFGyXOWYTnGd0H_0XleRL6l8rOY9ZGXo-y8a5vPkZXNOGSlgof5Z34knQUAKHQApNY00/s640/KGE+Internship.jpg</g:image_link><g:condition>new</g:condition><g:availability>in stock</g:availability><g:price>1.95 INR</g:price><g:brand>KGE Technologies Pvt Ltd</g:brand></item>
<item><g:id>C1G132399</g:id><g:title>cash from credit card to bank account in Kargil</g:title><g:description>cash from credit card to bank account in Kargil at just 1.95%</g:description><g:link>https://www.card2cash.in/credit-card-to-cash-in-cash-from-credit-card-to-bank-account-Kargil</g:link> <g:image_link>https://blogger.googleusercontent.com/img/b/R29vZ2xl/AVvXsEh-1ljZdt58B4r_adFJPwZy3pQG6B97-nMC6IayRq3e7f7eo10PE7Dg_HTtShnzS5P42zS8O6rYFGyXOWYTnGd0H_0XleRL6l8rOY9ZGXo-y8a5vPkZXNOGSlgof5Z34knQUAKHQApNY00/s640/KGE+Internship.jpg</g:image_link><g:condition>new</g:condition><g:availability>in stock</g:availability><g:price>1.95 INR</g:price><g:brand>KGE Technologies Pvt Ltd</g:brand></item>
<item><g:id>C2G132399</g:id><g:title>cash on credit card in Kargil</g:title><g:description>cash on credit card in Kargil at just 1.95%</g:description><g:link>https://www.card2cash.in/credit-card-to-cash-in-cash-on-credit-card-Kargil</g:link> <g:image_link>https://blogger.googleusercontent.com/img/b/R29vZ2xl/AVvXsEh-1ljZdt58B4r_adFJPwZy3pQG6B97-nMC6IayRq3e7f7eo10PE7Dg_HTtShnzS5P42zS8O6rYFGyXOWYTnGd0H_0XleRL6l8rOY9ZGXo-y8a5vPkZXNOGSlgof5Z34knQUAKHQApNY00/s640/KGE+Internship.jpg</g:image_link><g:condition>new</g:condition><g:availability>in stock</g:availability><g:price>1.95 INR</g:price><g:brand>KGE Technologies Pvt Ltd</g:brand></item>
<item><g:id>C3G132399</g:id><g:title>credit card amount to bank account in Kargil</g:title><g:description>credit card amount to bank account in Kargil at just 1.95%</g:description><g:link>https://www.card2cash.in/credit-card-to-cash-in-credit-card-amount-to-bank-account-Kargil</g:link> <g:image_link>https://blogger.googleusercontent.com/img/b/R29vZ2xl/AVvXsEh-1ljZdt58B4r_adFJPwZy3pQG6B97-nMC6IayRq3e7f7eo10PE7Dg_HTtShnzS5P42zS8O6rYFGyXOWYTnGd0H_0XleRL6l8rOY9ZGXo-y8a5vPkZXNOGSlgof5Z34knQUAKHQApNY00/s640/KGE+Internship.jpg</g:image_link><g:condition>new</g:condition><g:availability>in stock</g:availability><g:price>1.95 INR</g:price><g:brand>KGE Technologies Pvt Ltd</g:brand></item>
<item><g:id>C4G132399</g:id><g:title>credit card bank account in Kargil</g:title><g:description>credit card bank account in Kargil at just 1.95%</g:description><g:link>https://www.card2cash.in/credit-card-to-cash-in-credit-card-bank-account-Kargil</g:link> <g:image_link>https://blogger.googleusercontent.com/img/b/R29vZ2xl/AVvXsEh-1ljZdt58B4r_adFJPwZy3pQG6B97-nMC6IayRq3e7f7eo10PE7Dg_HTtShnzS5P42zS8O6rYFGyXOWYTnGd0H_0XleRL6l8rOY9ZGXo-y8a5vPkZXNOGSlgof5Z34knQUAKHQApNY00/s640/KGE+Internship.jpg</g:image_link><g:condition>new</g:condition><g:availability>in stock</g:availability><g:price>1.95 INR</g:price><g:brand>KGE Technologies Pvt Ltd</g:brand></item>
<item><g:id>C5G132399</g:id><g:title>credit card into bank account in Kargil</g:title><g:description>credit card into bank account in Kargil at just 1.95%</g:description><g:link>https://www.card2cash.in/credit-card-to-cash-in-credit-card-into-bank-account-Kargil</g:link> <g:image_link>https://blogger.googleusercontent.com/img/b/R29vZ2xl/AVvXsEh-1ljZdt58B4r_adFJPwZy3pQG6B97-nMC6IayRq3e7f7eo10PE7Dg_HTtShnzS5P42zS8O6rYFGyXOWYTnGd0H_0XleRL6l8rOY9ZGXo-y8a5vPkZXNOGSlgof5Z34knQUAKHQApNY00/s640/KGE+Internship.jpg</g:image_link><g:condition>new</g:condition><g:availability>in stock</g:availability><g:price>1.95 INR</g:price><g:brand>KGE Technologies Pvt Ltd</g:brand></item>
<item><g:id>C6G132399</g:id><g:title>credit card to account in Kargil</g:title><g:description>credit card to account in Kargil at just 1.95%</g:description><g:link>https://www.card2cash.in/credit-card-to-cash-in-credit-card-to-account-Kargil</g:link> <g:image_link>https://blogger.googleusercontent.com/img/b/R29vZ2xl/AVvXsEh-1ljZdt58B4r_adFJPwZy3pQG6B97-nMC6IayRq3e7f7eo10PE7Dg_HTtShnzS5P42zS8O6rYFGyXOWYTnGd0H_0XleRL6l8rOY9ZGXo-y8a5vPkZXNOGSlgof5Z34knQUAKHQApNY00/s640/KGE+Internship.jpg</g:image_link><g:condition>new</g:condition><g:availability>in stock</g:availability><g:price>1.95 INR</g:price><g:brand>KGE Technologies Pvt Ltd</g:brand></item>
<item><g:id>C7G132399</g:id><g:title>credit card to bank account in Kargil</g:title><g:description>credit card to bank account in Kargil at just 1.95%</g:description><g:link>https://www.card2cash.in/credit-card-to-cash-in-credit-card-to-bank-account-Kargil</g:link> <g:image_link>https://blogger.googleusercontent.com/img/b/R29vZ2xl/AVvXsEh-1ljZdt58B4r_adFJPwZy3pQG6B97-nMC6IayRq3e7f7eo10PE7Dg_HTtShnzS5P42zS8O6rYFGyXOWYTnGd0H_0XleRL6l8rOY9ZGXo-y8a5vPkZXNOGSlgof5Z34knQUAKHQApNY00/s640/KGE+Internship.jpg</g:image_link><g:condition>new</g:condition><g:availability>in stock</g:availability><g:price>1.95 INR</g:price><g:brand>KGE Technologies Pvt Ltd</g:brand></item>
<item><g:id>C8G132399</g:id><g:title>credit card to bank account transfer in Kargil</g:title><g:description>credit card to bank account transfer in Kargil at just 1.95%</g:description><g:link>https://www.card2cash.in/credit-card-to-cash-in-credit-card-to-bank-account-transfer-Kargil</g:link> <g:image_link>https://blogger.googleusercontent.com/img/b/R29vZ2xl/AVvXsEh-1ljZdt58B4r_adFJPwZy3pQG6B97-nMC6IayRq3e7f7eo10PE7Dg_HTtShnzS5P42zS8O6rYFGyXOWYTnGd0H_0XleRL6l8rOY9ZGXo-y8a5vPkZXNOGSlgof5Z34knQUAKHQApNY00/s640/KGE+Internship.jpg</g:image_link><g:condition>new</g:condition><g:availability>in stock</g:availability><g:price>1.95 INR</g:price><g:brand>KGE Technologies Pvt Ltd</g:brand></item>
<item><g:id>C9G132399</g:id><g:title>credit card to bank account transfer app in Kargil</g:title><g:description>credit card to bank account transfer app in Kargil at just 1.95%</g:description><g:link>https://www.card2cash.in/credit-card-to-cash-in-credit-card-to-bank-account-transfer-app-Kargil</g:link> <g:image_link>https://blogger.googleusercontent.com/img/b/R29vZ2xl/AVvXsEh-1ljZdt58B4r_adFJPwZy3pQG6B97-nMC6IayRq3e7f7eo10PE7Dg_HTtShnzS5P42zS8O6rYFGyXOWYTnGd0H_0XleRL6l8rOY9ZGXo-y8a5vPkZXNOGSlgof5Z34knQUAKHQApNY00/s640/KGE+Internship.jpg</g:image_link><g:condition>new</g:condition><g:availability>in stock</g:availability><g:price>1.95 INR</g:price><g:brand>KGE Technologies Pvt Ltd</g:brand></item>
<item><g:id>C10G132399</g:id><g:title>credit card to bank transfer in Kargil</g:title><g:description>credit card to bank transfer in Kargil at just 1.95%</g:description><g:link>https://www.card2cash.in/credit-card-to-cash-in-credit-card-to-bank-transfer-Kargil</g:link> <g:image_link>https://blogger.googleusercontent.com/img/b/R29vZ2xl/AVvXsEh-1ljZdt58B4r_adFJPwZy3pQG6B97-nMC6IayRq3e7f7eo10PE7Dg_HTtShnzS5P42zS8O6rYFGyXOWYTnGd0H_0XleRL6l8rOY9ZGXo-y8a5vPkZXNOGSlgof5Z34knQUAKHQApNY00/s640/KGE+Internship.jpg</g:image_link><g:condition>new</g:condition><g:availability>in stock</g:availability><g:price>1.95 INR</g:price><g:brand>KGE Technologies Pvt Ltd</g:brand></item>
<item><g:id>C11G132399</g:id><g:title>credit card to bank transfer app in Kargil</g:title><g:description>credit card to bank transfer app in Kargil at just 1.95%</g:description><g:link>https://www.card2cash.in/credit-card-to-cash-in-credit-card-to-bank-transfer-app-Kargil</g:link> <g:image_link>https://blogger.googleusercontent.com/img/b/R29vZ2xl/AVvXsEh-1ljZdt58B4r_adFJPwZy3pQG6B97-nMC6IayRq3e7f7eo10PE7Dg_HTtShnzS5P42zS8O6rYFGyXOWYTnGd0H_0XleRL6l8rOY9ZGXo-y8a5vPkZXNOGSlgof5Z34knQUAKHQApNY00/s640/KGE+Internship.jpg</g:image_link><g:condition>new</g:condition><g:availability>in stock</g:availability><g:price>1.95 INR</g:price><g:brand>KGE Technologies Pvt Ltd</g:brand></item>
<item><g:id>C12G132399</g:id><g:title>credit card to cash in Kargil</g:title><g:description>credit card to cash in Kargil at just 1.95%</g:description><g:link>https://www.card2cash.in/credit-card-to-cash-in-credit-card-to-cash-Kargil</g:link> <g:image_link>https://blogger.googleusercontent.com/img/b/R29vZ2xl/AVvXsEh-1ljZdt58B4r_adFJPwZy3pQG6B97-nMC6IayRq3e7f7eo10PE7Dg_HTtShnzS5P42zS8O6rYFGyXOWYTnGd0H_0XleRL6l8rOY9ZGXo-y8a5vPkZXNOGSlgof5Z34knQUAKHQApNY00/s640/KGE+Internship.jpg</g:image_link><g:condition>new</g:condition><g:availability>in stock</g:availability><g:price>1.95 INR</g:price><g:brand>KGE Technologies Pvt Ltd</g:brand></item>
<item><g:id>C13G132399</g:id><g:title>from credit card to bank account in Kargil</g:title><g:description>from credit card to bank account in Kargil at just 1.95%</g:description><g:link>https://www.card2cash.in/credit-card-to-cash-in-from-credit-card-to-bank-account-Kargil</g:link> <g:image_link>https://blogger.googleusercontent.com/img/b/R29vZ2xl/AVvXsEh-1ljZdt58B4r_adFJPwZy3pQG6B97-nMC6IayRq3e7f7eo10PE7Dg_HTtShnzS5P42zS8O6rYFGyXOWYTnGd0H_0XleRL6l8rOY9ZGXo-y8a5vPkZXNOGSlgof5Z34knQUAKHQApNY00/s640/KGE+Internship.jpg</g:image_link><g:condition>new</g:condition><g:availability>in stock</g:availability><g:price>1.95 INR</g:price><g:brand>KGE Technologies Pvt Ltd</g:brand></item>
<item><g:id>C14G132399</g:id><g:title>get cash from credit card in Kargil</g:title><g:description>get cash from credit card in Kargil at just 1.95%</g:description><g:link>https://www.card2cash.in/credit-card-to-cash-in-get-cash-from-credit-card-Kargil</g:link> <g:image_link>https://blogger.googleusercontent.com/img/b/R29vZ2xl/AVvXsEh-1ljZdt58B4r_adFJPwZy3pQG6B97-nMC6IayRq3e7f7eo10PE7Dg_HTtShnzS5P42zS8O6rYFGyXOWYTnGd0H_0XleRL6l8rOY9ZGXo-y8a5vPkZXNOGSlgof5Z34knQUAKHQApNY00/s640/KGE+Internship.jpg</g:image_link><g:condition>new</g:condition><g:availability>in stock</g:availability><g:price>1.95 INR</g:price><g:brand>KGE Technologies Pvt Ltd</g:brand></item>
<item><g:id>C15G132399</g:id><g:title>getting money from credit card to bank account in Kargil</g:title><g:description>getting money from credit card to bank account in Kargil at just 1.95%</g:description><g:link>https://www.card2cash.in/credit-card-to-cash-in-getting-money-from-credit-card-to-bank-account-Kargil</g:link> <g:image_link>https://blogger.googleusercontent.com/img/b/R29vZ2xl/AVvXsEh-1ljZdt58B4r_adFJPwZy3pQG6B97-nMC6IayRq3e7f7eo10PE7Dg_HTtShnzS5P42zS8O6rYFGyXOWYTnGd0H_0XleRL6l8rOY9ZGXo-y8a5vPkZXNOGSlgof5Z34knQUAKHQApNY00/s640/KGE+Internship.jpg</g:image_link><g:condition>new</g:condition><g:availability>in stock</g:availability><g:price>1.95 INR</g:price><g:brand>KGE Technologies Pvt Ltd</g:brand></item>
<item><g:id>C16G132399</g:id><g:title>i money credit card in Kargil</g:title><g:description>i money credit card in Kargil at just 1.95%</g:description><g:link>https://www.card2cash.in/credit-card-to-cash-in-i-money-credit-card-Kargil</g:link> <g:image_link>https://blogger.googleusercontent.com/img/b/R29vZ2xl/AVvXsEh-1ljZdt58B4r_adFJPwZy3pQG6B97-nMC6IayRq3e7f7eo10PE7Dg_HTtShnzS5P42zS8O6rYFGyXOWYTnGd0H_0XleRL6l8rOY9ZGXo-y8a5vPkZXNOGSlgof5Z34knQUAKHQApNY00/s640/KGE+Internship.jpg</g:image_link><g:condition>new</g:condition><g:availability>in stock</g:availability><g:price>1.95 INR</g:price><g:brand>KGE Technologies Pvt Ltd</g:brand></item>
<item><g:id>C17G132399</g:id><g:title>instant cash on credit card in Kargil</g:title><g:description>instant cash on credit card in Kargil at just 1.95%</g:description><g:link>https://www.card2cash.in/credit-card-to-cash-in-instant-cash-on-credit-card-Kargil</g:link> <g:image_link>https://blogger.googleusercontent.com/img/b/R29vZ2xl/AVvXsEh-1ljZdt58B4r_adFJPwZy3pQG6B97-nMC6IayRq3e7f7eo10PE7Dg_HTtShnzS5P42zS8O6rYFGyXOWYTnGd0H_0XleRL6l8rOY9ZGXo-y8a5vPkZXNOGSlgof5Z34knQUAKHQApNY00/s640/KGE+Internship.jpg</g:image_link><g:condition>new</g:condition><g:availability>in stock</g:availability><g:price>1.95 INR</g:price><g:brand>KGE Technologies Pvt Ltd</g:brand></item>
<item><g:id>C18G132399</g:id><g:title>money from credit card to bank account in Kargil</g:title><g:description>money from credit card to bank account in Kargil at just 1.95%</g:description><g:link>https://www.card2cash.in/credit-card-to-cash-in-money-from-credit-card-to-bank-account-Kargil</g:link> <g:image_link>https://blogger.googleusercontent.com/img/b/R29vZ2xl/AVvXsEh-1ljZdt58B4r_adFJPwZy3pQG6B97-nMC6IayRq3e7f7eo10PE7Dg_HTtShnzS5P42zS8O6rYFGyXOWYTnGd0H_0XleRL6l8rOY9ZGXo-y8a5vPkZXNOGSlgof5Z34knQUAKHQApNY00/s640/KGE+Internship.jpg</g:image_link><g:condition>new</g:condition><g:availability>in stock</g:availability><g:price>1.95 INR</g:price><g:brand>KGE Technologies Pvt Ltd</g:brand></item>
<item><g:id>C19G132399</g:id><g:title>pay bank account using credit card in Kargil</g:title><g:description>pay bank account using credit card in Kargil at just 1.95%</g:description><g:link>https://www.card2cash.in/credit-card-to-cash-in-pay-bank-account-using-credit-card-Kargil</g:link> <g:image_link>https://blogger.googleusercontent.com/img/b/R29vZ2xl/AVvXsEh-1ljZdt58B4r_adFJPwZy3pQG6B97-nMC6IayRq3e7f7eo10PE7Dg_HTtShnzS5P42zS8O6rYFGyXOWYTnGd0H_0XleRL6l8rOY9ZGXo-y8a5vPkZXNOGSlgof5Z34knQUAKHQApNY00/s640/KGE+Internship.jpg</g:image_link><g:condition>new</g:condition><g:availability>in stock</g:availability><g:price>1.95 INR</g:price><g:brand>KGE Technologies Pvt Ltd</g:brand></item>
<item><g:id>C20G132399</g:id><g:title>pay credit card without bank account in Kargil</g:title><g:description>pay credit card without bank account in Kargil at just 1.95%</g:description><g:link>https://www.card2cash.in/credit-card-to-cash-in-pay-credit-card-without-bank-account-Kargil</g:link> <g:image_link>https://blogger.googleusercontent.com/img/b/R29vZ2xl/AVvXsEh-1ljZdt58B4r_adFJPwZy3pQG6B97-nMC6IayRq3e7f7eo10PE7Dg_HTtShnzS5P42zS8O6rYFGyXOWYTnGd0H_0XleRL6l8rOY9ZGXo-y8a5vPkZXNOGSlgof5Z34knQUAKHQApNY00/s640/KGE+Internship.jpg</g:image_link><g:condition>new</g:condition><g:availability>in stock</g:availability><g:price>1.95 INR</g:price><g:brand>KGE Technologies Pvt Ltd</g:brand></item>
<item><g:id>C21G132399</g:id><g:title>pay into bank account with credit card in Kargil</g:title><g:description>pay into bank account with credit card in Kargil at just 1.95%</g:description><g:link>https://www.card2cash.in/credit-card-to-cash-in-pay-into-bank-account-with-credit-card-Kargil</g:link> <g:image_link>https://blogger.googleusercontent.com/img/b/R29vZ2xl/AVvXsEh-1ljZdt58B4r_adFJPwZy3pQG6B97-nMC6IayRq3e7f7eo10PE7Dg_HTtShnzS5P42zS8O6rYFGyXOWYTnGd0H_0XleRL6l8rOY9ZGXo-y8a5vPkZXNOGSlgof5Z34knQUAKHQApNY00/s640/KGE+Internship.jpg</g:image_link><g:condition>new</g:condition><g:availability>in stock</g:availability><g:price>1.95 INR</g:price><g:brand>KGE Technologies Pvt Ltd</g:brand></item>
<item><g:id>C22G132399</g:id><g:title>pay money from credit card to bank account in Kargil</g:title><g:description>pay money from credit card to bank account in Kargil at just 1.95%</g:description><g:link>https://www.card2cash.in/credit-card-to-cash-in-pay-money-from-credit-card-to-bank-account-Kargil</g:link> <g:image_link>https://blogger.googleusercontent.com/img/b/R29vZ2xl/AVvXsEh-1ljZdt58B4r_adFJPwZy3pQG6B97-nMC6IayRq3e7f7eo10PE7Dg_HTtShnzS5P42zS8O6rYFGyXOWYTnGd0H_0XleRL6l8rOY9ZGXo-y8a5vPkZXNOGSlgof5Z34knQUAKHQApNY00/s640/KGE+Internship.jpg</g:image_link><g:condition>new</g:condition><g:availability>in stock</g:availability><g:price>1.95 INR</g:price><g:brand>KGE Technologies Pvt Ltd</g:brand></item>
<item><g:id>C23G132399</g:id><g:title>pay to a bank account using credit card in Kargil</g:title><g:description>pay to a bank account using credit card in Kargil at just 1.95%</g:description><g:link>https://www.card2cash.in/credit-card-to-cash-in-pay-to-a-bank-account-using-credit-card-Kargil</g:link> <g:image_link>https://blogger.googleusercontent.com/img/b/R29vZ2xl/AVvXsEh-1ljZdt58B4r_adFJPwZy3pQG6B97-nMC6IayRq3e7f7eo10PE7Dg_HTtShnzS5P42zS8O6rYFGyXOWYTnGd0H_0XleRL6l8rOY9ZGXo-y8a5vPkZXNOGSlgof5Z34knQUAKHQApNY00/s640/KGE+Internship.jpg</g:image_link><g:condition>new</g:condition><g:availability>in stock</g:availability><g:price>1.95 INR</g:price><g:brand>KGE Technologies Pvt Ltd</g:brand></item>
<item><g:id>C24G132399</g:id><g:title>pay to bank account from credit card in Kargil</g:title><g:description>pay to bank account from credit card in Kargil at just 1.95%</g:description><g:link>https://www.card2cash.in/credit-card-to-cash-in-pay-to-bank-account-from-credit-card-Kargil</g:link> <g:image_link>https://blogger.googleusercontent.com/img/b/R29vZ2xl/AVvXsEh-1ljZdt58B4r_adFJPwZy3pQG6B97-nMC6IayRq3e7f7eo10PE7Dg_HTtShnzS5P42zS8O6rYFGyXOWYTnGd0H_0XleRL6l8rOY9ZGXo-y8a5vPkZXNOGSlgof5Z34knQUAKHQApNY00/s640/KGE+Internship.jpg</g:image_link><g:condition>new</g:condition><g:availability>in stock</g:availability><g:price>1.95 INR</g:price><g:brand>KGE Technologies Pvt Ltd</g:brand></item>
<item><g:id>C25G132399</g:id><g:title>send money from credit card to bank account in Kargil</g:title><g:description>send money from credit card to bank account in Kargil at just 1.95%</g:description><g:link>https://www.card2cash.in/credit-card-to-cash-in-send-money-from-credit-card-to-bank-account-Kargil</g:link> <g:image_link>https://blogger.googleusercontent.com/img/b/R29vZ2xl/AVvXsEh-1ljZdt58B4r_adFJPwZy3pQG6B97-nMC6IayRq3e7f7eo10PE7Dg_HTtShnzS5P42zS8O6rYFGyXOWYTnGd0H_0XleRL6l8rOY9ZGXo-y8a5vPkZXNOGSlgof5Z34knQUAKHQApNY00/s640/KGE+Internship.jpg</g:image_link><g:condition>new</g:condition><g:availability>in stock</g:availability><g:price>1.95 INR</g:price><g:brand>KGE Technologies Pvt Ltd</g:brand></item>
<item><g:id>C26G132399</g:id><g:title>send money to bank account from credit card in Kargil</g:title><g:description>send money to bank account from credit card in Kargil at just 1.95%</g:description><g:link>https://www.card2cash.in/credit-card-to-cash-in-send-money-to-bank-account-from-credit-card-Kargil</g:link> <g:image_link>https://blogger.googleusercontent.com/img/b/R29vZ2xl/AVvXsEh-1ljZdt58B4r_adFJPwZy3pQG6B97-nMC6IayRq3e7f7eo10PE7Dg_HTtShnzS5P42zS8O6rYFGyXOWYTnGd0H_0XleRL6l8rOY9ZGXo-y8a5vPkZXNOGSlgof5Z34knQUAKHQApNY00/s640/KGE+Internship.jpg</g:image_link><g:condition>new</g:condition><g:availability>in stock</g:availability><g:price>1.95 INR</g:price><g:brand>KGE Technologies Pvt Ltd</g:brand></item>
<item><g:id>C27G132399</g:id><g:title>Spot Cash on Card in Kargil</g:title><g:description>Spot Cash on Card in Kargil at just 1.95%</g:description><g:link>https://www.card2cash.in/credit-card-to-cash-in-Spot-Cash-on-Card-Kargil</g:link> <g:image_link>https://blogger.googleusercontent.com/img/b/R29vZ2xl/AVvXsEh-1ljZdt58B4r_adFJPwZy3pQG6B97-nMC6IayRq3e7f7eo10PE7Dg_HTtShnzS5P42zS8O6rYFGyXOWYTnGd0H_0XleRL6l8rOY9ZGXo-y8a5vPkZXNOGSlgof5Z34knQUAKHQApNY00/s640/KGE+Internship.jpg</g:image_link><g:condition>new</g:condition><g:availability>in stock</g:availability><g:price>1.95 INR</g:price><g:brand>KGE Technologies Pvt Ltd</g:brand></item>
<item><g:id>C28G132399</g:id><g:title>spot cash on credit card in Kargil</g:title><g:description>spot cash on credit card in Kargil at just 1.95%</g:description><g:link>https://www.card2cash.in/credit-card-to-cash-in-spot-cash-on-credit-card-Kargil</g:link> <g:image_link>https://blogger.googleusercontent.com/img/b/R29vZ2xl/AVvXsEh-1ljZdt58B4r_adFJPwZy3pQG6B97-nMC6IayRq3e7f7eo10PE7Dg_HTtShnzS5P42zS8O6rYFGyXOWYTnGd0H_0XleRL6l8rOY9ZGXo-y8a5vPkZXNOGSlgof5Z34knQUAKHQApNY00/s640/KGE+Internship.jpg</g:image_link><g:condition>new</g:condition><g:availability>in stock</g:availability><g:price>1.95 INR</g:price><g:brand>KGE Technologies Pvt Ltd</g:brand></item>
<item><g:id>C29G132399</g:id><g:title>transfer money from credit card to bank in Kargil</g:title><g:description>transfer money from credit card to bank in Kargil at just 1.95%</g:description><g:link>https://www.card2cash.in/credit-card-to-cash-in-transfer-money-from-credit-card-to-bank-Kargil</g:link> <g:image_link>https://blogger.googleusercontent.com/img/b/R29vZ2xl/AVvXsEh-1ljZdt58B4r_adFJPwZy3pQG6B97-nMC6IayRq3e7f7eo10PE7Dg_HTtShnzS5P42zS8O6rYFGyXOWYTnGd0H_0XleRL6l8rOY9ZGXo-y8a5vPkZXNOGSlgof5Z34knQUAKHQApNY00/s640/KGE+Internship.jpg</g:image_link><g:condition>new</g:condition><g:availability>in stock</g:availability><g:price>1.95 INR</g:price><g:brand>KGE Technologies Pvt Ltd</g:brand></item>
<item><g:id>C30G132399</g:id><g:title>transfer money from credit card to bank account in Kargil</g:title><g:description>transfer money from credit card to bank account in Kargil at just 1.95%</g:description><g:link>https://www.card2cash.in/credit-card-to-cash-in-transfer-money-from-credit-card-to-bank-account-Kargil</g:link> <g:image_link>https://blogger.googleusercontent.com/img/b/R29vZ2xl/AVvXsEh-1ljZdt58B4r_adFJPwZy3pQG6B97-nMC6IayRq3e7f7eo10PE7Dg_HTtShnzS5P42zS8O6rYFGyXOWYTnGd0H_0XleRL6l8rOY9ZGXo-y8a5vPkZXNOGSlgof5Z34knQUAKHQApNY00/s640/KGE+Internship.jpg</g:image_link><g:condition>new</g:condition><g:availability>in stock</g:availability><g:price>1.95 INR</g:price><g:brand>KGE Technologies Pvt Ltd</g:brand></item>
<item><g:id>C31G132399</g:id><g:title>transferring money from credit card to bank account online in Kargil</g:title><g:description>transferring money from credit card to bank account online in Kargil at just 1.95%</g:description><g:link>https://www.card2cash.in/credit-card-to-cash-in-transferring-money-from-credit-card-to-bank-account-online-Kargil</g:link> <g:image_link>https://blogger.googleusercontent.com/img/b/R29vZ2xl/AVvXsEh-1ljZdt58B4r_adFJPwZy3pQG6B97-nMC6IayRq3e7f7eo10PE7Dg_HTtShnzS5P42zS8O6rYFGyXOWYTnGd0H_0XleRL6l8rOY9ZGXo-y8a5vPkZXNOGSlgof5Z34knQUAKHQApNY00/s640/KGE+Internship.jpg</g:image_link><g:condition>new</g:condition><g:availability>in stock</g:availability><g:price>1.95 INR</g:price><g:brand>KGE Technologies Pvt Ltd</g:brand></item>
<item><g:id>C32G132399</g:id><g:title>use credit card as bank account in Kargil</g:title><g:description>use credit card as bank account in Kargil at just 1.95%</g:description><g:link>https://www.card2cash.in/credit-card-to-cash-in-use-credit-card-as-bank-account-Kargil</g:link> <g:image_link>https://blogger.googleusercontent.com/img/b/R29vZ2xl/AVvXsEh-1ljZdt58B4r_adFJPwZy3pQG6B97-nMC6IayRq3e7f7eo10PE7Dg_HTtShnzS5P42zS8O6rYFGyXOWYTnGd0H_0XleRL6l8rOY9ZGXo-y8a5vPkZXNOGSlgof5Z34knQUAKHQApNY00/s640/KGE+Internship.jpg</g:image_link><g:condition>new</g:condition><g:availability>in stock</g:availability><g:price>1.95 INR</g:price><g:brand>KGE Technologies Pvt Ltd</g:brand></item>
<item><g:id>C33G132762</g:id><g:title>card to cash in Leh</g:title><g:description>card to cash in Leh at just 1.95%</g:description><g:link>https://www.card2cash.in/credit-card-to-cash-in-card-to-cash-Leh</g:link> <g:image_link>https://blogger.googleusercontent.com/img/b/R29vZ2xl/AVvXsEh-1ljZdt58B4r_adFJPwZy3pQG6B97-nMC6IayRq3e7f7eo10PE7Dg_HTtShnzS5P42zS8O6rYFGyXOWYTnGd0H_0XleRL6l8rOY9ZGXo-y8a5vPkZXNOGSlgof5Z34knQUAKHQApNY00/s640/KGE+Internship.jpg</g:image_link><g:condition>new</g:condition><g:availability>in stock</g:availability><g:price>1.95 INR</g:price><g:brand>KGE Technologies Pvt Ltd</g:brand></item>
<item><g:id>C34G132762</g:id><g:title>cash from credit card to bank account in Leh</g:title><g:description>cash from credit card to bank account in Leh at just 1.95%</g:description><g:link>https://www.card2cash.in/credit-card-to-cash-in-cash-from-credit-card-to-bank-account-Leh</g:link> <g:image_link>https://blogger.googleusercontent.com/img/b/R29vZ2xl/AVvXsEh-1ljZdt58B4r_adFJPwZy3pQG6B97-nMC6IayRq3e7f7eo10PE7Dg_HTtShnzS5P42zS8O6rYFGyXOWYTnGd0H_0XleRL6l8rOY9ZGXo-y8a5vPkZXNOGSlgof5Z34knQUAKHQApNY00/s640/KGE+Internship.jpg</g:image_link><g:condition>new</g:condition><g:availability>in stock</g:availability><g:price>1.95 INR</g:price><g:brand>KGE Technologies Pvt Ltd</g:brand></item>
<item><g:id>C35G132762</g:id><g:title>cash on credit card in Leh</g:title><g:description>cash on credit card in Leh at just 1.95%</g:description><g:link>https://www.card2cash.in/credit-card-to-cash-in-cash-on-credit-card-Leh</g:link> <g:image_link>https://blogger.googleusercontent.com/img/b/R29vZ2xl/AVvXsEh-1ljZdt58B4r_adFJPwZy3pQG6B97-nMC6IayRq3e7f7eo10PE7Dg_HTtShnzS5P42zS8O6rYFGyXOWYTnGd0H_0XleRL6l8rOY9ZGXo-y8a5vPkZXNOGSlgof5Z34knQUAKHQApNY00/s640/KGE+Internship.jpg</g:image_link><g:condition>new</g:condition><g:availability>in stock</g:availability><g:price>1.95 INR</g:price><g:brand>KGE Technologies Pvt Ltd</g:brand></item>
<item><g:id>C36G132762</g:id><g:title>credit card amount to bank account in Leh</g:title><g:description>credit card amount to bank account in Leh at just 1.95%</g:description><g:link>https://www.card2cash.in/credit-card-to-cash-in-credit-card-amount-to-bank-account-Leh</g:link> <g:image_link>https://blogger.googleusercontent.com/img/b/R29vZ2xl/AVvXsEh-1ljZdt58B4r_adFJPwZy3pQG6B97-nMC6IayRq3e7f7eo10PE7Dg_HTtShnzS5P42zS8O6rYFGyXOWYTnGd0H_0XleRL6l8rOY9ZGXo-y8a5vPkZXNOGSlgof5Z34knQUAKHQApNY00/s640/KGE+Internship.jpg</g:image_link><g:condition>new</g:condition><g:availability>in stock</g:availability><g:price>1.95 INR</g:price><g:brand>KGE Technologies Pvt Ltd</g:brand></item>
<item><g:id>C37G132762</g:id><g:title>credit card bank account in Leh</g:title><g:description>credit card bank account in Leh at just 1.95%</g:description><g:link>https://www.card2cash.in/credit-card-to-cash-in-credit-card-bank-account-Leh</g:link> <g:image_link>https://blogger.googleusercontent.com/img/b/R29vZ2xl/AVvXsEh-1ljZdt58B4r_adFJPwZy3pQG6B97-nMC6IayRq3e7f7eo10PE7Dg_HTtShnzS5P42zS8O6rYFGyXOWYTnGd0H_0XleRL6l8rOY9ZGXo-y8a5vPkZXNOGSlgof5Z34knQUAKHQApNY00/s640/KGE+Internship.jpg</g:image_link><g:condition>new</g:condition><g:availability>in stock</g:availability><g:price>1.95 INR</g:price><g:brand>KGE Technologies Pvt Ltd</g:brand></item>
<item><g:id>C38G132762</g:id><g:title>credit card into bank account in Leh</g:title><g:description>credit card into bank account in Leh at just 1.95%</g:description><g:link>https://www.card2cash.in/credit-card-to-cash-in-credit-card-into-bank-account-Leh</g:link> <g:image_link>https://blogger.googleusercontent.com/img/b/R29vZ2xl/AVvXsEh-1ljZdt58B4r_adFJPwZy3pQG6B97-nMC6IayRq3e7f7eo10PE7Dg_HTtShnzS5P42zS8O6rYFGyXOWYTnGd0H_0XleRL6l8rOY9ZGXo-y8a5vPkZXNOGSlgof5Z34knQUAKHQApNY00/s640/KGE+Internship.jpg</g:image_link><g:condition>new</g:condition><g:availability>in stock</g:availability><g:price>1.95 INR</g:price><g:brand>KGE Technologies Pvt Ltd</g:brand></item>
<item><g:id>C39G132762</g:id><g:title>credit card to account in Leh</g:title><g:description>credit card to account in Leh at just 1.95%</g:description><g:link>https://www.card2cash.in/credit-card-to-cash-in-credit-card-to-account-Leh</g:link> <g:image_link>https://blogger.googleusercontent.com/img/b/R29vZ2xl/AVvXsEh-1ljZdt58B4r_adFJPwZy3pQG6B97-nMC6IayRq3e7f7eo10PE7Dg_HTtShnzS5P42zS8O6rYFGyXOWYTnGd0H_0XleRL6l8rOY9ZGXo-y8a5vPkZXNOGSlgof5Z34knQUAKHQApNY00/s640/KGE+Internship.jpg</g:image_link><g:condition>new</g:condition><g:availability>in stock</g:availability><g:price>1.95 INR</g:price><g:brand>KGE Technologies Pvt Ltd</g:brand></item>
<item><g:id>C40G132762</g:id><g:title>credit card to bank account in Leh</g:title><g:description>credit card to bank account in Leh at just 1.95%</g:description><g:link>https://www.card2cash.in/credit-card-to-cash-in-credit-card-to-bank-account-Leh</g:link> <g:image_link>https://blogger.googleusercontent.com/img/b/R29vZ2xl/AVvXsEh-1ljZdt58B4r_adFJPwZy3pQG6B97-nMC6IayRq3e7f7eo10PE7Dg_HTtShnzS5P42zS8O6rYFGyXOWYTnGd0H_0XleRL6l8rOY9ZGXo-y8a5vPkZXNOGSlgof5Z34knQUAKHQApNY00/s640/KGE+Internship.jpg</g:image_link><g:condition>new</g:condition><g:availability>in stock</g:availability><g:price>1.95 INR</g:price><g:brand>KGE Technologies Pvt Ltd</g:brand></item>
<item><g:id>C41G132762</g:id><g:title>credit card to bank account transfer in Leh</g:title><g:description>credit card to bank account transfer in Leh at just 1.95%</g:description><g:link>https://www.card2cash.in/credit-card-to-cash-in-credit-card-to-bank-account-transfer-Leh</g:link> <g:image_link>https://blogger.googleusercontent.com/img/b/R29vZ2xl/AVvXsEh-1ljZdt58B4r_adFJPwZy3pQG6B97-nMC6IayRq3e7f7eo10PE7Dg_HTtShnzS5P42zS8O6rYFGyXOWYTnGd0H_0XleRL6l8rOY9ZGXo-y8a5vPkZXNOGSlgof5Z34knQUAKHQApNY00/s640/KGE+Internship.jpg</g:image_link><g:condition>new</g:condition><g:availability>in stock</g:availability><g:price>1.95 INR</g:price><g:brand>KGE Technologies Pvt Ltd</g:brand></item>
<item><g:id>C42G132762</g:id><g:title>credit card to bank account transfer app in Leh</g:title><g:description>credit card to bank account transfer app in Leh at just 1.95%</g:description><g:link>https://www.card2cash.in/credit-card-to-cash-in-credit-card-to-bank-account-transfer-app-Leh</g:link> <g:image_link>https://blogger.googleusercontent.com/img/b/R29vZ2xl/AVvXsEh-1ljZdt58B4r_adFJPwZy3pQG6B97-nMC6IayRq3e7f7eo10PE7Dg_HTtShnzS5P42zS8O6rYFGyXOWYTnGd0H_0XleRL6l8rOY9ZGXo-y8a5vPkZXNOGSlgof5Z34knQUAKHQApNY00/s640/KGE+Internship.jpg</g:image_link><g:condition>new</g:condition><g:availability>in stock</g:availability><g:price>1.95 INR</g:price><g:brand>KGE Technologies Pvt Ltd</g:brand></item>
<item><g:id>C43G132762</g:id><g:title>credit card to bank transfer in Leh</g:title><g:description>credit card to bank transfer in Leh at just 1.95%</g:description><g:link>https://www.card2cash.in/credit-card-to-cash-in-credit-card-to-bank-transfer-Leh</g:link> <g:image_link>https://blogger.googleusercontent.com/img/b/R29vZ2xl/AVvXsEh-1ljZdt58B4r_adFJPwZy3pQG6B97-nMC6IayRq3e7f7eo10PE7Dg_HTtShnzS5P42zS8O6rYFGyXOWYTnGd0H_0XleRL6l8rOY9ZGXo-y8a5vPkZXNOGSlgof5Z34knQUAKHQApNY00/s640/KGE+Internship.jpg</g:image_link><g:condition>new</g:condition><g:availability>in stock</g:availability><g:price>1.95 INR</g:price><g:brand>KGE Technologies Pvt Ltd</g:brand></item>
<item><g:id>C44G132762</g:id><g:title>credit card to bank transfer app in Leh</g:title><g:description>credit card to bank transfer app in Leh at just 1.95%</g:description><g:link>https://www.card2cash.in/credit-card-to-cash-in-credit-card-to-bank-transfer-app-Leh</g:link> <g:image_link>https://blogger.googleusercontent.com/img/b/R29vZ2xl/AVvXsEh-1ljZdt58B4r_adFJPwZy3pQG6B97-nMC6IayRq3e7f7eo10PE7Dg_HTtShnzS5P42zS8O6rYFGyXOWYTnGd0H_0XleRL6l8rOY9ZGXo-y8a5vPkZXNOGSlgof5Z34knQUAKHQApNY00/s640/KGE+Internship.jpg</g:image_link><g:condition>new</g:condition><g:availability>in stock</g:availability><g:price>1.95 INR</g:price><g:brand>KGE Technologies Pvt Ltd</g:brand></item>
<item><g:id>C45G132762</g:id><g:title>credit card to cash in Leh</g:title><g:description>credit card to cash in Leh at just 1.95%</g:description><g:link>https://www.card2cash.in/credit-card-to-cash-in-credit-card-to-cash-Leh</g:link> <g:image_link>https://blogger.googleusercontent.com/img/b/R29vZ2xl/AVvXsEh-1ljZdt58B4r_adFJPwZy3pQG6B97-nMC6IayRq3e7f7eo10PE7Dg_HTtShnzS5P42zS8O6rYFGyXOWYTnGd0H_0XleRL6l8rOY9ZGXo-y8a5vPkZXNOGSlgof5Z34knQUAKHQApNY00/s640/KGE+Internship.jpg</g:image_link><g:condition>new</g:condition><g:availability>in stock</g:availability><g:price>1.95 INR</g:price><g:brand>KGE Technologies Pvt Ltd</g:brand></item>
<item><g:id>C46G132762</g:id><g:title>from credit card to bank account in Leh</g:title><g:description>from credit card to bank account in Leh at just 1.95%</g:description><g:link>https://www.card2cash.in/credit-card-to-cash-in-from-credit-card-to-bank-account-Leh</g:link> <g:image_link>https://blogger.googleusercontent.com/img/b/R29vZ2xl/AVvXsEh-1ljZdt58B4r_adFJPwZy3pQG6B97-nMC6IayRq3e7f7eo10PE7Dg_HTtShnzS5P42zS8O6rYFGyXOWYTnGd0H_0XleRL6l8rOY9ZGXo-y8a5vPkZXNOGSlgof5Z34knQUAKHQApNY00/s640/KGE+Internship.jpg</g:image_link><g:condition>new</g:condition><g:availability>in stock</g:availability><g:price>1.95 INR</g:price><g:brand>KGE Technologies Pvt Ltd</g:brand></item>
<item><g:id>C47G132762</g:id><g:title>get cash from credit card in Leh</g:title><g:description>get cash from credit card in Leh at just 1.95%</g:description><g:link>https://www.card2cash.in/credit-card-to-cash-in-get-cash-from-credit-card-Leh</g:link> <g:image_link>https://blogger.googleusercontent.com/img/b/R29vZ2xl/AVvXsEh-1ljZdt58B4r_adFJPwZy3pQG6B97-nMC6IayRq3e7f7eo10PE7Dg_HTtShnzS5P42zS8O6rYFGyXOWYTnGd0H_0XleRL6l8rOY9ZGXo-y8a5vPkZXNOGSlgof5Z34knQUAKHQApNY00/s640/KGE+Internship.jpg</g:image_link><g:condition>new</g:condition><g:availability>in stock</g:availability><g:price>1.95 INR</g:price><g:brand>KGE Technologies Pvt Ltd</g:brand></item>
<item><g:id>C48G132762</g:id><g:title>getting money from credit card to bank account in Leh</g:title><g:description>getting money from credit card to bank account in Leh at just 1.95%</g:description><g:link>https://www.card2cash.in/credit-card-to-cash-in-getting-money-from-credit-card-to-bank-account-Leh</g:link> <g:image_link>https://blogger.googleusercontent.com/img/b/R29vZ2xl/AVvXsEh-1ljZdt58B4r_adFJPwZy3pQG6B97-nMC6IayRq3e7f7eo10PE7Dg_HTtShnzS5P42zS8O6rYFGyXOWYTnGd0H_0XleRL6l8rOY9ZGXo-y8a5vPkZXNOGSlgof5Z34knQUAKHQApNY00/s640/KGE+Internship.jpg</g:image_link><g:condition>new</g:condition><g:availability>in stock</g:availability><g:price>1.95 INR</g:price><g:brand>KGE Technologies Pvt Ltd</g:brand></item>
<item><g:id>C49G132762</g:id><g:title>i money credit card in Leh</g:title><g:description>i money credit card in Leh at just 1.95%</g:description><g:link>https://www.card2cash.in/credit-card-to-cash-in-i-money-credit-card-Leh</g:link> <g:image_link>https://blogger.googleusercontent.com/img/b/R29vZ2xl/AVvXsEh-1ljZdt58B4r_adFJPwZy3pQG6B97-nMC6IayRq3e7f7eo10PE7Dg_HTtShnzS5P42zS8O6rYFGyXOWYTnGd0H_0XleRL6l8rOY9ZGXo-y8a5vPkZXNOGSlgof5Z34knQUAKHQApNY00/s640/KGE+Internship.jpg</g:image_link><g:condition>new</g:condition><g:availability>in stock</g:availability><g:price>1.95 INR</g:price><g:brand>KGE Technologies Pvt Ltd</g:brand></item>
<item><g:id>C50G132762</g:id><g:title>instant cash on credit card in Leh</g:title><g:description>instant cash on credit card in Leh at just 1.95%</g:description><g:link>https://www.card2cash.in/credit-card-to-cash-in-instant-cash-on-credit-card-Leh</g:link> <g:image_link>https://blogger.googleusercontent.com/img/b/R29vZ2xl/AVvXsEh-1ljZdt58B4r_adFJPwZy3pQG6B97-nMC6IayRq3e7f7eo10PE7Dg_HTtShnzS5P42zS8O6rYFGyXOWYTnGd0H_0XleRL6l8rOY9ZGXo-y8a5vPkZXNOGSlgof5Z34knQUAKHQApNY00/s640/KGE+Internship.jpg</g:image_link><g:condition>new</g:condition><g:availability>in stock</g:availability><g:price>1.95 INR</g:price><g:brand>KGE Technologies Pvt Ltd</g:brand></item>
<item><g:id>C51G132762</g:id><g:title>money from credit card to bank account in Leh</g:title><g:description>money from credit card to bank account in Leh at just 1.95%</g:description><g:link>https://www.card2cash.in/credit-card-to-cash-in-money-from-credit-card-to-bank-account-Leh</g:link> <g:image_link>https://blogger.googleusercontent.com/img/b/R29vZ2xl/AVvXsEh-1ljZdt58B4r_adFJPwZy3pQG6B97-nMC6IayRq3e7f7eo10PE7Dg_HTtShnzS5P42zS8O6rYFGyXOWYTnGd0H_0XleRL6l8rOY9ZGXo-y8a5vPkZXNOGSlgof5Z34knQUAKHQApNY00/s640/KGE+Internship.jpg</g:image_link><g:condition>new</g:condition><g:availability>in stock</g:availability><g:price>1.95 INR</g:price><g:brand>KGE Technologies Pvt Ltd</g:brand></item>
<item><g:id>C52G132762</g:id><g:title>pay bank account using credit card in Leh</g:title><g:description>pay bank account using credit card in Leh at just 1.95%</g:description><g:link>https://www.card2cash.in/credit-card-to-cash-in-pay-bank-account-using-credit-card-Leh</g:link> <g:image_link>https://blogger.googleusercontent.com/img/b/R29vZ2xl/AVvXsEh-1ljZdt58B4r_adFJPwZy3pQG6B97-nMC6IayRq3e7f7eo10PE7Dg_HTtShnzS5P42zS8O6rYFGyXOWYTnGd0H_0XleRL6l8rOY9ZGXo-y8a5vPkZXNOGSlgof5Z34knQUAKHQApNY00/s640/KGE+Internship.jpg</g:image_link><g:condition>new</g:condition><g:availability>in stock</g:availability><g:price>1.95 INR</g:price><g:brand>KGE Technologies Pvt Ltd</g:brand></item>
<item><g:id>C53G132762</g:id><g:title>pay credit card without bank account in Leh</g:title><g:description>pay credit card without bank account in Leh at just 1.95%</g:description><g:link>https://www.card2cash.in/credit-card-to-cash-in-pay-credit-card-without-bank-account-Leh</g:link> <g:image_link>https://blogger.googleusercontent.com/img/b/R29vZ2xl/AVvXsEh-1ljZdt58B4r_adFJPwZy3pQG6B97-nMC6IayRq3e7f7eo10PE7Dg_HTtShnzS5P42zS8O6rYFGyXOWYTnGd0H_0XleRL6l8rOY9ZGXo-y8a5vPkZXNOGSlgof5Z34knQUAKHQApNY00/s640/KGE+Internship.jpg</g:image_link><g:condition>new</g:condition><g:availability>in stock</g:availability><g:price>1.95 INR</g:price><g:brand>KGE Technologies Pvt Ltd</g:brand></item>
<item><g:id>C54G132762</g:id><g:title>pay into bank account with credit card in Leh</g:title><g:description>pay into bank account with credit card in Leh at just 1.95%</g:description><g:link>https://www.card2cash.in/credit-card-to-cash-in-pay-into-bank-account-with-credit-card-Leh</g:link> <g:image_link>https://blogger.googleusercontent.com/img/b/R29vZ2xl/AVvXsEh-1ljZdt58B4r_adFJPwZy3pQG6B97-nMC6IayRq3e7f7eo10PE7Dg_HTtShnzS5P42zS8O6rYFGyXOWYTnGd0H_0XleRL6l8rOY9ZGXo-y8a5vPkZXNOGSlgof5Z34knQUAKHQApNY00/s640/KGE+Internship.jpg</g:image_link><g:condition>new</g:condition><g:availability>in stock</g:availability><g:price>1.95 INR</g:price><g:brand>KGE Technologies Pvt Ltd</g:brand></item>
<item><g:id>C55G132762</g:id><g:title>pay money from credit card to bank account in Leh</g:title><g:description>pay money from credit card to bank account in Leh at just 1.95%</g:description><g:link>https://www.card2cash.in/credit-card-to-cash-in-pay-money-from-credit-card-to-bank-account-Leh</g:link> <g:image_link>https://blogger.googleusercontent.com/img/b/R29vZ2xl/AVvXsEh-1ljZdt58B4r_adFJPwZy3pQG6B97-nMC6IayRq3e7f7eo10PE7Dg_HTtShnzS5P42zS8O6rYFGyXOWYTnGd0H_0XleRL6l8rOY9ZGXo-y8a5vPkZXNOGSlgof5Z34knQUAKHQApNY00/s640/KGE+Internship.jpg</g:image_link><g:condition>new</g:condition><g:availability>in stock</g:availability><g:price>1.95 INR</g:price><g:brand>KGE Technologies Pvt Ltd</g:brand></item>
<item><g:id>C56G132762</g:id><g:title>pay to a bank account using credit card in Leh</g:title><g:description>pay to a bank account using credit card in Leh at just 1.95%</g:description><g:link>https://www.card2cash.in/credit-card-to-cash-in-pay-to-a-bank-account-using-credit-card-Leh</g:link> <g:image_link>https://blogger.googleusercontent.com/img/b/R29vZ2xl/AVvXsEh-1ljZdt58B4r_adFJPwZy3pQG6B97-nMC6IayRq3e7f7eo10PE7Dg_HTtShnzS5P42zS8O6rYFGyXOWYTnGd0H_0XleRL6l8rOY9ZGXo-y8a5vPkZXNOGSlgof5Z34knQUAKHQApNY00/s640/KGE+Internship.jpg</g:image_link><g:condition>new</g:condition><g:availability>in stock</g:availability><g:price>1.95 INR</g:price><g:brand>KGE Technologies Pvt Ltd</g:brand></item>
<item><g:id>C57G132762</g:id><g:title>pay to bank account from credit card in Leh</g:title><g:description>pay to bank account from credit card in Leh at just 1.95%</g:description><g:link>https://www.card2cash.in/credit-card-to-cash-in-pay-to-bank-account-from-credit-card-Leh</g:link> <g:image_link>https://blogger.googleusercontent.com/img/b/R29vZ2xl/AVvXsEh-1ljZdt58B4r_adFJPwZy3pQG6B97-nMC6IayRq3e7f7eo10PE7Dg_HTtShnzS5P42zS8O6rYFGyXOWYTnGd0H_0XleRL6l8rOY9ZGXo-y8a5vPkZXNOGSlgof5Z34knQUAKHQApNY00/s640/KGE+Internship.jpg</g:image_link><g:condition>new</g:condition><g:availability>in stock</g:availability><g:price>1.95 INR</g:price><g:brand>KGE Technologies Pvt Ltd</g:brand></item>
<item><g:id>C58G132762</g:id><g:title>send money from credit card to bank account in Leh</g:title><g:description>send money from credit card to bank account in Leh at just 1.95%</g:description><g:link>https://www.card2cash.in/credit-card-to-cash-in-send-money-from-credit-card-to-bank-account-Leh</g:link> <g:image_link>https://blogger.googleusercontent.com/img/b/R29vZ2xl/AVvXsEh-1ljZdt58B4r_adFJPwZy3pQG6B97-nMC6IayRq3e7f7eo10PE7Dg_HTtShnzS5P42zS8O6rYFGyXOWYTnGd0H_0XleRL6l8rOY9ZGXo-y8a5vPkZXNOGSlgof5Z34knQUAKHQApNY00/s640/KGE+Internship.jpg</g:image_link><g:condition>new</g:condition><g:availability>in stock</g:availability><g:price>1.95 INR</g:price><g:brand>KGE Technologies Pvt Ltd</g:brand></item>
<item><g:id>C59G132762</g:id><g:title>send money to bank account from credit card in Leh</g:title><g:description>send money to bank account from credit card in Leh at just 1.95%</g:description><g:link>https://www.card2cash.in/credit-card-to-cash-in-send-money-to-bank-account-from-credit-card-Leh</g:link> <g:image_link>https://blogger.googleusercontent.com/img/b/R29vZ2xl/AVvXsEh-1ljZdt58B4r_adFJPwZy3pQG6B97-nMC6IayRq3e7f7eo10PE7Dg_HTtShnzS5P42zS8O6rYFGyXOWYTnGd0H_0XleRL6l8rOY9ZGXo-y8a5vPkZXNOGSlgof5Z34knQUAKHQApNY00/s640/KGE+Internship.jpg</g:image_link><g:condition>new</g:condition><g:availability>in stock</g:availability><g:price>1.95 INR</g:price><g:brand>KGE Technologies Pvt Ltd</g:brand></item>
<item><g:id>C60G132762</g:id><g:title>Spot Cash on Card in Leh</g:title><g:description>Spot Cash on Card in Leh at just 1.95%</g:description><g:link>https://www.card2cash.in/credit-card-to-cash-in-Spot-Cash-on-Card-Leh</g:link> <g:image_link>https://blogger.googleusercontent.com/img/b/R29vZ2xl/AVvXsEh-1ljZdt58B4r_adFJPwZy3pQG6B97-nMC6IayRq3e7f7eo10PE7Dg_HTtShnzS5P42zS8O6rYFGyXOWYTnGd0H_0XleRL6l8rOY9ZGXo-y8a5vPkZXNOGSlgof5Z34knQUAKHQApNY00/s640/KGE+Internship.jpg</g:image_link><g:condition>new</g:condition><g:availability>in stock</g:availability><g:price>1.95 INR</g:price><g:brand>KGE Technologies Pvt Ltd</g:brand></item>
<item><g:id>C61G132762</g:id><g:title>spot cash on credit card in Leh</g:title><g:description>spot cash on credit card in Leh at just 1.95%</g:description><g:link>https://www.card2cash.in/credit-card-to-cash-in-spot-cash-on-credit-card-Leh</g:link> <g:image_link>https://blogger.googleusercontent.com/img/b/R29vZ2xl/AVvXsEh-1ljZdt58B4r_adFJPwZy3pQG6B97-nMC6IayRq3e7f7eo10PE7Dg_HTtShnzS5P42zS8O6rYFGyXOWYTnGd0H_0XleRL6l8rOY9ZGXo-y8a5vPkZXNOGSlgof5Z34knQUAKHQApNY00/s640/KGE+Internship.jpg</g:image_link><g:condition>new</g:condition><g:availability>in stock</g:availability><g:price>1.95 INR</g:price><g:brand>KGE Technologies Pvt Ltd</g:brand></item>
<item><g:id>C62G132762</g:id><g:title>transfer money from credit card to bank in Leh</g:title><g:description>transfer money from credit card to bank in Leh at just 1.95%</g:description><g:link>https://www.card2cash.in/credit-card-to-cash-in-transfer-money-from-credit-card-to-bank-Leh</g:link> <g:image_link>https://blogger.googleusercontent.com/img/b/R29vZ2xl/AVvXsEh-1ljZdt58B4r_adFJPwZy3pQG6B97-nMC6IayRq3e7f7eo10PE7Dg_HTtShnzS5P42zS8O6rYFGyXOWYTnGd0H_0XleRL6l8rOY9ZGXo-y8a5vPkZXNOGSlgof5Z34knQUAKHQApNY00/s640/KGE+Internship.jpg</g:image_link><g:condition>new</g:condition><g:availability>in stock</g:availability><g:price>1.95 INR</g:price><g:brand>KGE Technologies Pvt Ltd</g:brand></item>
<item><g:id>C63G132762</g:id><g:title>transfer money from credit card to bank account in Leh</g:title><g:description>transfer money from credit card to bank account in Leh at just 1.95%</g:description><g:link>https://www.card2cash.in/credit-card-to-cash-in-transfer-money-from-credit-card-to-bank-account-Leh</g:link> <g:image_link>https://blogger.googleusercontent.com/img/b/R29vZ2xl/AVvXsEh-1ljZdt58B4r_adFJPwZy3pQG6B97-nMC6IayRq3e7f7eo10PE7Dg_HTtShnzS5P42zS8O6rYFGyXOWYTnGd0H_0XleRL6l8rOY9ZGXo-y8a5vPkZXNOGSlgof5Z34knQUAKHQApNY00/s640/KGE+Internship.jpg</g:image_link><g:condition>new</g:condition><g:availability>in stock</g:availability><g:price>1.95 INR</g:price><g:brand>KGE Technologies Pvt Ltd</g:brand></item>
<item><g:id>C64G132762</g:id><g:title>transferring money from credit card to bank account online in Leh</g:title><g:description>transferring money from credit card to bank account online in Leh at just 1.95%</g:description><g:link>https://www.card2cash.in/credit-card-to-cash-in-transferring-money-from-credit-card-to-bank-account-online-Leh</g:link> <g:image_link>https://blogger.googleusercontent.com/img/b/R29vZ2xl/AVvXsEh-1ljZdt58B4r_adFJPwZy3pQG6B97-nMC6IayRq3e7f7eo10PE7Dg_HTtShnzS5P42zS8O6rYFGyXOWYTnGd0H_0XleRL6l8rOY9ZGXo-y8a5vPkZXNOGSlgof5Z34knQUAKHQApNY00/s640/KGE+Internship.jpg</g:image_link><g:condition>new</g:condition><g:availability>in stock</g:availability><g:price>1.95 INR</g:price><g:brand>KGE Technologies Pvt Ltd</g:brand></item>
<item><g:id>C65G132762</g:id><g:title>use credit card as bank account in Leh</g:title><g:description>use credit card as bank account in Leh at just 1.95%</g:description><g:link>https://www.card2cash.in/credit-card-to-cash-in-use-credit-card-as-bank-account-Leh</g:link> <g:image_link>https://blogger.googleusercontent.com/img/b/R29vZ2xl/AVvXsEh-1ljZdt58B4r_adFJPwZy3pQG6B97-nMC6IayRq3e7f7eo10PE7Dg_HTtShnzS5P42zS8O6rYFGyXOWYTnGd0H_0XleRL6l8rOY9ZGXo-y8a5vPkZXNOGSlgof5Z34knQUAKHQApNY00/s640/KGE+Internship.jpg</g:image_link><g:condition>new</g:condition><g:availability>in stock</g:availability><g:price>1.95 INR</g:price><g:brand>KGE Technologies Pvt Ltd</g:brand></item>
<item><g:id>C66S132399</g:id><g:title>card to cash in Kargil</g:title><g:description>card to cash in Kargil at just 1.95%</g:description><g:link>https://www.card2cash.in/credit-card-to-cash-in-Kargil</g:link> <g:image_link>https://blogger.googleusercontent.com/img/b/R29vZ2xl/AVvXsEh-1ljZdt58B4r_adFJPwZy3pQG6B97-nMC6IayRq3e7f7eo10PE7Dg_HTtShnzS5P42zS8O6rYFGyXOWYTnGd0H_0XleRL6l8rOY9ZGXo-y8a5vPkZXNOGSlgof5Z34knQUAKHQApNY00/s640/KGE+Internship.jpg</g:image_link><g:condition>new</g:condition><g:availability>in stock</g:availability><g:price>1.95 INR</g:price><g:brand>KGE Technologies Pvt Ltd</g:brand></item>
<item><g:id>C67S132399</g:id><g:title>cash from credit card to bank account in Kargil</g:title><g:description>cash from credit card to bank account in Kargil at just 1.95%</g:description><g:link>https://www.card2cash.in/credit-card-to-cash-in-Kargil</g:link> <g:image_link>https://blogger.googleusercontent.com/img/b/R29vZ2xl/AVvXsEh-1ljZdt58B4r_adFJPwZy3pQG6B97-nMC6IayRq3e7f7eo10PE7Dg_HTtShnzS5P42zS8O6rYFGyXOWYTnGd0H_0XleRL6l8rOY9ZGXo-y8a5vPkZXNOGSlgof5Z34knQUAKHQApNY00/s640/KGE+Internship.jpg</g:image_link><g:condition>new</g:condition><g:availability>in stock</g:availability><g:price>1.95 INR</g:price><g:brand>KGE Technologies Pvt Ltd</g:brand></item>
<item><g:id>C68S132399</g:id><g:title>cash on credit card in Kargil</g:title><g:description>cash on credit card in Kargil at just 1.95%</g:description><g:link>https://www.card2cash.in/credit-card-to-cash-in-Kargil</g:link> <g:image_link>https://blogger.googleusercontent.com/img/b/R29vZ2xl/AVvXsEh-1ljZdt58B4r_adFJPwZy3pQG6B97-nMC6IayRq3e7f7eo10PE7Dg_HTtShnzS5P42zS8O6rYFGyXOWYTnGd0H_0XleRL6l8rOY9ZGXo-y8a5vPkZXNOGSlgof5Z34knQUAKHQApNY00/s640/KGE+Internship.jpg</g:image_link><g:condition>new</g:condition><g:availability>in stock</g:availability><g:price>1.95 INR</g:price><g:brand>KGE Technologies Pvt Ltd</g:brand></item>
<item><g:id>C69S132399</g:id><g:title>credit card amount to bank account in Kargil</g:title><g:description>credit card amount to bank account in Kargil at just 1.95%</g:description><g:link>https://www.card2cash.in/credit-card-to-cash-in-Kargil</g:link> <g:image_link>https://blogger.googleusercontent.com/img/b/R29vZ2xl/AVvXsEh-1ljZdt58B4r_adFJPwZy3pQG6B97-nMC6IayRq3e7f7eo10PE7Dg_HTtShnzS5P42zS8O6rYFGyXOWYTnGd0H_0XleRL6l8rOY9ZGXo-y8a5vPkZXNOGSlgof5Z34knQUAKHQApNY00/s640/KGE+Internship.jpg</g:image_link><g:condition>new</g:condition><g:availability>in stock</g:availability><g:price>1.95 INR</g:price><g:brand>KGE Technologies Pvt Ltd</g:brand></item>
<item><g:id>C70S132399</g:id><g:title>credit card bank account in Kargil</g:title><g:description>credit card bank account in Kargil at just 1.95%</g:description><g:link>https://www.card2cash.in/credit-card-to-cash-in-Kargil</g:link> <g:image_link>https://blogger.googleusercontent.com/img/b/R29vZ2xl/AVvXsEh-1ljZdt58B4r_adFJPwZy3pQG6B97-nMC6IayRq3e7f7eo10PE7Dg_HTtShnzS5P42zS8O6rYFGyXOWYTnGd0H_0XleRL6l8rOY9ZGXo-y8a5vPkZXNOGSlgof5Z34knQUAKHQApNY00/s640/KGE+Internship.jpg</g:image_link><g:condition>new</g:condition><g:availability>in stock</g:availability><g:price>1.95 INR</g:price><g:brand>KGE Technologies Pvt Ltd</g:brand></item>
<item><g:id>C71S132399</g:id><g:title>credit card into bank account in Kargil</g:title><g:description>credit card into bank account in Kargil at just 1.95%</g:description><g:link>https://www.card2cash.in/credit-card-to-cash-in-Kargil</g:link> <g:image_link>https://blogger.googleusercontent.com/img/b/R29vZ2xl/AVvXsEh-1ljZdt58B4r_adFJPwZy3pQG6B97-nMC6IayRq3e7f7eo10PE7Dg_HTtShnzS5P42zS8O6rYFGyXOWYTnGd0H_0XleRL6l8rOY9ZGXo-y8a5vPkZXNOGSlgof5Z34knQUAKHQApNY00/s640/KGE+Internship.jpg</g:image_link><g:condition>new</g:condition><g:availability>in stock</g:availability><g:price>1.95 INR</g:price><g:brand>KGE Technologies Pvt Ltd</g:brand></item>
<item><g:id>C72S132399</g:id><g:title>credit card to account in Kargil</g:title><g:description>credit card to account in Kargil at just 1.95%</g:description><g:link>https://www.card2cash.in/credit-card-to-cash-in-Kargil</g:link> <g:image_link>https://blogger.googleusercontent.com/img/b/R29vZ2xl/AVvXsEh-1ljZdt58B4r_adFJPwZy3pQG6B97-nMC6IayRq3e7f7eo10PE7Dg_HTtShnzS5P42zS8O6rYFGyXOWYTnGd0H_0XleRL6l8rOY9ZGXo-y8a5vPkZXNOGSlgof5Z34knQUAKHQApNY00/s640/KGE+Internship.jpg</g:image_link><g:condition>new</g:condition><g:availability>in stock</g:availability><g:price>1.95 INR</g:price><g:brand>KGE Technologies Pvt Ltd</g:brand></item>
<item><g:id>C73S132399</g:id><g:title>credit card to bank account in Kargil</g:title><g:description>credit card to bank account in Kargil at just 1.95%</g:description><g:link>https://www.card2cash.in/credit-card-to-cash-in-Kargil</g:link> <g:image_link>https://blogger.googleusercontent.com/img/b/R29vZ2xl/AVvXsEh-1ljZdt58B4r_adFJPwZy3pQG6B97-nMC6IayRq3e7f7eo10PE7Dg_HTtShnzS5P42zS8O6rYFGyXOWYTnGd0H_0XleRL6l8rOY9ZGXo-y8a5vPkZXNOGSlgof5Z34knQUAKHQApNY00/s640/KGE+Internship.jpg</g:image_link><g:condition>new</g:condition><g:availability>in stock</g:availability><g:price>1.95 INR</g:price><g:brand>KGE Technologies Pvt Ltd</g:brand></item>
<item><g:id>C74S132399</g:id><g:title>credit card to bank account transfer in Kargil</g:title><g:description>credit card to bank account transfer in Kargil at just 1.95%</g:description><g:link>https://www.card2cash.in/credit-card-to-cash-in-Kargil</g:link> <g:image_link>https://blogger.googleusercontent.com/img/b/R29vZ2xl/AVvXsEh-1ljZdt58B4r_adFJPwZy3pQG6B97-nMC6IayRq3e7f7eo10PE7Dg_HTtShnzS5P42zS8O6rYFGyXOWYTnGd0H_0XleRL6l8rOY9ZGXo-y8a5vPkZXNOGSlgof5Z34knQUAKHQApNY00/s640/KGE+Internship.jpg</g:image_link><g:condition>new</g:condition><g:availability>in stock</g:availability><g:price>1.95 INR</g:price><g:brand>KGE Technologies Pvt Ltd</g:brand></item>
<item><g:id>C75S132399</g:id><g:title>credit card to bank account transfer app in Kargil</g:title><g:description>credit card to bank account transfer app in Kargil at just 1.95%</g:description><g:link>https://www.card2cash.in/credit-card-to-cash-in-Kargil</g:link> <g:image_link>https://blogger.googleusercontent.com/img/b/R29vZ2xl/AVvXsEh-1ljZdt58B4r_adFJPwZy3pQG6B97-nMC6IayRq3e7f7eo10PE7Dg_HTtShnzS5P42zS8O6rYFGyXOWYTnGd0H_0XleRL6l8rOY9ZGXo-y8a5vPkZXNOGSlgof5Z34knQUAKHQApNY00/s640/KGE+Internship.jpg</g:image_link><g:condition>new</g:condition><g:availability>in stock</g:availability><g:price>1.95 INR</g:price><g:brand>KGE Technologies Pvt Ltd</g:brand></item>
<item><g:id>C76S132399</g:id><g:title>credit card to bank transfer in Kargil</g:title><g:description>credit card to bank transfer in Kargil at just 1.95%</g:description><g:link>https://www.card2cash.in/credit-card-to-cash-in-Kargil</g:link> <g:image_link>https://blogger.googleusercontent.com/img/b/R29vZ2xl/AVvXsEh-1ljZdt58B4r_adFJPwZy3pQG6B97-nMC6IayRq3e7f7eo10PE7Dg_HTtShnzS5P42zS8O6rYFGyXOWYTnGd0H_0XleRL6l8rOY9ZGXo-y8a5vPkZXNOGSlgof5Z34knQUAKHQApNY00/s640/KGE+Internship.jpg</g:image_link><g:condition>new</g:condition><g:availability>in stock</g:availability><g:price>1.95 INR</g:price><g:brand>KGE Technologies Pvt Ltd</g:brand></item>
<item><g:id>C77S132399</g:id><g:title>credit card to bank transfer app in Kargil</g:title><g:description>credit card to bank transfer app in Kargil at just 1.95%</g:description><g:link>https://www.card2cash.in/credit-card-to-cash-in-Kargil</g:link> <g:image_link>https://blogger.googleusercontent.com/img/b/R29vZ2xl/AVvXsEh-1ljZdt58B4r_adFJPwZy3pQG6B97-nMC6IayRq3e7f7eo10PE7Dg_HTtShnzS5P42zS8O6rYFGyXOWYTnGd0H_0XleRL6l8rOY9ZGXo-y8a5vPkZXNOGSlgof5Z34knQUAKHQApNY00/s640/KGE+Internship.jpg</g:image_link><g:condition>new</g:condition><g:availability>in stock</g:availability><g:price>1.95 INR</g:price><g:brand>KGE Technologies Pvt Ltd</g:brand></item>
<item><g:id>C78S132399</g:id><g:title>credit card to cash in Kargil</g:title><g:description>credit card to cash in Kargil at just 1.95%</g:description><g:link>https://www.card2cash.in/credit-card-to-cash-in-Kargil</g:link> <g:image_link>https://blogger.googleusercontent.com/img/b/R29vZ2xl/AVvXsEh-1ljZdt58B4r_adFJPwZy3pQG6B97-nMC6IayRq3e7f7eo10PE7Dg_HTtShnzS5P42zS8O6rYFGyXOWYTnGd0H_0XleRL6l8rOY9ZGXo-y8a5vPkZXNOGSlgof5Z34knQUAKHQApNY00/s640/KGE+Internship.jpg</g:image_link><g:condition>new</g:condition><g:availability>in stock</g:availability><g:price>1.95 INR</g:price><g:brand>KGE Technologies Pvt Ltd</g:brand></item>
<item><g:id>C79S132399</g:id><g:title>from credit card to bank account in Kargil</g:title><g:description>from credit card to bank account in Kargil at just 1.95%</g:description><g:link>https://www.card2cash.in/credit-card-to-cash-in-Kargil</g:link> <g:image_link>https://blogger.googleusercontent.com/img/b/R29vZ2xl/AVvXsEh-1ljZdt58B4r_adFJPwZy3pQG6B97-nMC6IayRq3e7f7eo10PE7Dg_HTtShnzS5P42zS8O6rYFGyXOWYTnGd0H_0XleRL6l8rOY9ZGXo-y8a5vPkZXNOGSlgof5Z34knQUAKHQApNY00/s640/KGE+Internship.jpg</g:image_link><g:condition>new</g:condition><g:availability>in stock</g:availability><g:price>1.95 INR</g:price><g:brand>KGE Technologies Pvt Ltd</g:brand></item>
<item><g:id>C80S132399</g:id><g:title>get cash from credit card in Kargil</g:title><g:description>get cash from credit card in Kargil at just 1.95%</g:description><g:link>https://www.card2cash.in/credit-card-to-cash-in-Kargil</g:link> <g:image_link>https://blogger.googleusercontent.com/img/b/R29vZ2xl/AVvXsEh-1ljZdt58B4r_adFJPwZy3pQG6B97-nMC6IayRq3e7f7eo10PE7Dg_HTtShnzS5P42zS8O6rYFGyXOWYTnGd0H_0XleRL6l8rOY9ZGXo-y8a5vPkZXNOGSlgof5Z34knQUAKHQApNY00/s640/KGE+Internship.jpg</g:image_link><g:condition>new</g:condition><g:availability>in stock</g:availability><g:price>1.95 INR</g:price><g:brand>KGE Technologies Pvt Ltd</g:brand></item>
<item><g:id>C81S132399</g:id><g:title>getting money from credit card to bank account in Kargil</g:title><g:description>getting money from credit card to bank account in Kargil at just 1.95%</g:description><g:link>https://www.card2cash.in/credit-card-to-cash-in-Kargil</g:link> <g:image_link>https://blogger.googleusercontent.com/img/b/R29vZ2xl/AVvXsEh-1ljZdt58B4r_adFJPwZy3pQG6B97-nMC6IayRq3e7f7eo10PE7Dg_HTtShnzS5P42zS8O6rYFGyXOWYTnGd0H_0XleRL6l8rOY9ZGXo-y8a5vPkZXNOGSlgof5Z34knQUAKHQApNY00/s640/KGE+Internship.jpg</g:image_link><g:condition>new</g:condition><g:availability>in stock</g:availability><g:price>1.95 INR</g:price><g:brand>KGE Technologies Pvt Ltd</g:brand></item>
<item><g:id>C82S132399</g:id><g:title>i money credit card in Kargil</g:title><g:description>i money credit card in Kargil at just 1.95%</g:description><g:link>https://www.card2cash.in/credit-card-to-cash-in-Kargil</g:link> <g:image_link>https://blogger.googleusercontent.com/img/b/R29vZ2xl/AVvXsEh-1ljZdt58B4r_adFJPwZy3pQG6B97-nMC6IayRq3e7f7eo10PE7Dg_HTtShnzS5P42zS8O6rYFGyXOWYTnGd0H_0XleRL6l8rOY9ZGXo-y8a5vPkZXNOGSlgof5Z34knQUAKHQApNY00/s640/KGE+Internship.jpg</g:image_link><g:condition>new</g:condition><g:availability>in stock</g:availability><g:price>1.95 INR</g:price><g:brand>KGE Technologies Pvt Ltd</g:brand></item>
<item><g:id>C83S132399</g:id><g:title>instant cash on credit card in Kargil</g:title><g:description>instant cash on credit card in Kargil at just 1.95%</g:description><g:link>https://www.card2cash.in/credit-card-to-cash-in-Kargil</g:link> <g:image_link>https://blogger.googleusercontent.com/img/b/R29vZ2xl/AVvXsEh-1ljZdt58B4r_adFJPwZy3pQG6B97-nMC6IayRq3e7f7eo10PE7Dg_HTtShnzS5P42zS8O6rYFGyXOWYTnGd0H_0XleRL6l8rOY9ZGXo-y8a5vPkZXNOGSlgof5Z34knQUAKHQApNY00/s640/KGE+Internship.jpg</g:image_link><g:condition>new</g:condition><g:availability>in stock</g:availability><g:price>1.95 INR</g:price><g:brand>KGE Technologies Pvt Ltd</g:brand></item>
<item><g:id>C84S132399</g:id><g:title>money from credit card to bank account in Kargil</g:title><g:description>money from credit card to bank account in Kargil at just 1.95%</g:description><g:link>https://www.card2cash.in/credit-card-to-cash-in-Kargil</g:link> <g:image_link>https://blogger.googleusercontent.com/img/b/R29vZ2xl/AVvXsEh-1ljZdt58B4r_adFJPwZy3pQG6B97-nMC6IayRq3e7f7eo10PE7Dg_HTtShnzS5P42zS8O6rYFGyXOWYTnGd0H_0XleRL6l8rOY9ZGXo-y8a5vPkZXNOGSlgof5Z34knQUAKHQApNY00/s640/KGE+Internship.jpg</g:image_link><g:condition>new</g:condition><g:availability>in stock</g:availability><g:price>1.95 INR</g:price><g:brand>KGE Technologies Pvt Ltd</g:brand></item>
<item><g:id>C85S132399</g:id><g:title>pay bank account using credit card in Kargil</g:title><g:description>pay bank account using credit card in Kargil at just 1.95%</g:description><g:link>https://www.card2cash.in/credit-card-to-cash-in-Kargil</g:link> <g:image_link>https://blogger.googleusercontent.com/img/b/R29vZ2xl/AVvXsEh-1ljZdt58B4r_adFJPwZy3pQG6B97-nMC6IayRq3e7f7eo10PE7Dg_HTtShnzS5P42zS8O6rYFGyXOWYTnGd0H_0XleRL6l8rOY9ZGXo-y8a5vPkZXNOGSlgof5Z34knQUAKHQApNY00/s640/KGE+Internship.jpg</g:image_link><g:condition>new</g:condition><g:availability>in stock</g:availability><g:price>1.95 INR</g:price><g:brand>KGE Technologies Pvt Ltd</g:brand></item>
<item><g:id>C86S132399</g:id><g:title>pay credit card without bank account in Kargil</g:title><g:description>pay credit card without bank account in Kargil at just 1.95%</g:description><g:link>https://www.card2cash.in/credit-card-to-cash-in-Kargil</g:link> <g:image_link>https://blogger.googleusercontent.com/img/b/R29vZ2xl/AVvXsEh-1ljZdt58B4r_adFJPwZy3pQG6B97-nMC6IayRq3e7f7eo10PE7Dg_HTtShnzS5P42zS8O6rYFGyXOWYTnGd0H_0XleRL6l8rOY9ZGXo-y8a5vPkZXNOGSlgof5Z34knQUAKHQApNY00/s640/KGE+Internship.jpg</g:image_link><g:condition>new</g:condition><g:availability>in stock</g:availability><g:price>1.95 INR</g:price><g:brand>KGE Technologies Pvt Ltd</g:brand></item>
<item><g:id>C87S132399</g:id><g:title>pay into bank account with credit card in Kargil</g:title><g:description>pay into bank account with credit card in Kargil at just 1.95%</g:description><g:link>https://www.card2cash.in/credit-card-to-cash-in-Kargil</g:link> <g:image_link>https://blogger.googleusercontent.com/img/b/R29vZ2xl/AVvXsEh-1ljZdt58B4r_adFJPwZy3pQG6B97-nMC6IayRq3e7f7eo10PE7Dg_HTtShnzS5P42zS8O6rYFGyXOWYTnGd0H_0XleRL6l8rOY9ZGXo-y8a5vPkZXNOGSlgof5Z34knQUAKHQApNY00/s640/KGE+Internship.jpg</g:image_link><g:condition>new</g:condition><g:availability>in stock</g:availability><g:price>1.95 INR</g:price><g:brand>KGE Technologies Pvt Ltd</g:brand></item>
<item><g:id>C88S132399</g:id><g:title>pay money from credit card to bank account in Kargil</g:title><g:description>pay money from credit card to bank account in Kargil at just 1.95%</g:description><g:link>https://www.card2cash.in/credit-card-to-cash-in-Kargil</g:link> <g:image_link>https://blogger.googleusercontent.com/img/b/R29vZ2xl/AVvXsEh-1ljZdt58B4r_adFJPwZy3pQG6B97-nMC6IayRq3e7f7eo10PE7Dg_HTtShnzS5P42zS8O6rYFGyXOWYTnGd0H_0XleRL6l8rOY9ZGXo-y8a5vPkZXNOGSlgof5Z34knQUAKHQApNY00/s640/KGE+Internship.jpg</g:image_link><g:condition>new</g:condition><g:availability>in stock</g:availability><g:price>1.95 INR</g:price><g:brand>KGE Technologies Pvt Ltd</g:brand></item>
<item><g:id>C89S132399</g:id><g:title>pay to a bank account using credit card in Kargil</g:title><g:description>pay to a bank account using credit card in Kargil at just 1.95%</g:description><g:link>https://www.card2cash.in/credit-card-to-cash-in-Kargil</g:link> <g:image_link>https://blogger.googleusercontent.com/img/b/R29vZ2xl/AVvXsEh-1ljZdt58B4r_adFJPwZy3pQG6B97-nMC6IayRq3e7f7eo10PE7Dg_HTtShnzS5P42zS8O6rYFGyXOWYTnGd0H_0XleRL6l8rOY9ZGXo-y8a5vPkZXNOGSlgof5Z34knQUAKHQApNY00/s640/KGE+Internship.jpg</g:image_link><g:condition>new</g:condition><g:availability>in stock</g:availability><g:price>1.95 INR</g:price><g:brand>KGE Technologies Pvt Ltd</g:brand></item>
<item><g:id>C90S132399</g:id><g:title>pay to bank account from credit card in Kargil</g:title><g:description>pay to bank account from credit card in Kargil at just 1.95%</g:description><g:link>https://www.card2cash.in/credit-card-to-cash-in-Kargil</g:link> <g:image_link>https://blogger.googleusercontent.com/img/b/R29vZ2xl/AVvXsEh-1ljZdt58B4r_adFJPwZy3pQG6B97-nMC6IayRq3e7f7eo10PE7Dg_HTtShnzS5P42zS8O6rYFGyXOWYTnGd0H_0XleRL6l8rOY9ZGXo-y8a5vPkZXNOGSlgof5Z34knQUAKHQApNY00/s640/KGE+Internship.jpg</g:image_link><g:condition>new</g:condition><g:availability>in stock</g:availability><g:price>1.95 INR</g:price><g:brand>KGE Technologies Pvt Ltd</g:brand></item>
<item><g:id>C91S132399</g:id><g:title>send money from credit card to bank account in Kargil</g:title><g:description>send money from credit card to bank account in Kargil at just 1.95%</g:description><g:link>https://www.card2cash.in/credit-card-to-cash-in-Kargil</g:link> <g:image_link>https://blogger.googleusercontent.com/img/b/R29vZ2xl/AVvXsEh-1ljZdt58B4r_adFJPwZy3pQG6B97-nMC6IayRq3e7f7eo10PE7Dg_HTtShnzS5P42zS8O6rYFGyXOWYTnGd0H_0XleRL6l8rOY9ZGXo-y8a5vPkZXNOGSlgof5Z34knQUAKHQApNY00/s640/KGE+Internship.jpg</g:image_link><g:condition>new</g:condition><g:availability>in stock</g:availability><g:price>1.95 INR</g:price><g:brand>KGE Technologies Pvt Ltd</g:brand></item>
<item><g:id>C92S132399</g:id><g:title>send money to bank account from credit card in Kargil</g:title><g:description>send money to bank account from credit card in Kargil at just 1.95%</g:description><g:link>https://www.card2cash.in/credit-card-to-cash-in-Kargil</g:link> <g:image_link>https://blogger.googleusercontent.com/img/b/R29vZ2xl/AVvXsEh-1ljZdt58B4r_adFJPwZy3pQG6B97-nMC6IayRq3e7f7eo10PE7Dg_HTtShnzS5P42zS8O6rYFGyXOWYTnGd0H_0XleRL6l8rOY9ZGXo-y8a5vPkZXNOGSlgof5Z34knQUAKHQApNY00/s640/KGE+Internship.jpg</g:image_link><g:condition>new</g:condition><g:availability>in stock</g:availability><g:price>1.95 INR</g:price><g:brand>KGE Technologies Pvt Ltd</g:brand></item>
<item><g:id>C93S132399</g:id><g:title>Spot Cash on Card in Kargil</g:title><g:description>Spot Cash on Card in Kargil at just 1.95%</g:description><g:link>https://www.card2cash.in/credit-card-to-cash-in-Kargil</g:link> <g:image_link>https://blogger.googleusercontent.com/img/b/R29vZ2xl/AVvXsEh-1ljZdt58B4r_adFJPwZy3pQG6B97-nMC6IayRq3e7f7eo10PE7Dg_HTtShnzS5P42zS8O6rYFGyXOWYTnGd0H_0XleRL6l8rOY9ZGXo-y8a5vPkZXNOGSlgof5Z34knQUAKHQApNY00/s640/KGE+Internship.jpg</g:image_link><g:condition>new</g:condition><g:availability>in stock</g:availability><g:price>1.95 INR</g:price><g:brand>KGE Technologies Pvt Ltd</g:brand></item>
<item><g:id>C94S132399</g:id><g:title>spot cash on credit card in Kargil</g:title><g:description>spot cash on credit card in Kargil at just 1.95%</g:description><g:link>https://www.card2cash.in/credit-card-to-cash-in-Kargil</g:link> <g:image_link>https://blogger.googleusercontent.com/img/b/R29vZ2xl/AVvXsEh-1ljZdt58B4r_adFJPwZy3pQG6B97-nMC6IayRq3e7f7eo10PE7Dg_HTtShnzS5P42zS8O6rYFGyXOWYTnGd0H_0XleRL6l8rOY9ZGXo-y8a5vPkZXNOGSlgof5Z34knQUAKHQApNY00/s640/KGE+Internship.jpg</g:image_link><g:condition>new</g:condition><g:availability>in stock</g:availability><g:price>1.95 INR</g:price><g:brand>KGE Technologies Pvt Ltd</g:brand></item>
<item><g:id>C95S132399</g:id><g:title>transfer money from credit card to bank in Kargil</g:title><g:description>transfer money from credit card to bank in Kargil at just 1.95%</g:description><g:link>https://www.card2cash.in/credit-card-to-cash-in-Kargil</g:link> <g:image_link>https://blogger.googleusercontent.com/img/b/R29vZ2xl/AVvXsEh-1ljZdt58B4r_adFJPwZy3pQG6B97-nMC6IayRq3e7f7eo10PE7Dg_HTtShnzS5P42zS8O6rYFGyXOWYTnGd0H_0XleRL6l8rOY9ZGXo-y8a5vPkZXNOGSlgof5Z34knQUAKHQApNY00/s640/KGE+Internship.jpg</g:image_link><g:condition>new</g:condition><g:availability>in stock</g:availability><g:price>1.95 INR</g:price><g:brand>KGE Technologies Pvt Ltd</g:brand></item>
<item><g:id>C96S132399</g:id><g:title>transfer money from credit card to bank account in Kargil</g:title><g:description>transfer money from credit card to bank account in Kargil at just 1.95%</g:description><g:link>https://www.card2cash.in/credit-card-to-cash-in-Kargil</g:link> <g:image_link>https://blogger.googleusercontent.com/img/b/R29vZ2xl/AVvXsEh-1ljZdt58B4r_adFJPwZy3pQG6B97-nMC6IayRq3e7f7eo10PE7Dg_HTtShnzS5P42zS8O6rYFGyXOWYTnGd0H_0XleRL6l8rOY9ZGXo-y8a5vPkZXNOGSlgof5Z34knQUAKHQApNY00/s640/KGE+Internship.jpg</g:image_link><g:condition>new</g:condition><g:availability>in stock</g:availability><g:price>1.95 INR</g:price><g:brand>KGE Technologies Pvt Ltd</g:brand></item>
<item><g:id>C97S132399</g:id><g:title>transferring money from credit card to bank account online in Kargil</g:title><g:description>transferring money from credit card to bank account online in Kargil at just 1.95%</g:description><g:link>https://www.card2cash.in/credit-card-to-cash-in-Kargil</g:link> <g:image_link>https://blogger.googleusercontent.com/img/b/R29vZ2xl/AVvXsEh-1ljZdt58B4r_adFJPwZy3pQG6B97-nMC6IayRq3e7f7eo10PE7Dg_HTtShnzS5P42zS8O6rYFGyXOWYTnGd0H_0XleRL6l8rOY9ZGXo-y8a5vPkZXNOGSlgof5Z34knQUAKHQApNY00/s640/KGE+Internship.jpg</g:image_link><g:condition>new</g:condition><g:availability>in stock</g:availability><g:price>1.95 INR</g:price><g:brand>KGE Technologies Pvt Ltd</g:brand></item>
<item><g:id>C98S132399</g:id><g:title>use credit card as bank account in Kargil</g:title><g:description>use credit card as bank account in Kargil at just 1.95%</g:description><g:link>https://www.card2cash.in/credit-card-to-cash-in-Kargil</g:link> <g:image_link>https://blogger.googleusercontent.com/img/b/R29vZ2xl/AVvXsEh-1ljZdt58B4r_adFJPwZy3pQG6B97-nMC6IayRq3e7f7eo10PE7Dg_HTtShnzS5P42zS8O6rYFGyXOWYTnGd0H_0XleRL6l8rOY9ZGXo-y8a5vPkZXNOGSlgof5Z34knQUAKHQApNY00/s640/KGE+Internship.jpg</g:image_link><g:condition>new</g:condition><g:availability>in stock</g:availability><g:price>1.95 INR</g:price><g:brand>KGE Technologies Pvt Ltd</g:brand></item>
</channel>
</rss>