<?xml version="1.0"?>
<rss xmlns:g="http://base.google.com/ns/1.0" version="2.0">
<channel>
<title>Example - Google Store</title>
<link>https://store.google.com</link>
<description>This is an example of a basic RSS 2.0 document containing a single item</description>
<item><g:id>C0G132432</g:id><g:title>card to cash in Kavaratti</g:title><g:description>card to cash in Kavaratti at just 1.95%</g:description><g:link>https://www.card2cash.in/credit-card-to-cash-in-card-to-cash-Kavaratti</g:link> <g:image_link>https://blogger.googleusercontent.com/img/b/R29vZ2xl/AVvXsEh-1ljZdt58B4r_adFJPwZy3pQG6B97-nMC6IayRq3e7f7eo10PE7Dg_HTtShnzS5P42zS8O6rYFGyXOWYTnGd0H_0XleRL6l8rOY9ZGXo-y8a5vPkZXNOGSlgof5Z34knQUAKHQApNY00/s640/KGE+Internship.jpg</g:image_link><g:condition>new</g:condition><g:availability>in stock</g:availability><g:price>1.95 INR</g:price><g:brand>KGE Technologies Pvt Ltd</g:brand></item>
<item><g:id>C1G132432</g:id><g:title>cash from credit card to bank account in Kavaratti</g:title><g:description>cash from credit card to bank account in Kavaratti at just 1.95%</g:description><g:link>https://www.card2cash.in/credit-card-to-cash-in-cash-from-credit-card-to-bank-account-Kavaratti</g:link> <g:image_link>https://blogger.googleusercontent.com/img/b/R29vZ2xl/AVvXsEh-1ljZdt58B4r_adFJPwZy3pQG6B97-nMC6IayRq3e7f7eo10PE7Dg_HTtShnzS5P42zS8O6rYFGyXOWYTnGd0H_0XleRL6l8rOY9ZGXo-y8a5vPkZXNOGSlgof5Z34knQUAKHQApNY00/s640/KGE+Internship.jpg</g:image_link><g:condition>new</g:condition><g:availability>in stock</g:availability><g:price>1.95 INR</g:price><g:brand>KGE Technologies Pvt Ltd</g:brand></item>
<item><g:id>C2G132432</g:id><g:title>cash on credit card in Kavaratti</g:title><g:description>cash on credit card in Kavaratti at just 1.95%</g:description><g:link>https://www.card2cash.in/credit-card-to-cash-in-cash-on-credit-card-Kavaratti</g:link> <g:image_link>https://blogger.googleusercontent.com/img/b/R29vZ2xl/AVvXsEh-1ljZdt58B4r_adFJPwZy3pQG6B97-nMC6IayRq3e7f7eo10PE7Dg_HTtShnzS5P42zS8O6rYFGyXOWYTnGd0H_0XleRL6l8rOY9ZGXo-y8a5vPkZXNOGSlgof5Z34knQUAKHQApNY00/s640/KGE+Internship.jpg</g:image_link><g:condition>new</g:condition><g:availability>in stock</g:availability><g:price>1.95 INR</g:price><g:brand>KGE Technologies Pvt Ltd</g:brand></item>
<item><g:id>C3G132432</g:id><g:title>credit card amount to bank account in Kavaratti</g:title><g:description>credit card amount to bank account in Kavaratti at just 1.95%</g:description><g:link>https://www.card2cash.in/credit-card-to-cash-in-credit-card-amount-to-bank-account-Kavaratti</g:link> <g:image_link>https://blogger.googleusercontent.com/img/b/R29vZ2xl/AVvXsEh-1ljZdt58B4r_adFJPwZy3pQG6B97-nMC6IayRq3e7f7eo10PE7Dg_HTtShnzS5P42zS8O6rYFGyXOWYTnGd0H_0XleRL6l8rOY9ZGXo-y8a5vPkZXNOGSlgof5Z34knQUAKHQApNY00/s640/KGE+Internship.jpg</g:image_link><g:condition>new</g:condition><g:availability>in stock</g:availability><g:price>1.95 INR</g:price><g:brand>KGE Technologies Pvt Ltd</g:brand></item>
<item><g:id>C4G132432</g:id><g:title>credit card bank account in Kavaratti</g:title><g:description>credit card bank account in Kavaratti at just 1.95%</g:description><g:link>https://www.card2cash.in/credit-card-to-cash-in-credit-card-bank-account-Kavaratti</g:link> <g:image_link>https://blogger.googleusercontent.com/img/b/R29vZ2xl/AVvXsEh-1ljZdt58B4r_adFJPwZy3pQG6B97-nMC6IayRq3e7f7eo10PE7Dg_HTtShnzS5P42zS8O6rYFGyXOWYTnGd0H_0XleRL6l8rOY9ZGXo-y8a5vPkZXNOGSlgof5Z34knQUAKHQApNY00/s640/KGE+Internship.jpg</g:image_link><g:condition>new</g:condition><g:availability>in stock</g:availability><g:price>1.95 INR</g:price><g:brand>KGE Technologies Pvt Ltd</g:brand></item>
<item><g:id>C5G132432</g:id><g:title>credit card into bank account in Kavaratti</g:title><g:description>credit card into bank account in Kavaratti at just 1.95%</g:description><g:link>https://www.card2cash.in/credit-card-to-cash-in-credit-card-into-bank-account-Kavaratti</g:link> <g:image_link>https://blogger.googleusercontent.com/img/b/R29vZ2xl/AVvXsEh-1ljZdt58B4r_adFJPwZy3pQG6B97-nMC6IayRq3e7f7eo10PE7Dg_HTtShnzS5P42zS8O6rYFGyXOWYTnGd0H_0XleRL6l8rOY9ZGXo-y8a5vPkZXNOGSlgof5Z34knQUAKHQApNY00/s640/KGE+Internship.jpg</g:image_link><g:condition>new</g:condition><g:availability>in stock</g:availability><g:price>1.95 INR</g:price><g:brand>KGE Technologies Pvt Ltd</g:brand></item>
<item><g:id>C6G132432</g:id><g:title>credit card to account in Kavaratti</g:title><g:description>credit card to account in Kavaratti at just 1.95%</g:description><g:link>https://www.card2cash.in/credit-card-to-cash-in-credit-card-to-account-Kavaratti</g:link> <g:image_link>https://blogger.googleusercontent.com/img/b/R29vZ2xl/AVvXsEh-1ljZdt58B4r_adFJPwZy3pQG6B97-nMC6IayRq3e7f7eo10PE7Dg_HTtShnzS5P42zS8O6rYFGyXOWYTnGd0H_0XleRL6l8rOY9ZGXo-y8a5vPkZXNOGSlgof5Z34knQUAKHQApNY00/s640/KGE+Internship.jpg</g:image_link><g:condition>new</g:condition><g:availability>in stock</g:availability><g:price>1.95 INR</g:price><g:brand>KGE Technologies Pvt Ltd</g:brand></item>
<item><g:id>C7G132432</g:id><g:title>credit card to bank account in Kavaratti</g:title><g:description>credit card to bank account in Kavaratti at just 1.95%</g:description><g:link>https://www.card2cash.in/credit-card-to-cash-in-credit-card-to-bank-account-Kavaratti</g:link> <g:image_link>https://blogger.googleusercontent.com/img/b/R29vZ2xl/AVvXsEh-1ljZdt58B4r_adFJPwZy3pQG6B97-nMC6IayRq3e7f7eo10PE7Dg_HTtShnzS5P42zS8O6rYFGyXOWYTnGd0H_0XleRL6l8rOY9ZGXo-y8a5vPkZXNOGSlgof5Z34knQUAKHQApNY00/s640/KGE+Internship.jpg</g:image_link><g:condition>new</g:condition><g:availability>in stock</g:availability><g:price>1.95 INR</g:price><g:brand>KGE Technologies Pvt Ltd</g:brand></item>
<item><g:id>C8G132432</g:id><g:title>credit card to bank account transfer in Kavaratti</g:title><g:description>credit card to bank account transfer in Kavaratti at just 1.95%</g:description><g:link>https://www.card2cash.in/credit-card-to-cash-in-credit-card-to-bank-account-transfer-Kavaratti</g:link> <g:image_link>https://blogger.googleusercontent.com/img/b/R29vZ2xl/AVvXsEh-1ljZdt58B4r_adFJPwZy3pQG6B97-nMC6IayRq3e7f7eo10PE7Dg_HTtShnzS5P42zS8O6rYFGyXOWYTnGd0H_0XleRL6l8rOY9ZGXo-y8a5vPkZXNOGSlgof5Z34knQUAKHQApNY00/s640/KGE+Internship.jpg</g:image_link><g:condition>new</g:condition><g:availability>in stock</g:availability><g:price>1.95 INR</g:price><g:brand>KGE Technologies Pvt Ltd</g:brand></item>
<item><g:id>C9G132432</g:id><g:title>credit card to bank account transfer app in Kavaratti</g:title><g:description>credit card to bank account transfer app in Kavaratti at just 1.95%</g:description><g:link>https://www.card2cash.in/credit-card-to-cash-in-credit-card-to-bank-account-transfer-app-Kavaratti</g:link> <g:image_link>https://blogger.googleusercontent.com/img/b/R29vZ2xl/AVvXsEh-1ljZdt58B4r_adFJPwZy3pQG6B97-nMC6IayRq3e7f7eo10PE7Dg_HTtShnzS5P42zS8O6rYFGyXOWYTnGd0H_0XleRL6l8rOY9ZGXo-y8a5vPkZXNOGSlgof5Z34knQUAKHQApNY00/s640/KGE+Internship.jpg</g:image_link><g:condition>new</g:condition><g:availability>in stock</g:availability><g:price>1.95 INR</g:price><g:brand>KGE Technologies Pvt Ltd</g:brand></item>
<item><g:id>C10G132432</g:id><g:title>credit card to bank transfer in Kavaratti</g:title><g:description>credit card to bank transfer in Kavaratti at just 1.95%</g:description><g:link>https://www.card2cash.in/credit-card-to-cash-in-credit-card-to-bank-transfer-Kavaratti</g:link> <g:image_link>https://blogger.googleusercontent.com/img/b/R29vZ2xl/AVvXsEh-1ljZdt58B4r_adFJPwZy3pQG6B97-nMC6IayRq3e7f7eo10PE7Dg_HTtShnzS5P42zS8O6rYFGyXOWYTnGd0H_0XleRL6l8rOY9ZGXo-y8a5vPkZXNOGSlgof5Z34knQUAKHQApNY00/s640/KGE+Internship.jpg</g:image_link><g:condition>new</g:condition><g:availability>in stock</g:availability><g:price>1.95 INR</g:price><g:brand>KGE Technologies Pvt Ltd</g:brand></item>
<item><g:id>C11G132432</g:id><g:title>credit card to bank transfer app in Kavaratti</g:title><g:description>credit card to bank transfer app in Kavaratti at just 1.95%</g:description><g:link>https://www.card2cash.in/credit-card-to-cash-in-credit-card-to-bank-transfer-app-Kavaratti</g:link> <g:image_link>https://blogger.googleusercontent.com/img/b/R29vZ2xl/AVvXsEh-1ljZdt58B4r_adFJPwZy3pQG6B97-nMC6IayRq3e7f7eo10PE7Dg_HTtShnzS5P42zS8O6rYFGyXOWYTnGd0H_0XleRL6l8rOY9ZGXo-y8a5vPkZXNOGSlgof5Z34knQUAKHQApNY00/s640/KGE+Internship.jpg</g:image_link><g:condition>new</g:condition><g:availability>in stock</g:availability><g:price>1.95 INR</g:price><g:brand>KGE Technologies Pvt Ltd</g:brand></item>
<item><g:id>C12G132432</g:id><g:title>credit card to cash in Kavaratti</g:title><g:description>credit card to cash in Kavaratti at just 1.95%</g:description><g:link>https://www.card2cash.in/credit-card-to-cash-in-credit-card-to-cash-Kavaratti</g:link> <g:image_link>https://blogger.googleusercontent.com/img/b/R29vZ2xl/AVvXsEh-1ljZdt58B4r_adFJPwZy3pQG6B97-nMC6IayRq3e7f7eo10PE7Dg_HTtShnzS5P42zS8O6rYFGyXOWYTnGd0H_0XleRL6l8rOY9ZGXo-y8a5vPkZXNOGSlgof5Z34knQUAKHQApNY00/s640/KGE+Internship.jpg</g:image_link><g:condition>new</g:condition><g:availability>in stock</g:availability><g:price>1.95 INR</g:price><g:brand>KGE Technologies Pvt Ltd</g:brand></item>
<item><g:id>C13G132432</g:id><g:title>from credit card to bank account in Kavaratti</g:title><g:description>from credit card to bank account in Kavaratti at just 1.95%</g:description><g:link>https://www.card2cash.in/credit-card-to-cash-in-from-credit-card-to-bank-account-Kavaratti</g:link> <g:image_link>https://blogger.googleusercontent.com/img/b/R29vZ2xl/AVvXsEh-1ljZdt58B4r_adFJPwZy3pQG6B97-nMC6IayRq3e7f7eo10PE7Dg_HTtShnzS5P42zS8O6rYFGyXOWYTnGd0H_0XleRL6l8rOY9ZGXo-y8a5vPkZXNOGSlgof5Z34knQUAKHQApNY00/s640/KGE+Internship.jpg</g:image_link><g:condition>new</g:condition><g:availability>in stock</g:availability><g:price>1.95 INR</g:price><g:brand>KGE Technologies Pvt Ltd</g:brand></item>
<item><g:id>C14G132432</g:id><g:title>get cash from credit card in Kavaratti</g:title><g:description>get cash from credit card in Kavaratti at just 1.95%</g:description><g:link>https://www.card2cash.in/credit-card-to-cash-in-get-cash-from-credit-card-Kavaratti</g:link> <g:image_link>https://blogger.googleusercontent.com/img/b/R29vZ2xl/AVvXsEh-1ljZdt58B4r_adFJPwZy3pQG6B97-nMC6IayRq3e7f7eo10PE7Dg_HTtShnzS5P42zS8O6rYFGyXOWYTnGd0H_0XleRL6l8rOY9ZGXo-y8a5vPkZXNOGSlgof5Z34knQUAKHQApNY00/s640/KGE+Internship.jpg</g:image_link><g:condition>new</g:condition><g:availability>in stock</g:availability><g:price>1.95 INR</g:price><g:brand>KGE Technologies Pvt Ltd</g:brand></item>
<item><g:id>C15G132432</g:id><g:title>getting money from credit card to bank account in Kavaratti</g:title><g:description>getting money from credit card to bank account in Kavaratti at just 1.95%</g:description><g:link>https://www.card2cash.in/credit-card-to-cash-in-getting-money-from-credit-card-to-bank-account-Kavaratti</g:link> <g:image_link>https://blogger.googleusercontent.com/img/b/R29vZ2xl/AVvXsEh-1ljZdt58B4r_adFJPwZy3pQG6B97-nMC6IayRq3e7f7eo10PE7Dg_HTtShnzS5P42zS8O6rYFGyXOWYTnGd0H_0XleRL6l8rOY9ZGXo-y8a5vPkZXNOGSlgof5Z34knQUAKHQApNY00/s640/KGE+Internship.jpg</g:image_link><g:condition>new</g:condition><g:availability>in stock</g:availability><g:price>1.95 INR</g:price><g:brand>KGE Technologies Pvt Ltd</g:brand></item>
<item><g:id>C16G132432</g:id><g:title>i money credit card in Kavaratti</g:title><g:description>i money credit card in Kavaratti at just 1.95%</g:description><g:link>https://www.card2cash.in/credit-card-to-cash-in-i-money-credit-card-Kavaratti</g:link> <g:image_link>https://blogger.googleusercontent.com/img/b/R29vZ2xl/AVvXsEh-1ljZdt58B4r_adFJPwZy3pQG6B97-nMC6IayRq3e7f7eo10PE7Dg_HTtShnzS5P42zS8O6rYFGyXOWYTnGd0H_0XleRL6l8rOY9ZGXo-y8a5vPkZXNOGSlgof5Z34knQUAKHQApNY00/s640/KGE+Internship.jpg</g:image_link><g:condition>new</g:condition><g:availability>in stock</g:availability><g:price>1.95 INR</g:price><g:brand>KGE Technologies Pvt Ltd</g:brand></item>
<item><g:id>C17G132432</g:id><g:title>instant cash on credit card in Kavaratti</g:title><g:description>instant cash on credit card in Kavaratti at just 1.95%</g:description><g:link>https://www.card2cash.in/credit-card-to-cash-in-instant-cash-on-credit-card-Kavaratti</g:link> <g:image_link>https://blogger.googleusercontent.com/img/b/R29vZ2xl/AVvXsEh-1ljZdt58B4r_adFJPwZy3pQG6B97-nMC6IayRq3e7f7eo10PE7Dg_HTtShnzS5P42zS8O6rYFGyXOWYTnGd0H_0XleRL6l8rOY9ZGXo-y8a5vPkZXNOGSlgof5Z34knQUAKHQApNY00/s640/KGE+Internship.jpg</g:image_link><g:condition>new</g:condition><g:availability>in stock</g:availability><g:price>1.95 INR</g:price><g:brand>KGE Technologies Pvt Ltd</g:brand></item>
<item><g:id>C18G132432</g:id><g:title>money from credit card to bank account in Kavaratti</g:title><g:description>money from credit card to bank account in Kavaratti at just 1.95%</g:description><g:link>https://www.card2cash.in/credit-card-to-cash-in-money-from-credit-card-to-bank-account-Kavaratti</g:link> <g:image_link>https://blogger.googleusercontent.com/img/b/R29vZ2xl/AVvXsEh-1ljZdt58B4r_adFJPwZy3pQG6B97-nMC6IayRq3e7f7eo10PE7Dg_HTtShnzS5P42zS8O6rYFGyXOWYTnGd0H_0XleRL6l8rOY9ZGXo-y8a5vPkZXNOGSlgof5Z34knQUAKHQApNY00/s640/KGE+Internship.jpg</g:image_link><g:condition>new</g:condition><g:availability>in stock</g:availability><g:price>1.95 INR</g:price><g:brand>KGE Technologies Pvt Ltd</g:brand></item>
<item><g:id>C19G132432</g:id><g:title>pay bank account using credit card in Kavaratti</g:title><g:description>pay bank account using credit card in Kavaratti at just 1.95%</g:description><g:link>https://www.card2cash.in/credit-card-to-cash-in-pay-bank-account-using-credit-card-Kavaratti</g:link> <g:image_link>https://blogger.googleusercontent.com/img/b/R29vZ2xl/AVvXsEh-1ljZdt58B4r_adFJPwZy3pQG6B97-nMC6IayRq3e7f7eo10PE7Dg_HTtShnzS5P42zS8O6rYFGyXOWYTnGd0H_0XleRL6l8rOY9ZGXo-y8a5vPkZXNOGSlgof5Z34knQUAKHQApNY00/s640/KGE+Internship.jpg</g:image_link><g:condition>new</g:condition><g:availability>in stock</g:availability><g:price>1.95 INR</g:price><g:brand>KGE Technologies Pvt Ltd</g:brand></item>
<item><g:id>C20G132432</g:id><g:title>pay credit card without bank account in Kavaratti</g:title><g:description>pay credit card without bank account in Kavaratti at just 1.95%</g:description><g:link>https://www.card2cash.in/credit-card-to-cash-in-pay-credit-card-without-bank-account-Kavaratti</g:link> <g:image_link>https://blogger.googleusercontent.com/img/b/R29vZ2xl/AVvXsEh-1ljZdt58B4r_adFJPwZy3pQG6B97-nMC6IayRq3e7f7eo10PE7Dg_HTtShnzS5P42zS8O6rYFGyXOWYTnGd0H_0XleRL6l8rOY9ZGXo-y8a5vPkZXNOGSlgof5Z34knQUAKHQApNY00/s640/KGE+Internship.jpg</g:image_link><g:condition>new</g:condition><g:availability>in stock</g:availability><g:price>1.95 INR</g:price><g:brand>KGE Technologies Pvt Ltd</g:brand></item>
<item><g:id>C21G132432</g:id><g:title>pay into bank account with credit card in Kavaratti</g:title><g:description>pay into bank account with credit card in Kavaratti at just 1.95%</g:description><g:link>https://www.card2cash.in/credit-card-to-cash-in-pay-into-bank-account-with-credit-card-Kavaratti</g:link> <g:image_link>https://blogger.googleusercontent.com/img/b/R29vZ2xl/AVvXsEh-1ljZdt58B4r_adFJPwZy3pQG6B97-nMC6IayRq3e7f7eo10PE7Dg_HTtShnzS5P42zS8O6rYFGyXOWYTnGd0H_0XleRL6l8rOY9ZGXo-y8a5vPkZXNOGSlgof5Z34knQUAKHQApNY00/s640/KGE+Internship.jpg</g:image_link><g:condition>new</g:condition><g:availability>in stock</g:availability><g:price>1.95 INR</g:price><g:brand>KGE Technologies Pvt Ltd</g:brand></item>
<item><g:id>C22G132432</g:id><g:title>pay money from credit card to bank account in Kavaratti</g:title><g:description>pay money from credit card to bank account in Kavaratti at just 1.95%</g:description><g:link>https://www.card2cash.in/credit-card-to-cash-in-pay-money-from-credit-card-to-bank-account-Kavaratti</g:link> <g:image_link>https://blogger.googleusercontent.com/img/b/R29vZ2xl/AVvXsEh-1ljZdt58B4r_adFJPwZy3pQG6B97-nMC6IayRq3e7f7eo10PE7Dg_HTtShnzS5P42zS8O6rYFGyXOWYTnGd0H_0XleRL6l8rOY9ZGXo-y8a5vPkZXNOGSlgof5Z34knQUAKHQApNY00/s640/KGE+Internship.jpg</g:image_link><g:condition>new</g:condition><g:availability>in stock</g:availability><g:price>1.95 INR</g:price><g:brand>KGE Technologies Pvt Ltd</g:brand></item>
<item><g:id>C23G132432</g:id><g:title>pay to a bank account using credit card in Kavaratti</g:title><g:description>pay to a bank account using credit card in Kavaratti at just 1.95%</g:description><g:link>https://www.card2cash.in/credit-card-to-cash-in-pay-to-a-bank-account-using-credit-card-Kavaratti</g:link> <g:image_link>https://blogger.googleusercontent.com/img/b/R29vZ2xl/AVvXsEh-1ljZdt58B4r_adFJPwZy3pQG6B97-nMC6IayRq3e7f7eo10PE7Dg_HTtShnzS5P42zS8O6rYFGyXOWYTnGd0H_0XleRL6l8rOY9ZGXo-y8a5vPkZXNOGSlgof5Z34knQUAKHQApNY00/s640/KGE+Internship.jpg</g:image_link><g:condition>new</g:condition><g:availability>in stock</g:availability><g:price>1.95 INR</g:price><g:brand>KGE Technologies Pvt Ltd</g:brand></item>
<item><g:id>C24G132432</g:id><g:title>pay to bank account from credit card in Kavaratti</g:title><g:description>pay to bank account from credit card in Kavaratti at just 1.95%</g:description><g:link>https://www.card2cash.in/credit-card-to-cash-in-pay-to-bank-account-from-credit-card-Kavaratti</g:link> <g:image_link>https://blogger.googleusercontent.com/img/b/R29vZ2xl/AVvXsEh-1ljZdt58B4r_adFJPwZy3pQG6B97-nMC6IayRq3e7f7eo10PE7Dg_HTtShnzS5P42zS8O6rYFGyXOWYTnGd0H_0XleRL6l8rOY9ZGXo-y8a5vPkZXNOGSlgof5Z34knQUAKHQApNY00/s640/KGE+Internship.jpg</g:image_link><g:condition>new</g:condition><g:availability>in stock</g:availability><g:price>1.95 INR</g:price><g:brand>KGE Technologies Pvt Ltd</g:brand></item>
<item><g:id>C25G132432</g:id><g:title>send money from credit card to bank account in Kavaratti</g:title><g:description>send money from credit card to bank account in Kavaratti at just 1.95%</g:description><g:link>https://www.card2cash.in/credit-card-to-cash-in-send-money-from-credit-card-to-bank-account-Kavaratti</g:link> <g:image_link>https://blogger.googleusercontent.com/img/b/R29vZ2xl/AVvXsEh-1ljZdt58B4r_adFJPwZy3pQG6B97-nMC6IayRq3e7f7eo10PE7Dg_HTtShnzS5P42zS8O6rYFGyXOWYTnGd0H_0XleRL6l8rOY9ZGXo-y8a5vPkZXNOGSlgof5Z34knQUAKHQApNY00/s640/KGE+Internship.jpg</g:image_link><g:condition>new</g:condition><g:availability>in stock</g:availability><g:price>1.95 INR</g:price><g:brand>KGE Technologies Pvt Ltd</g:brand></item>
<item><g:id>C26G132432</g:id><g:title>send money to bank account from credit card in Kavaratti</g:title><g:description>send money to bank account from credit card in Kavaratti at just 1.95%</g:description><g:link>https://www.card2cash.in/credit-card-to-cash-in-send-money-to-bank-account-from-credit-card-Kavaratti</g:link> <g:image_link>https://blogger.googleusercontent.com/img/b/R29vZ2xl/AVvXsEh-1ljZdt58B4r_adFJPwZy3pQG6B97-nMC6IayRq3e7f7eo10PE7Dg_HTtShnzS5P42zS8O6rYFGyXOWYTnGd0H_0XleRL6l8rOY9ZGXo-y8a5vPkZXNOGSlgof5Z34knQUAKHQApNY00/s640/KGE+Internship.jpg</g:image_link><g:condition>new</g:condition><g:availability>in stock</g:availability><g:price>1.95 INR</g:price><g:brand>KGE Technologies Pvt Ltd</g:brand></item>
<item><g:id>C27G132432</g:id><g:title>Spot Cash on Card in Kavaratti</g:title><g:description>Spot Cash on Card in Kavaratti at just 1.95%</g:description><g:link>https://www.card2cash.in/credit-card-to-cash-in-Spot-Cash-on-Card-Kavaratti</g:link> <g:image_link>https://blogger.googleusercontent.com/img/b/R29vZ2xl/AVvXsEh-1ljZdt58B4r_adFJPwZy3pQG6B97-nMC6IayRq3e7f7eo10PE7Dg_HTtShnzS5P42zS8O6rYFGyXOWYTnGd0H_0XleRL6l8rOY9ZGXo-y8a5vPkZXNOGSlgof5Z34knQUAKHQApNY00/s640/KGE+Internship.jpg</g:image_link><g:condition>new</g:condition><g:availability>in stock</g:availability><g:price>1.95 INR</g:price><g:brand>KGE Technologies Pvt Ltd</g:brand></item>
<item><g:id>C28G132432</g:id><g:title>spot cash on credit card in Kavaratti</g:title><g:description>spot cash on credit card in Kavaratti at just 1.95%</g:description><g:link>https://www.card2cash.in/credit-card-to-cash-in-spot-cash-on-credit-card-Kavaratti</g:link> <g:image_link>https://blogger.googleusercontent.com/img/b/R29vZ2xl/AVvXsEh-1ljZdt58B4r_adFJPwZy3pQG6B97-nMC6IayRq3e7f7eo10PE7Dg_HTtShnzS5P42zS8O6rYFGyXOWYTnGd0H_0XleRL6l8rOY9ZGXo-y8a5vPkZXNOGSlgof5Z34knQUAKHQApNY00/s640/KGE+Internship.jpg</g:image_link><g:condition>new</g:condition><g:availability>in stock</g:availability><g:price>1.95 INR</g:price><g:brand>KGE Technologies Pvt Ltd</g:brand></item>
<item><g:id>C29G132432</g:id><g:title>transfer money from credit card to bank in Kavaratti</g:title><g:description>transfer money from credit card to bank in Kavaratti at just 1.95%</g:description><g:link>https://www.card2cash.in/credit-card-to-cash-in-transfer-money-from-credit-card-to-bank-Kavaratti</g:link> <g:image_link>https://blogger.googleusercontent.com/img/b/R29vZ2xl/AVvXsEh-1ljZdt58B4r_adFJPwZy3pQG6B97-nMC6IayRq3e7f7eo10PE7Dg_HTtShnzS5P42zS8O6rYFGyXOWYTnGd0H_0XleRL6l8rOY9ZGXo-y8a5vPkZXNOGSlgof5Z34knQUAKHQApNY00/s640/KGE+Internship.jpg</g:image_link><g:condition>new</g:condition><g:availability>in stock</g:availability><g:price>1.95 INR</g:price><g:brand>KGE Technologies Pvt Ltd</g:brand></item>
<item><g:id>C30G132432</g:id><g:title>transfer money from credit card to bank account in Kavaratti</g:title><g:description>transfer money from credit card to bank account in Kavaratti at just 1.95%</g:description><g:link>https://www.card2cash.in/credit-card-to-cash-in-transfer-money-from-credit-card-to-bank-account-Kavaratti</g:link> <g:image_link>https://blogger.googleusercontent.com/img/b/R29vZ2xl/AVvXsEh-1ljZdt58B4r_adFJPwZy3pQG6B97-nMC6IayRq3e7f7eo10PE7Dg_HTtShnzS5P42zS8O6rYFGyXOWYTnGd0H_0XleRL6l8rOY9ZGXo-y8a5vPkZXNOGSlgof5Z34knQUAKHQApNY00/s640/KGE+Internship.jpg</g:image_link><g:condition>new</g:condition><g:availability>in stock</g:availability><g:price>1.95 INR</g:price><g:brand>KGE Technologies Pvt Ltd</g:brand></item>
<item><g:id>C31G132432</g:id><g:title>transferring money from credit card to bank account online in Kavaratti</g:title><g:description>transferring money from credit card to bank account online in Kavaratti at just 1.95%</g:description><g:link>https://www.card2cash.in/credit-card-to-cash-in-transferring-money-from-credit-card-to-bank-account-online-Kavaratti</g:link> <g:image_link>https://blogger.googleusercontent.com/img/b/R29vZ2xl/AVvXsEh-1ljZdt58B4r_adFJPwZy3pQG6B97-nMC6IayRq3e7f7eo10PE7Dg_HTtShnzS5P42zS8O6rYFGyXOWYTnGd0H_0XleRL6l8rOY9ZGXo-y8a5vPkZXNOGSlgof5Z34knQUAKHQApNY00/s640/KGE+Internship.jpg</g:image_link><g:condition>new</g:condition><g:availability>in stock</g:availability><g:price>1.95 INR</g:price><g:brand>KGE Technologies Pvt Ltd</g:brand></item>
<item><g:id>C32G132432</g:id><g:title>use credit card as bank account in Kavaratti</g:title><g:description>use credit card as bank account in Kavaratti at just 1.95%</g:description><g:link>https://www.card2cash.in/credit-card-to-cash-in-use-credit-card-as-bank-account-Kavaratti</g:link> <g:image_link>https://blogger.googleusercontent.com/img/b/R29vZ2xl/AVvXsEh-1ljZdt58B4r_adFJPwZy3pQG6B97-nMC6IayRq3e7f7eo10PE7Dg_HTtShnzS5P42zS8O6rYFGyXOWYTnGd0H_0XleRL6l8rOY9ZGXo-y8a5vPkZXNOGSlgof5Z34knQUAKHQApNY00/s640/KGE+Internship.jpg</g:image_link><g:condition>new</g:condition><g:availability>in stock</g:availability><g:price>1.95 INR</g:price><g:brand>KGE Technologies Pvt Ltd</g:brand></item>
<item><g:id>C33G132750</g:id><g:title>card to cash in Lakshadweep</g:title><g:description>card to cash in Lakshadweep at just 1.95%</g:description><g:link>https://www.card2cash.in/credit-card-to-cash-in-card-to-cash-Lakshadweep</g:link> <g:image_link>https://blogger.googleusercontent.com/img/b/R29vZ2xl/AVvXsEh-1ljZdt58B4r_adFJPwZy3pQG6B97-nMC6IayRq3e7f7eo10PE7Dg_HTtShnzS5P42zS8O6rYFGyXOWYTnGd0H_0XleRL6l8rOY9ZGXo-y8a5vPkZXNOGSlgof5Z34knQUAKHQApNY00/s640/KGE+Internship.jpg</g:image_link><g:condition>new</g:condition><g:availability>in stock</g:availability><g:price>1.95 INR</g:price><g:brand>KGE Technologies Pvt Ltd</g:brand></item>
<item><g:id>C34G132750</g:id><g:title>cash from credit card to bank account in Lakshadweep</g:title><g:description>cash from credit card to bank account in Lakshadweep at just 1.95%</g:description><g:link>https://www.card2cash.in/credit-card-to-cash-in-cash-from-credit-card-to-bank-account-Lakshadweep</g:link> <g:image_link>https://blogger.googleusercontent.com/img/b/R29vZ2xl/AVvXsEh-1ljZdt58B4r_adFJPwZy3pQG6B97-nMC6IayRq3e7f7eo10PE7Dg_HTtShnzS5P42zS8O6rYFGyXOWYTnGd0H_0XleRL6l8rOY9ZGXo-y8a5vPkZXNOGSlgof5Z34knQUAKHQApNY00/s640/KGE+Internship.jpg</g:image_link><g:condition>new</g:condition><g:availability>in stock</g:availability><g:price>1.95 INR</g:price><g:brand>KGE Technologies Pvt Ltd</g:brand></item>
<item><g:id>C35G132750</g:id><g:title>cash on credit card in Lakshadweep</g:title><g:description>cash on credit card in Lakshadweep at just 1.95%</g:description><g:link>https://www.card2cash.in/credit-card-to-cash-in-cash-on-credit-card-Lakshadweep</g:link> <g:image_link>https://blogger.googleusercontent.com/img/b/R29vZ2xl/AVvXsEh-1ljZdt58B4r_adFJPwZy3pQG6B97-nMC6IayRq3e7f7eo10PE7Dg_HTtShnzS5P42zS8O6rYFGyXOWYTnGd0H_0XleRL6l8rOY9ZGXo-y8a5vPkZXNOGSlgof5Z34knQUAKHQApNY00/s640/KGE+Internship.jpg</g:image_link><g:condition>new</g:condition><g:availability>in stock</g:availability><g:price>1.95 INR</g:price><g:brand>KGE Technologies Pvt Ltd</g:brand></item>
<item><g:id>C36G132750</g:id><g:title>credit card amount to bank account in Lakshadweep</g:title><g:description>credit card amount to bank account in Lakshadweep at just 1.95%</g:description><g:link>https://www.card2cash.in/credit-card-to-cash-in-credit-card-amount-to-bank-account-Lakshadweep</g:link> <g:image_link>https://blogger.googleusercontent.com/img/b/R29vZ2xl/AVvXsEh-1ljZdt58B4r_adFJPwZy3pQG6B97-nMC6IayRq3e7f7eo10PE7Dg_HTtShnzS5P42zS8O6rYFGyXOWYTnGd0H_0XleRL6l8rOY9ZGXo-y8a5vPkZXNOGSlgof5Z34knQUAKHQApNY00/s640/KGE+Internship.jpg</g:image_link><g:condition>new</g:condition><g:availability>in stock</g:availability><g:price>1.95 INR</g:price><g:brand>KGE Technologies Pvt Ltd</g:brand></item>
<item><g:id>C37G132750</g:id><g:title>credit card bank account in Lakshadweep</g:title><g:description>credit card bank account in Lakshadweep at just 1.95%</g:description><g:link>https://www.card2cash.in/credit-card-to-cash-in-credit-card-bank-account-Lakshadweep</g:link> <g:image_link>https://blogger.googleusercontent.com/img/b/R29vZ2xl/AVvXsEh-1ljZdt58B4r_adFJPwZy3pQG6B97-nMC6IayRq3e7f7eo10PE7Dg_HTtShnzS5P42zS8O6rYFGyXOWYTnGd0H_0XleRL6l8rOY9ZGXo-y8a5vPkZXNOGSlgof5Z34knQUAKHQApNY00/s640/KGE+Internship.jpg</g:image_link><g:condition>new</g:condition><g:availability>in stock</g:availability><g:price>1.95 INR</g:price><g:brand>KGE Technologies Pvt Ltd</g:brand></item>
<item><g:id>C38G132750</g:id><g:title>credit card into bank account in Lakshadweep</g:title><g:description>credit card into bank account in Lakshadweep at just 1.95%</g:description><g:link>https://www.card2cash.in/credit-card-to-cash-in-credit-card-into-bank-account-Lakshadweep</g:link> <g:image_link>https://blogger.googleusercontent.com/img/b/R29vZ2xl/AVvXsEh-1ljZdt58B4r_adFJPwZy3pQG6B97-nMC6IayRq3e7f7eo10PE7Dg_HTtShnzS5P42zS8O6rYFGyXOWYTnGd0H_0XleRL6l8rOY9ZGXo-y8a5vPkZXNOGSlgof5Z34knQUAKHQApNY00/s640/KGE+Internship.jpg</g:image_link><g:condition>new</g:condition><g:availability>in stock</g:availability><g:price>1.95 INR</g:price><g:brand>KGE Technologies Pvt Ltd</g:brand></item>
<item><g:id>C39G132750</g:id><g:title>credit card to account in Lakshadweep</g:title><g:description>credit card to account in Lakshadweep at just 1.95%</g:description><g:link>https://www.card2cash.in/credit-card-to-cash-in-credit-card-to-account-Lakshadweep</g:link> <g:image_link>https://blogger.googleusercontent.com/img/b/R29vZ2xl/AVvXsEh-1ljZdt58B4r_adFJPwZy3pQG6B97-nMC6IayRq3e7f7eo10PE7Dg_HTtShnzS5P42zS8O6rYFGyXOWYTnGd0H_0XleRL6l8rOY9ZGXo-y8a5vPkZXNOGSlgof5Z34knQUAKHQApNY00/s640/KGE+Internship.jpg</g:image_link><g:condition>new</g:condition><g:availability>in stock</g:availability><g:price>1.95 INR</g:price><g:brand>KGE Technologies Pvt Ltd</g:brand></item>
<item><g:id>C40G132750</g:id><g:title>credit card to bank account in Lakshadweep</g:title><g:description>credit card to bank account in Lakshadweep at just 1.95%</g:description><g:link>https://www.card2cash.in/credit-card-to-cash-in-credit-card-to-bank-account-Lakshadweep</g:link> <g:image_link>https://blogger.googleusercontent.com/img/b/R29vZ2xl/AVvXsEh-1ljZdt58B4r_adFJPwZy3pQG6B97-nMC6IayRq3e7f7eo10PE7Dg_HTtShnzS5P42zS8O6rYFGyXOWYTnGd0H_0XleRL6l8rOY9ZGXo-y8a5vPkZXNOGSlgof5Z34knQUAKHQApNY00/s640/KGE+Internship.jpg</g:image_link><g:condition>new</g:condition><g:availability>in stock</g:availability><g:price>1.95 INR</g:price><g:brand>KGE Technologies Pvt Ltd</g:brand></item>
<item><g:id>C41G132750</g:id><g:title>credit card to bank account transfer in Lakshadweep</g:title><g:description>credit card to bank account transfer in Lakshadweep at just 1.95%</g:description><g:link>https://www.card2cash.in/credit-card-to-cash-in-credit-card-to-bank-account-transfer-Lakshadweep</g:link> <g:image_link>https://blogger.googleusercontent.com/img/b/R29vZ2xl/AVvXsEh-1ljZdt58B4r_adFJPwZy3pQG6B97-nMC6IayRq3e7f7eo10PE7Dg_HTtShnzS5P42zS8O6rYFGyXOWYTnGd0H_0XleRL6l8rOY9ZGXo-y8a5vPkZXNOGSlgof5Z34knQUAKHQApNY00/s640/KGE+Internship.jpg</g:image_link><g:condition>new</g:condition><g:availability>in stock</g:availability><g:price>1.95 INR</g:price><g:brand>KGE Technologies Pvt Ltd</g:brand></item>
<item><g:id>C42G132750</g:id><g:title>credit card to bank account transfer app in Lakshadweep</g:title><g:description>credit card to bank account transfer app in Lakshadweep at just 1.95%</g:description><g:link>https://www.card2cash.in/credit-card-to-cash-in-credit-card-to-bank-account-transfer-app-Lakshadweep</g:link> <g:image_link>https://blogger.googleusercontent.com/img/b/R29vZ2xl/AVvXsEh-1ljZdt58B4r_adFJPwZy3pQG6B97-nMC6IayRq3e7f7eo10PE7Dg_HTtShnzS5P42zS8O6rYFGyXOWYTnGd0H_0XleRL6l8rOY9ZGXo-y8a5vPkZXNOGSlgof5Z34knQUAKHQApNY00/s640/KGE+Internship.jpg</g:image_link><g:condition>new</g:condition><g:availability>in stock</g:availability><g:price>1.95 INR</g:price><g:brand>KGE Technologies Pvt Ltd</g:brand></item>
<item><g:id>C43G132750</g:id><g:title>credit card to bank transfer in Lakshadweep</g:title><g:description>credit card to bank transfer in Lakshadweep at just 1.95%</g:description><g:link>https://www.card2cash.in/credit-card-to-cash-in-credit-card-to-bank-transfer-Lakshadweep</g:link> <g:image_link>https://blogger.googleusercontent.com/img/b/R29vZ2xl/AVvXsEh-1ljZdt58B4r_adFJPwZy3pQG6B97-nMC6IayRq3e7f7eo10PE7Dg_HTtShnzS5P42zS8O6rYFGyXOWYTnGd0H_0XleRL6l8rOY9ZGXo-y8a5vPkZXNOGSlgof5Z34knQUAKHQApNY00/s640/KGE+Internship.jpg</g:image_link><g:condition>new</g:condition><g:availability>in stock</g:availability><g:price>1.95 INR</g:price><g:brand>KGE Technologies Pvt Ltd</g:brand></item>
<item><g:id>C44G132750</g:id><g:title>credit card to bank transfer app in Lakshadweep</g:title><g:description>credit card to bank transfer app in Lakshadweep at just 1.95%</g:description><g:link>https://www.card2cash.in/credit-card-to-cash-in-credit-card-to-bank-transfer-app-Lakshadweep</g:link> <g:image_link>https://blogger.googleusercontent.com/img/b/R29vZ2xl/AVvXsEh-1ljZdt58B4r_adFJPwZy3pQG6B97-nMC6IayRq3e7f7eo10PE7Dg_HTtShnzS5P42zS8O6rYFGyXOWYTnGd0H_0XleRL6l8rOY9ZGXo-y8a5vPkZXNOGSlgof5Z34knQUAKHQApNY00/s640/KGE+Internship.jpg</g:image_link><g:condition>new</g:condition><g:availability>in stock</g:availability><g:price>1.95 INR</g:price><g:brand>KGE Technologies Pvt Ltd</g:brand></item>
<item><g:id>C45G132750</g:id><g:title>credit card to cash in Lakshadweep</g:title><g:description>credit card to cash in Lakshadweep at just 1.95%</g:description><g:link>https://www.card2cash.in/credit-card-to-cash-in-credit-card-to-cash-Lakshadweep</g:link> <g:image_link>https://blogger.googleusercontent.com/img/b/R29vZ2xl/AVvXsEh-1ljZdt58B4r_adFJPwZy3pQG6B97-nMC6IayRq3e7f7eo10PE7Dg_HTtShnzS5P42zS8O6rYFGyXOWYTnGd0H_0XleRL6l8rOY9ZGXo-y8a5vPkZXNOGSlgof5Z34knQUAKHQApNY00/s640/KGE+Internship.jpg</g:image_link><g:condition>new</g:condition><g:availability>in stock</g:availability><g:price>1.95 INR</g:price><g:brand>KGE Technologies Pvt Ltd</g:brand></item>
<item><g:id>C46G132750</g:id><g:title>from credit card to bank account in Lakshadweep</g:title><g:description>from credit card to bank account in Lakshadweep at just 1.95%</g:description><g:link>https://www.card2cash.in/credit-card-to-cash-in-from-credit-card-to-bank-account-Lakshadweep</g:link> <g:image_link>https://blogger.googleusercontent.com/img/b/R29vZ2xl/AVvXsEh-1ljZdt58B4r_adFJPwZy3pQG6B97-nMC6IayRq3e7f7eo10PE7Dg_HTtShnzS5P42zS8O6rYFGyXOWYTnGd0H_0XleRL6l8rOY9ZGXo-y8a5vPkZXNOGSlgof5Z34knQUAKHQApNY00/s640/KGE+Internship.jpg</g:image_link><g:condition>new</g:condition><g:availability>in stock</g:availability><g:price>1.95 INR</g:price><g:brand>KGE Technologies Pvt Ltd</g:brand></item>
<item><g:id>C47G132750</g:id><g:title>get cash from credit card in Lakshadweep</g:title><g:description>get cash from credit card in Lakshadweep at just 1.95%</g:description><g:link>https://www.card2cash.in/credit-card-to-cash-in-get-cash-from-credit-card-Lakshadweep</g:link> <g:image_link>https://blogger.googleusercontent.com/img/b/R29vZ2xl/AVvXsEh-1ljZdt58B4r_adFJPwZy3pQG6B97-nMC6IayRq3e7f7eo10PE7Dg_HTtShnzS5P42zS8O6rYFGyXOWYTnGd0H_0XleRL6l8rOY9ZGXo-y8a5vPkZXNOGSlgof5Z34knQUAKHQApNY00/s640/KGE+Internship.jpg</g:image_link><g:condition>new</g:condition><g:availability>in stock</g:availability><g:price>1.95 INR</g:price><g:brand>KGE Technologies Pvt Ltd</g:brand></item>
<item><g:id>C48G132750</g:id><g:title>getting money from credit card to bank account in Lakshadweep</g:title><g:description>getting money from credit card to bank account in Lakshadweep at just 1.95%</g:description><g:link>https://www.card2cash.in/credit-card-to-cash-in-getting-money-from-credit-card-to-bank-account-Lakshadweep</g:link> <g:image_link>https://blogger.googleusercontent.com/img/b/R29vZ2xl/AVvXsEh-1ljZdt58B4r_adFJPwZy3pQG6B97-nMC6IayRq3e7f7eo10PE7Dg_HTtShnzS5P42zS8O6rYFGyXOWYTnGd0H_0XleRL6l8rOY9ZGXo-y8a5vPkZXNOGSlgof5Z34knQUAKHQApNY00/s640/KGE+Internship.jpg</g:image_link><g:condition>new</g:condition><g:availability>in stock</g:availability><g:price>1.95 INR</g:price><g:brand>KGE Technologies Pvt Ltd</g:brand></item>
<item><g:id>C49G132750</g:id><g:title>i money credit card in Lakshadweep</g:title><g:description>i money credit card in Lakshadweep at just 1.95%</g:description><g:link>https://www.card2cash.in/credit-card-to-cash-in-i-money-credit-card-Lakshadweep</g:link> <g:image_link>https://blogger.googleusercontent.com/img/b/R29vZ2xl/AVvXsEh-1ljZdt58B4r_adFJPwZy3pQG6B97-nMC6IayRq3e7f7eo10PE7Dg_HTtShnzS5P42zS8O6rYFGyXOWYTnGd0H_0XleRL6l8rOY9ZGXo-y8a5vPkZXNOGSlgof5Z34knQUAKHQApNY00/s640/KGE+Internship.jpg</g:image_link><g:condition>new</g:condition><g:availability>in stock</g:availability><g:price>1.95 INR</g:price><g:brand>KGE Technologies Pvt Ltd</g:brand></item>
<item><g:id>C50G132750</g:id><g:title>instant cash on credit card in Lakshadweep</g:title><g:description>instant cash on credit card in Lakshadweep at just 1.95%</g:description><g:link>https://www.card2cash.in/credit-card-to-cash-in-instant-cash-on-credit-card-Lakshadweep</g:link> <g:image_link>https://blogger.googleusercontent.com/img/b/R29vZ2xl/AVvXsEh-1ljZdt58B4r_adFJPwZy3pQG6B97-nMC6IayRq3e7f7eo10PE7Dg_HTtShnzS5P42zS8O6rYFGyXOWYTnGd0H_0XleRL6l8rOY9ZGXo-y8a5vPkZXNOGSlgof5Z34knQUAKHQApNY00/s640/KGE+Internship.jpg</g:image_link><g:condition>new</g:condition><g:availability>in stock</g:availability><g:price>1.95 INR</g:price><g:brand>KGE Technologies Pvt Ltd</g:brand></item>
<item><g:id>C51G132750</g:id><g:title>money from credit card to bank account in Lakshadweep</g:title><g:description>money from credit card to bank account in Lakshadweep at just 1.95%</g:description><g:link>https://www.card2cash.in/credit-card-to-cash-in-money-from-credit-card-to-bank-account-Lakshadweep</g:link> <g:image_link>https://blogger.googleusercontent.com/img/b/R29vZ2xl/AVvXsEh-1ljZdt58B4r_adFJPwZy3pQG6B97-nMC6IayRq3e7f7eo10PE7Dg_HTtShnzS5P42zS8O6rYFGyXOWYTnGd0H_0XleRL6l8rOY9ZGXo-y8a5vPkZXNOGSlgof5Z34knQUAKHQApNY00/s640/KGE+Internship.jpg</g:image_link><g:condition>new</g:condition><g:availability>in stock</g:availability><g:price>1.95 INR</g:price><g:brand>KGE Technologies Pvt Ltd</g:brand></item>
<item><g:id>C52G132750</g:id><g:title>pay bank account using credit card in Lakshadweep</g:title><g:description>pay bank account using credit card in Lakshadweep at just 1.95%</g:description><g:link>https://www.card2cash.in/credit-card-to-cash-in-pay-bank-account-using-credit-card-Lakshadweep</g:link> <g:image_link>https://blogger.googleusercontent.com/img/b/R29vZ2xl/AVvXsEh-1ljZdt58B4r_adFJPwZy3pQG6B97-nMC6IayRq3e7f7eo10PE7Dg_HTtShnzS5P42zS8O6rYFGyXOWYTnGd0H_0XleRL6l8rOY9ZGXo-y8a5vPkZXNOGSlgof5Z34knQUAKHQApNY00/s640/KGE+Internship.jpg</g:image_link><g:condition>new</g:condition><g:availability>in stock</g:availability><g:price>1.95 INR</g:price><g:brand>KGE Technologies Pvt Ltd</g:brand></item>
<item><g:id>C53G132750</g:id><g:title>pay credit card without bank account in Lakshadweep</g:title><g:description>pay credit card without bank account in Lakshadweep at just 1.95%</g:description><g:link>https://www.card2cash.in/credit-card-to-cash-in-pay-credit-card-without-bank-account-Lakshadweep</g:link> <g:image_link>https://blogger.googleusercontent.com/img/b/R29vZ2xl/AVvXsEh-1ljZdt58B4r_adFJPwZy3pQG6B97-nMC6IayRq3e7f7eo10PE7Dg_HTtShnzS5P42zS8O6rYFGyXOWYTnGd0H_0XleRL6l8rOY9ZGXo-y8a5vPkZXNOGSlgof5Z34knQUAKHQApNY00/s640/KGE+Internship.jpg</g:image_link><g:condition>new</g:condition><g:availability>in stock</g:availability><g:price>1.95 INR</g:price><g:brand>KGE Technologies Pvt Ltd</g:brand></item>
<item><g:id>C54G132750</g:id><g:title>pay into bank account with credit card in Lakshadweep</g:title><g:description>pay into bank account with credit card in Lakshadweep at just 1.95%</g:description><g:link>https://www.card2cash.in/credit-card-to-cash-in-pay-into-bank-account-with-credit-card-Lakshadweep</g:link> <g:image_link>https://blogger.googleusercontent.com/img/b/R29vZ2xl/AVvXsEh-1ljZdt58B4r_adFJPwZy3pQG6B97-nMC6IayRq3e7f7eo10PE7Dg_HTtShnzS5P42zS8O6rYFGyXOWYTnGd0H_0XleRL6l8rOY9ZGXo-y8a5vPkZXNOGSlgof5Z34knQUAKHQApNY00/s640/KGE+Internship.jpg</g:image_link><g:condition>new</g:condition><g:availability>in stock</g:availability><g:price>1.95 INR</g:price><g:brand>KGE Technologies Pvt Ltd</g:brand></item>
<item><g:id>C55G132750</g:id><g:title>pay money from credit card to bank account in Lakshadweep</g:title><g:description>pay money from credit card to bank account in Lakshadweep at just 1.95%</g:description><g:link>https://www.card2cash.in/credit-card-to-cash-in-pay-money-from-credit-card-to-bank-account-Lakshadweep</g:link> <g:image_link>https://blogger.googleusercontent.com/img/b/R29vZ2xl/AVvXsEh-1ljZdt58B4r_adFJPwZy3pQG6B97-nMC6IayRq3e7f7eo10PE7Dg_HTtShnzS5P42zS8O6rYFGyXOWYTnGd0H_0XleRL6l8rOY9ZGXo-y8a5vPkZXNOGSlgof5Z34knQUAKHQApNY00/s640/KGE+Internship.jpg</g:image_link><g:condition>new</g:condition><g:availability>in stock</g:availability><g:price>1.95 INR</g:price><g:brand>KGE Technologies Pvt Ltd</g:brand></item>
<item><g:id>C56G132750</g:id><g:title>pay to a bank account using credit card in Lakshadweep</g:title><g:description>pay to a bank account using credit card in Lakshadweep at just 1.95%</g:description><g:link>https://www.card2cash.in/credit-card-to-cash-in-pay-to-a-bank-account-using-credit-card-Lakshadweep</g:link> <g:image_link>https://blogger.googleusercontent.com/img/b/R29vZ2xl/AVvXsEh-1ljZdt58B4r_adFJPwZy3pQG6B97-nMC6IayRq3e7f7eo10PE7Dg_HTtShnzS5P42zS8O6rYFGyXOWYTnGd0H_0XleRL6l8rOY9ZGXo-y8a5vPkZXNOGSlgof5Z34knQUAKHQApNY00/s640/KGE+Internship.jpg</g:image_link><g:condition>new</g:condition><g:availability>in stock</g:availability><g:price>1.95 INR</g:price><g:brand>KGE Technologies Pvt Ltd</g:brand></item>
<item><g:id>C57G132750</g:id><g:title>pay to bank account from credit card in Lakshadweep</g:title><g:description>pay to bank account from credit card in Lakshadweep at just 1.95%</g:description><g:link>https://www.card2cash.in/credit-card-to-cash-in-pay-to-bank-account-from-credit-card-Lakshadweep</g:link> <g:image_link>https://blogger.googleusercontent.com/img/b/R29vZ2xl/AVvXsEh-1ljZdt58B4r_adFJPwZy3pQG6B97-nMC6IayRq3e7f7eo10PE7Dg_HTtShnzS5P42zS8O6rYFGyXOWYTnGd0H_0XleRL6l8rOY9ZGXo-y8a5vPkZXNOGSlgof5Z34knQUAKHQApNY00/s640/KGE+Internship.jpg</g:image_link><g:condition>new</g:condition><g:availability>in stock</g:availability><g:price>1.95 INR</g:price><g:brand>KGE Technologies Pvt Ltd</g:brand></item>
<item><g:id>C58G132750</g:id><g:title>send money from credit card to bank account in Lakshadweep</g:title><g:description>send money from credit card to bank account in Lakshadweep at just 1.95%</g:description><g:link>https://www.card2cash.in/credit-card-to-cash-in-send-money-from-credit-card-to-bank-account-Lakshadweep</g:link> <g:image_link>https://blogger.googleusercontent.com/img/b/R29vZ2xl/AVvXsEh-1ljZdt58B4r_adFJPwZy3pQG6B97-nMC6IayRq3e7f7eo10PE7Dg_HTtShnzS5P42zS8O6rYFGyXOWYTnGd0H_0XleRL6l8rOY9ZGXo-y8a5vPkZXNOGSlgof5Z34knQUAKHQApNY00/s640/KGE+Internship.jpg</g:image_link><g:condition>new</g:condition><g:availability>in stock</g:availability><g:price>1.95 INR</g:price><g:brand>KGE Technologies Pvt Ltd</g:brand></item>
<item><g:id>C59G132750</g:id><g:title>send money to bank account from credit card in Lakshadweep</g:title><g:description>send money to bank account from credit card in Lakshadweep at just 1.95%</g:description><g:link>https://www.card2cash.in/credit-card-to-cash-in-send-money-to-bank-account-from-credit-card-Lakshadweep</g:link> <g:image_link>https://blogger.googleusercontent.com/img/b/R29vZ2xl/AVvXsEh-1ljZdt58B4r_adFJPwZy3pQG6B97-nMC6IayRq3e7f7eo10PE7Dg_HTtShnzS5P42zS8O6rYFGyXOWYTnGd0H_0XleRL6l8rOY9ZGXo-y8a5vPkZXNOGSlgof5Z34knQUAKHQApNY00/s640/KGE+Internship.jpg</g:image_link><g:condition>new</g:condition><g:availability>in stock</g:availability><g:price>1.95 INR</g:price><g:brand>KGE Technologies Pvt Ltd</g:brand></item>
<item><g:id>C60G132750</g:id><g:title>Spot Cash on Card in Lakshadweep</g:title><g:description>Spot Cash on Card in Lakshadweep at just 1.95%</g:description><g:link>https://www.card2cash.in/credit-card-to-cash-in-Spot-Cash-on-Card-Lakshadweep</g:link> <g:image_link>https://blogger.googleusercontent.com/img/b/R29vZ2xl/AVvXsEh-1ljZdt58B4r_adFJPwZy3pQG6B97-nMC6IayRq3e7f7eo10PE7Dg_HTtShnzS5P42zS8O6rYFGyXOWYTnGd0H_0XleRL6l8rOY9ZGXo-y8a5vPkZXNOGSlgof5Z34knQUAKHQApNY00/s640/KGE+Internship.jpg</g:image_link><g:condition>new</g:condition><g:availability>in stock</g:availability><g:price>1.95 INR</g:price><g:brand>KGE Technologies Pvt Ltd</g:brand></item>
<item><g:id>C61G132750</g:id><g:title>spot cash on credit card in Lakshadweep</g:title><g:description>spot cash on credit card in Lakshadweep at just 1.95%</g:description><g:link>https://www.card2cash.in/credit-card-to-cash-in-spot-cash-on-credit-card-Lakshadweep</g:link> <g:image_link>https://blogger.googleusercontent.com/img/b/R29vZ2xl/AVvXsEh-1ljZdt58B4r_adFJPwZy3pQG6B97-nMC6IayRq3e7f7eo10PE7Dg_HTtShnzS5P42zS8O6rYFGyXOWYTnGd0H_0XleRL6l8rOY9ZGXo-y8a5vPkZXNOGSlgof5Z34knQUAKHQApNY00/s640/KGE+Internship.jpg</g:image_link><g:condition>new</g:condition><g:availability>in stock</g:availability><g:price>1.95 INR</g:price><g:brand>KGE Technologies Pvt Ltd</g:brand></item>
<item><g:id>C62G132750</g:id><g:title>transfer money from credit card to bank in Lakshadweep</g:title><g:description>transfer money from credit card to bank in Lakshadweep at just 1.95%</g:description><g:link>https://www.card2cash.in/credit-card-to-cash-in-transfer-money-from-credit-card-to-bank-Lakshadweep</g:link> <g:image_link>https://blogger.googleusercontent.com/img/b/R29vZ2xl/AVvXsEh-1ljZdt58B4r_adFJPwZy3pQG6B97-nMC6IayRq3e7f7eo10PE7Dg_HTtShnzS5P42zS8O6rYFGyXOWYTnGd0H_0XleRL6l8rOY9ZGXo-y8a5vPkZXNOGSlgof5Z34knQUAKHQApNY00/s640/KGE+Internship.jpg</g:image_link><g:condition>new</g:condition><g:availability>in stock</g:availability><g:price>1.95 INR</g:price><g:brand>KGE Technologies Pvt Ltd</g:brand></item>
<item><g:id>C63G132750</g:id><g:title>transfer money from credit card to bank account in Lakshadweep</g:title><g:description>transfer money from credit card to bank account in Lakshadweep at just 1.95%</g:description><g:link>https://www.card2cash.in/credit-card-to-cash-in-transfer-money-from-credit-card-to-bank-account-Lakshadweep</g:link> <g:image_link>https://blogger.googleusercontent.com/img/b/R29vZ2xl/AVvXsEh-1ljZdt58B4r_adFJPwZy3pQG6B97-nMC6IayRq3e7f7eo10PE7Dg_HTtShnzS5P42zS8O6rYFGyXOWYTnGd0H_0XleRL6l8rOY9ZGXo-y8a5vPkZXNOGSlgof5Z34knQUAKHQApNY00/s640/KGE+Internship.jpg</g:image_link><g:condition>new</g:condition><g:availability>in stock</g:availability><g:price>1.95 INR</g:price><g:brand>KGE Technologies Pvt Ltd</g:brand></item>
<item><g:id>C64G132750</g:id><g:title>transferring money from credit card to bank account online in Lakshadweep</g:title><g:description>transferring money from credit card to bank account online in Lakshadweep at just 1.95%</g:description><g:link>https://www.card2cash.in/credit-card-to-cash-in-transferring-money-from-credit-card-to-bank-account-online-Lakshadweep</g:link> <g:image_link>https://blogger.googleusercontent.com/img/b/R29vZ2xl/AVvXsEh-1ljZdt58B4r_adFJPwZy3pQG6B97-nMC6IayRq3e7f7eo10PE7Dg_HTtShnzS5P42zS8O6rYFGyXOWYTnGd0H_0XleRL6l8rOY9ZGXo-y8a5vPkZXNOGSlgof5Z34knQUAKHQApNY00/s640/KGE+Internship.jpg</g:image_link><g:condition>new</g:condition><g:availability>in stock</g:availability><g:price>1.95 INR</g:price><g:brand>KGE Technologies Pvt Ltd</g:brand></item>
<item><g:id>C65G132750</g:id><g:title>use credit card as bank account in Lakshadweep</g:title><g:description>use credit card as bank account in Lakshadweep at just 1.95%</g:description><g:link>https://www.card2cash.in/credit-card-to-cash-in-use-credit-card-as-bank-account-Lakshadweep</g:link> <g:image_link>https://blogger.googleusercontent.com/img/b/R29vZ2xl/AVvXsEh-1ljZdt58B4r_adFJPwZy3pQG6B97-nMC6IayRq3e7f7eo10PE7Dg_HTtShnzS5P42zS8O6rYFGyXOWYTnGd0H_0XleRL6l8rOY9ZGXo-y8a5vPkZXNOGSlgof5Z34knQUAKHQApNY00/s640/KGE+Internship.jpg</g:image_link><g:condition>new</g:condition><g:availability>in stock</g:availability><g:price>1.95 INR</g:price><g:brand>KGE Technologies Pvt Ltd</g:brand></item>
<item><g:id>C66S132432</g:id><g:title>card to cash in Kavaratti</g:title><g:description>card to cash in Kavaratti at just 1.95%</g:description><g:link>https://www.card2cash.in/credit-card-to-cash-in-Kavaratti</g:link> <g:image_link>https://blogger.googleusercontent.com/img/b/R29vZ2xl/AVvXsEh-1ljZdt58B4r_adFJPwZy3pQG6B97-nMC6IayRq3e7f7eo10PE7Dg_HTtShnzS5P42zS8O6rYFGyXOWYTnGd0H_0XleRL6l8rOY9ZGXo-y8a5vPkZXNOGSlgof5Z34knQUAKHQApNY00/s640/KGE+Internship.jpg</g:image_link><g:condition>new</g:condition><g:availability>in stock</g:availability><g:price>1.95 INR</g:price><g:brand>KGE Technologies Pvt Ltd</g:brand></item>
<item><g:id>C67S132432</g:id><g:title>cash from credit card to bank account in Kavaratti</g:title><g:description>cash from credit card to bank account in Kavaratti at just 1.95%</g:description><g:link>https://www.card2cash.in/credit-card-to-cash-in-Kavaratti</g:link> <g:image_link>https://blogger.googleusercontent.com/img/b/R29vZ2xl/AVvXsEh-1ljZdt58B4r_adFJPwZy3pQG6B97-nMC6IayRq3e7f7eo10PE7Dg_HTtShnzS5P42zS8O6rYFGyXOWYTnGd0H_0XleRL6l8rOY9ZGXo-y8a5vPkZXNOGSlgof5Z34knQUAKHQApNY00/s640/KGE+Internship.jpg</g:image_link><g:condition>new</g:condition><g:availability>in stock</g:availability><g:price>1.95 INR</g:price><g:brand>KGE Technologies Pvt Ltd</g:brand></item>
<item><g:id>C68S132432</g:id><g:title>cash on credit card in Kavaratti</g:title><g:description>cash on credit card in Kavaratti at just 1.95%</g:description><g:link>https://www.card2cash.in/credit-card-to-cash-in-Kavaratti</g:link> <g:image_link>https://blogger.googleusercontent.com/img/b/R29vZ2xl/AVvXsEh-1ljZdt58B4r_adFJPwZy3pQG6B97-nMC6IayRq3e7f7eo10PE7Dg_HTtShnzS5P42zS8O6rYFGyXOWYTnGd0H_0XleRL6l8rOY9ZGXo-y8a5vPkZXNOGSlgof5Z34knQUAKHQApNY00/s640/KGE+Internship.jpg</g:image_link><g:condition>new</g:condition><g:availability>in stock</g:availability><g:price>1.95 INR</g:price><g:brand>KGE Technologies Pvt Ltd</g:brand></item>
<item><g:id>C69S132432</g:id><g:title>credit card amount to bank account in Kavaratti</g:title><g:description>credit card amount to bank account in Kavaratti at just 1.95%</g:description><g:link>https://www.card2cash.in/credit-card-to-cash-in-Kavaratti</g:link> <g:image_link>https://blogger.googleusercontent.com/img/b/R29vZ2xl/AVvXsEh-1ljZdt58B4r_adFJPwZy3pQG6B97-nMC6IayRq3e7f7eo10PE7Dg_HTtShnzS5P42zS8O6rYFGyXOWYTnGd0H_0XleRL6l8rOY9ZGXo-y8a5vPkZXNOGSlgof5Z34knQUAKHQApNY00/s640/KGE+Internship.jpg</g:image_link><g:condition>new</g:condition><g:availability>in stock</g:availability><g:price>1.95 INR</g:price><g:brand>KGE Technologies Pvt Ltd</g:brand></item>
<item><g:id>C70S132432</g:id><g:title>credit card bank account in Kavaratti</g:title><g:description>credit card bank account in Kavaratti at just 1.95%</g:description><g:link>https://www.card2cash.in/credit-card-to-cash-in-Kavaratti</g:link> <g:image_link>https://blogger.googleusercontent.com/img/b/R29vZ2xl/AVvXsEh-1ljZdt58B4r_adFJPwZy3pQG6B97-nMC6IayRq3e7f7eo10PE7Dg_HTtShnzS5P42zS8O6rYFGyXOWYTnGd0H_0XleRL6l8rOY9ZGXo-y8a5vPkZXNOGSlgof5Z34knQUAKHQApNY00/s640/KGE+Internship.jpg</g:image_link><g:condition>new</g:condition><g:availability>in stock</g:availability><g:price>1.95 INR</g:price><g:brand>KGE Technologies Pvt Ltd</g:brand></item>
<item><g:id>C71S132432</g:id><g:title>credit card into bank account in Kavaratti</g:title><g:description>credit card into bank account in Kavaratti at just 1.95%</g:description><g:link>https://www.card2cash.in/credit-card-to-cash-in-Kavaratti</g:link> <g:image_link>https://blogger.googleusercontent.com/img/b/R29vZ2xl/AVvXsEh-1ljZdt58B4r_adFJPwZy3pQG6B97-nMC6IayRq3e7f7eo10PE7Dg_HTtShnzS5P42zS8O6rYFGyXOWYTnGd0H_0XleRL6l8rOY9ZGXo-y8a5vPkZXNOGSlgof5Z34knQUAKHQApNY00/s640/KGE+Internship.jpg</g:image_link><g:condition>new</g:condition><g:availability>in stock</g:availability><g:price>1.95 INR</g:price><g:brand>KGE Technologies Pvt Ltd</g:brand></item>
<item><g:id>C72S132432</g:id><g:title>credit card to account in Kavaratti</g:title><g:description>credit card to account in Kavaratti at just 1.95%</g:description><g:link>https://www.card2cash.in/credit-card-to-cash-in-Kavaratti</g:link> <g:image_link>https://blogger.googleusercontent.com/img/b/R29vZ2xl/AVvXsEh-1ljZdt58B4r_adFJPwZy3pQG6B97-nMC6IayRq3e7f7eo10PE7Dg_HTtShnzS5P42zS8O6rYFGyXOWYTnGd0H_0XleRL6l8rOY9ZGXo-y8a5vPkZXNOGSlgof5Z34knQUAKHQApNY00/s640/KGE+Internship.jpg</g:image_link><g:condition>new</g:condition><g:availability>in stock</g:availability><g:price>1.95 INR</g:price><g:brand>KGE Technologies Pvt Ltd</g:brand></item>
<item><g:id>C73S132432</g:id><g:title>credit card to bank account in Kavaratti</g:title><g:description>credit card to bank account in Kavaratti at just 1.95%</g:description><g:link>https://www.card2cash.in/credit-card-to-cash-in-Kavaratti</g:link> <g:image_link>https://blogger.googleusercontent.com/img/b/R29vZ2xl/AVvXsEh-1ljZdt58B4r_adFJPwZy3pQG6B97-nMC6IayRq3e7f7eo10PE7Dg_HTtShnzS5P42zS8O6rYFGyXOWYTnGd0H_0XleRL6l8rOY9ZGXo-y8a5vPkZXNOGSlgof5Z34knQUAKHQApNY00/s640/KGE+Internship.jpg</g:image_link><g:condition>new</g:condition><g:availability>in stock</g:availability><g:price>1.95 INR</g:price><g:brand>KGE Technologies Pvt Ltd</g:brand></item>
<item><g:id>C74S132432</g:id><g:title>credit card to bank account transfer in Kavaratti</g:title><g:description>credit card to bank account transfer in Kavaratti at just 1.95%</g:description><g:link>https://www.card2cash.in/credit-card-to-cash-in-Kavaratti</g:link> <g:image_link>https://blogger.googleusercontent.com/img/b/R29vZ2xl/AVvXsEh-1ljZdt58B4r_adFJPwZy3pQG6B97-nMC6IayRq3e7f7eo10PE7Dg_HTtShnzS5P42zS8O6rYFGyXOWYTnGd0H_0XleRL6l8rOY9ZGXo-y8a5vPkZXNOGSlgof5Z34knQUAKHQApNY00/s640/KGE+Internship.jpg</g:image_link><g:condition>new</g:condition><g:availability>in stock</g:availability><g:price>1.95 INR</g:price><g:brand>KGE Technologies Pvt Ltd</g:brand></item>
<item><g:id>C75S132432</g:id><g:title>credit card to bank account transfer app in Kavaratti</g:title><g:description>credit card to bank account transfer app in Kavaratti at just 1.95%</g:description><g:link>https://www.card2cash.in/credit-card-to-cash-in-Kavaratti</g:link> <g:image_link>https://blogger.googleusercontent.com/img/b/R29vZ2xl/AVvXsEh-1ljZdt58B4r_adFJPwZy3pQG6B97-nMC6IayRq3e7f7eo10PE7Dg_HTtShnzS5P42zS8O6rYFGyXOWYTnGd0H_0XleRL6l8rOY9ZGXo-y8a5vPkZXNOGSlgof5Z34knQUAKHQApNY00/s640/KGE+Internship.jpg</g:image_link><g:condition>new</g:condition><g:availability>in stock</g:availability><g:price>1.95 INR</g:price><g:brand>KGE Technologies Pvt Ltd</g:brand></item>
<item><g:id>C76S132432</g:id><g:title>credit card to bank transfer in Kavaratti</g:title><g:description>credit card to bank transfer in Kavaratti at just 1.95%</g:description><g:link>https://www.card2cash.in/credit-card-to-cash-in-Kavaratti</g:link> <g:image_link>https://blogger.googleusercontent.com/img/b/R29vZ2xl/AVvXsEh-1ljZdt58B4r_adFJPwZy3pQG6B97-nMC6IayRq3e7f7eo10PE7Dg_HTtShnzS5P42zS8O6rYFGyXOWYTnGd0H_0XleRL6l8rOY9ZGXo-y8a5vPkZXNOGSlgof5Z34knQUAKHQApNY00/s640/KGE+Internship.jpg</g:image_link><g:condition>new</g:condition><g:availability>in stock</g:availability><g:price>1.95 INR</g:price><g:brand>KGE Technologies Pvt Ltd</g:brand></item>
<item><g:id>C77S132432</g:id><g:title>credit card to bank transfer app in Kavaratti</g:title><g:description>credit card to bank transfer app in Kavaratti at just 1.95%</g:description><g:link>https://www.card2cash.in/credit-card-to-cash-in-Kavaratti</g:link> <g:image_link>https://blogger.googleusercontent.com/img/b/R29vZ2xl/AVvXsEh-1ljZdt58B4r_adFJPwZy3pQG6B97-nMC6IayRq3e7f7eo10PE7Dg_HTtShnzS5P42zS8O6rYFGyXOWYTnGd0H_0XleRL6l8rOY9ZGXo-y8a5vPkZXNOGSlgof5Z34knQUAKHQApNY00/s640/KGE+Internship.jpg</g:image_link><g:condition>new</g:condition><g:availability>in stock</g:availability><g:price>1.95 INR</g:price><g:brand>KGE Technologies Pvt Ltd</g:brand></item>
<item><g:id>C78S132432</g:id><g:title>credit card to cash in Kavaratti</g:title><g:description>credit card to cash in Kavaratti at just 1.95%</g:description><g:link>https://www.card2cash.in/credit-card-to-cash-in-Kavaratti</g:link> <g:image_link>https://blogger.googleusercontent.com/img/b/R29vZ2xl/AVvXsEh-1ljZdt58B4r_adFJPwZy3pQG6B97-nMC6IayRq3e7f7eo10PE7Dg_HTtShnzS5P42zS8O6rYFGyXOWYTnGd0H_0XleRL6l8rOY9ZGXo-y8a5vPkZXNOGSlgof5Z34knQUAKHQApNY00/s640/KGE+Internship.jpg</g:image_link><g:condition>new</g:condition><g:availability>in stock</g:availability><g:price>1.95 INR</g:price><g:brand>KGE Technologies Pvt Ltd</g:brand></item>
<item><g:id>C79S132432</g:id><g:title>from credit card to bank account in Kavaratti</g:title><g:description>from credit card to bank account in Kavaratti at just 1.95%</g:description><g:link>https://www.card2cash.in/credit-card-to-cash-in-Kavaratti</g:link> <g:image_link>https://blogger.googleusercontent.com/img/b/R29vZ2xl/AVvXsEh-1ljZdt58B4r_adFJPwZy3pQG6B97-nMC6IayRq3e7f7eo10PE7Dg_HTtShnzS5P42zS8O6rYFGyXOWYTnGd0H_0XleRL6l8rOY9ZGXo-y8a5vPkZXNOGSlgof5Z34knQUAKHQApNY00/s640/KGE+Internship.jpg</g:image_link><g:condition>new</g:condition><g:availability>in stock</g:availability><g:price>1.95 INR</g:price><g:brand>KGE Technologies Pvt Ltd</g:brand></item>
<item><g:id>C80S132432</g:id><g:title>get cash from credit card in Kavaratti</g:title><g:description>get cash from credit card in Kavaratti at just 1.95%</g:description><g:link>https://www.card2cash.in/credit-card-to-cash-in-Kavaratti</g:link> <g:image_link>https://blogger.googleusercontent.com/img/b/R29vZ2xl/AVvXsEh-1ljZdt58B4r_adFJPwZy3pQG6B97-nMC6IayRq3e7f7eo10PE7Dg_HTtShnzS5P42zS8O6rYFGyXOWYTnGd0H_0XleRL6l8rOY9ZGXo-y8a5vPkZXNOGSlgof5Z34knQUAKHQApNY00/s640/KGE+Internship.jpg</g:image_link><g:condition>new</g:condition><g:availability>in stock</g:availability><g:price>1.95 INR</g:price><g:brand>KGE Technologies Pvt Ltd</g:brand></item>
<item><g:id>C81S132432</g:id><g:title>getting money from credit card to bank account in Kavaratti</g:title><g:description>getting money from credit card to bank account in Kavaratti at just 1.95%</g:description><g:link>https://www.card2cash.in/credit-card-to-cash-in-Kavaratti</g:link> <g:image_link>https://blogger.googleusercontent.com/img/b/R29vZ2xl/AVvXsEh-1ljZdt58B4r_adFJPwZy3pQG6B97-nMC6IayRq3e7f7eo10PE7Dg_HTtShnzS5P42zS8O6rYFGyXOWYTnGd0H_0XleRL6l8rOY9ZGXo-y8a5vPkZXNOGSlgof5Z34knQUAKHQApNY00/s640/KGE+Internship.jpg</g:image_link><g:condition>new</g:condition><g:availability>in stock</g:availability><g:price>1.95 INR</g:price><g:brand>KGE Technologies Pvt Ltd</g:brand></item>
<item><g:id>C82S132432</g:id><g:title>i money credit card in Kavaratti</g:title><g:description>i money credit card in Kavaratti at just 1.95%</g:description><g:link>https://www.card2cash.in/credit-card-to-cash-in-Kavaratti</g:link> <g:image_link>https://blogger.googleusercontent.com/img/b/R29vZ2xl/AVvXsEh-1ljZdt58B4r_adFJPwZy3pQG6B97-nMC6IayRq3e7f7eo10PE7Dg_HTtShnzS5P42zS8O6rYFGyXOWYTnGd0H_0XleRL6l8rOY9ZGXo-y8a5vPkZXNOGSlgof5Z34knQUAKHQApNY00/s640/KGE+Internship.jpg</g:image_link><g:condition>new</g:condition><g:availability>in stock</g:availability><g:price>1.95 INR</g:price><g:brand>KGE Technologies Pvt Ltd</g:brand></item>
<item><g:id>C83S132432</g:id><g:title>instant cash on credit card in Kavaratti</g:title><g:description>instant cash on credit card in Kavaratti at just 1.95%</g:description><g:link>https://www.card2cash.in/credit-card-to-cash-in-Kavaratti</g:link> <g:image_link>https://blogger.googleusercontent.com/img/b/R29vZ2xl/AVvXsEh-1ljZdt58B4r_adFJPwZy3pQG6B97-nMC6IayRq3e7f7eo10PE7Dg_HTtShnzS5P42zS8O6rYFGyXOWYTnGd0H_0XleRL6l8rOY9ZGXo-y8a5vPkZXNOGSlgof5Z34knQUAKHQApNY00/s640/KGE+Internship.jpg</g:image_link><g:condition>new</g:condition><g:availability>in stock</g:availability><g:price>1.95 INR</g:price><g:brand>KGE Technologies Pvt Ltd</g:brand></item>
<item><g:id>C84S132432</g:id><g:title>money from credit card to bank account in Kavaratti</g:title><g:description>money from credit card to bank account in Kavaratti at just 1.95%</g:description><g:link>https://www.card2cash.in/credit-card-to-cash-in-Kavaratti</g:link> <g:image_link>https://blogger.googleusercontent.com/img/b/R29vZ2xl/AVvXsEh-1ljZdt58B4r_adFJPwZy3pQG6B97-nMC6IayRq3e7f7eo10PE7Dg_HTtShnzS5P42zS8O6rYFGyXOWYTnGd0H_0XleRL6l8rOY9ZGXo-y8a5vPkZXNOGSlgof5Z34knQUAKHQApNY00/s640/KGE+Internship.jpg</g:image_link><g:condition>new</g:condition><g:availability>in stock</g:availability><g:price>1.95 INR</g:price><g:brand>KGE Technologies Pvt Ltd</g:brand></item>
<item><g:id>C85S132432</g:id><g:title>pay bank account using credit card in Kavaratti</g:title><g:description>pay bank account using credit card in Kavaratti at just 1.95%</g:description><g:link>https://www.card2cash.in/credit-card-to-cash-in-Kavaratti</g:link> <g:image_link>https://blogger.googleusercontent.com/img/b/R29vZ2xl/AVvXsEh-1ljZdt58B4r_adFJPwZy3pQG6B97-nMC6IayRq3e7f7eo10PE7Dg_HTtShnzS5P42zS8O6rYFGyXOWYTnGd0H_0XleRL6l8rOY9ZGXo-y8a5vPkZXNOGSlgof5Z34knQUAKHQApNY00/s640/KGE+Internship.jpg</g:image_link><g:condition>new</g:condition><g:availability>in stock</g:availability><g:price>1.95 INR</g:price><g:brand>KGE Technologies Pvt Ltd</g:brand></item>
<item><g:id>C86S132432</g:id><g:title>pay credit card without bank account in Kavaratti</g:title><g:description>pay credit card without bank account in Kavaratti at just 1.95%</g:description><g:link>https://www.card2cash.in/credit-card-to-cash-in-Kavaratti</g:link> <g:image_link>https://blogger.googleusercontent.com/img/b/R29vZ2xl/AVvXsEh-1ljZdt58B4r_adFJPwZy3pQG6B97-nMC6IayRq3e7f7eo10PE7Dg_HTtShnzS5P42zS8O6rYFGyXOWYTnGd0H_0XleRL6l8rOY9ZGXo-y8a5vPkZXNOGSlgof5Z34knQUAKHQApNY00/s640/KGE+Internship.jpg</g:image_link><g:condition>new</g:condition><g:availability>in stock</g:availability><g:price>1.95 INR</g:price><g:brand>KGE Technologies Pvt Ltd</g:brand></item>
<item><g:id>C87S132432</g:id><g:title>pay into bank account with credit card in Kavaratti</g:title><g:description>pay into bank account with credit card in Kavaratti at just 1.95%</g:description><g:link>https://www.card2cash.in/credit-card-to-cash-in-Kavaratti</g:link> <g:image_link>https://blogger.googleusercontent.com/img/b/R29vZ2xl/AVvXsEh-1ljZdt58B4r_adFJPwZy3pQG6B97-nMC6IayRq3e7f7eo10PE7Dg_HTtShnzS5P42zS8O6rYFGyXOWYTnGd0H_0XleRL6l8rOY9ZGXo-y8a5vPkZXNOGSlgof5Z34knQUAKHQApNY00/s640/KGE+Internship.jpg</g:image_link><g:condition>new</g:condition><g:availability>in stock</g:availability><g:price>1.95 INR</g:price><g:brand>KGE Technologies Pvt Ltd</g:brand></item>
<item><g:id>C88S132432</g:id><g:title>pay money from credit card to bank account in Kavaratti</g:title><g:description>pay money from credit card to bank account in Kavaratti at just 1.95%</g:description><g:link>https://www.card2cash.in/credit-card-to-cash-in-Kavaratti</g:link> <g:image_link>https://blogger.googleusercontent.com/img/b/R29vZ2xl/AVvXsEh-1ljZdt58B4r_adFJPwZy3pQG6B97-nMC6IayRq3e7f7eo10PE7Dg_HTtShnzS5P42zS8O6rYFGyXOWYTnGd0H_0XleRL6l8rOY9ZGXo-y8a5vPkZXNOGSlgof5Z34knQUAKHQApNY00/s640/KGE+Internship.jpg</g:image_link><g:condition>new</g:condition><g:availability>in stock</g:availability><g:price>1.95 INR</g:price><g:brand>KGE Technologies Pvt Ltd</g:brand></item>
<item><g:id>C89S132432</g:id><g:title>pay to a bank account using credit card in Kavaratti</g:title><g:description>pay to a bank account using credit card in Kavaratti at just 1.95%</g:description><g:link>https://www.card2cash.in/credit-card-to-cash-in-Kavaratti</g:link> <g:image_link>https://blogger.googleusercontent.com/img/b/R29vZ2xl/AVvXsEh-1ljZdt58B4r_adFJPwZy3pQG6B97-nMC6IayRq3e7f7eo10PE7Dg_HTtShnzS5P42zS8O6rYFGyXOWYTnGd0H_0XleRL6l8rOY9ZGXo-y8a5vPkZXNOGSlgof5Z34knQUAKHQApNY00/s640/KGE+Internship.jpg</g:image_link><g:condition>new</g:condition><g:availability>in stock</g:availability><g:price>1.95 INR</g:price><g:brand>KGE Technologies Pvt Ltd</g:brand></item>
<item><g:id>C90S132432</g:id><g:title>pay to bank account from credit card in Kavaratti</g:title><g:description>pay to bank account from credit card in Kavaratti at just 1.95%</g:description><g:link>https://www.card2cash.in/credit-card-to-cash-in-Kavaratti</g:link> <g:image_link>https://blogger.googleusercontent.com/img/b/R29vZ2xl/AVvXsEh-1ljZdt58B4r_adFJPwZy3pQG6B97-nMC6IayRq3e7f7eo10PE7Dg_HTtShnzS5P42zS8O6rYFGyXOWYTnGd0H_0XleRL6l8rOY9ZGXo-y8a5vPkZXNOGSlgof5Z34knQUAKHQApNY00/s640/KGE+Internship.jpg</g:image_link><g:condition>new</g:condition><g:availability>in stock</g:availability><g:price>1.95 INR</g:price><g:brand>KGE Technologies Pvt Ltd</g:brand></item>
<item><g:id>C91S132432</g:id><g:title>send money from credit card to bank account in Kavaratti</g:title><g:description>send money from credit card to bank account in Kavaratti at just 1.95%</g:description><g:link>https://www.card2cash.in/credit-card-to-cash-in-Kavaratti</g:link> <g:image_link>https://blogger.googleusercontent.com/img/b/R29vZ2xl/AVvXsEh-1ljZdt58B4r_adFJPwZy3pQG6B97-nMC6IayRq3e7f7eo10PE7Dg_HTtShnzS5P42zS8O6rYFGyXOWYTnGd0H_0XleRL6l8rOY9ZGXo-y8a5vPkZXNOGSlgof5Z34knQUAKHQApNY00/s640/KGE+Internship.jpg</g:image_link><g:condition>new</g:condition><g:availability>in stock</g:availability><g:price>1.95 INR</g:price><g:brand>KGE Technologies Pvt Ltd</g:brand></item>
<item><g:id>C92S132432</g:id><g:title>send money to bank account from credit card in Kavaratti</g:title><g:description>send money to bank account from credit card in Kavaratti at just 1.95%</g:description><g:link>https://www.card2cash.in/credit-card-to-cash-in-Kavaratti</g:link> <g:image_link>https://blogger.googleusercontent.com/img/b/R29vZ2xl/AVvXsEh-1ljZdt58B4r_adFJPwZy3pQG6B97-nMC6IayRq3e7f7eo10PE7Dg_HTtShnzS5P42zS8O6rYFGyXOWYTnGd0H_0XleRL6l8rOY9ZGXo-y8a5vPkZXNOGSlgof5Z34knQUAKHQApNY00/s640/KGE+Internship.jpg</g:image_link><g:condition>new</g:condition><g:availability>in stock</g:availability><g:price>1.95 INR</g:price><g:brand>KGE Technologies Pvt Ltd</g:brand></item>
<item><g:id>C93S132432</g:id><g:title>Spot Cash on Card in Kavaratti</g:title><g:description>Spot Cash on Card in Kavaratti at just 1.95%</g:description><g:link>https://www.card2cash.in/credit-card-to-cash-in-Kavaratti</g:link> <g:image_link>https://blogger.googleusercontent.com/img/b/R29vZ2xl/AVvXsEh-1ljZdt58B4r_adFJPwZy3pQG6B97-nMC6IayRq3e7f7eo10PE7Dg_HTtShnzS5P42zS8O6rYFGyXOWYTnGd0H_0XleRL6l8rOY9ZGXo-y8a5vPkZXNOGSlgof5Z34knQUAKHQApNY00/s640/KGE+Internship.jpg</g:image_link><g:condition>new</g:condition><g:availability>in stock</g:availability><g:price>1.95 INR</g:price><g:brand>KGE Technologies Pvt Ltd</g:brand></item>
<item><g:id>C94S132432</g:id><g:title>spot cash on credit card in Kavaratti</g:title><g:description>spot cash on credit card in Kavaratti at just 1.95%</g:description><g:link>https://www.card2cash.in/credit-card-to-cash-in-Kavaratti</g:link> <g:image_link>https://blogger.googleusercontent.com/img/b/R29vZ2xl/AVvXsEh-1ljZdt58B4r_adFJPwZy3pQG6B97-nMC6IayRq3e7f7eo10PE7Dg_HTtShnzS5P42zS8O6rYFGyXOWYTnGd0H_0XleRL6l8rOY9ZGXo-y8a5vPkZXNOGSlgof5Z34knQUAKHQApNY00/s640/KGE+Internship.jpg</g:image_link><g:condition>new</g:condition><g:availability>in stock</g:availability><g:price>1.95 INR</g:price><g:brand>KGE Technologies Pvt Ltd</g:brand></item>
<item><g:id>C95S132432</g:id><g:title>transfer money from credit card to bank in Kavaratti</g:title><g:description>transfer money from credit card to bank in Kavaratti at just 1.95%</g:description><g:link>https://www.card2cash.in/credit-card-to-cash-in-Kavaratti</g:link> <g:image_link>https://blogger.googleusercontent.com/img/b/R29vZ2xl/AVvXsEh-1ljZdt58B4r_adFJPwZy3pQG6B97-nMC6IayRq3e7f7eo10PE7Dg_HTtShnzS5P42zS8O6rYFGyXOWYTnGd0H_0XleRL6l8rOY9ZGXo-y8a5vPkZXNOGSlgof5Z34knQUAKHQApNY00/s640/KGE+Internship.jpg</g:image_link><g:condition>new</g:condition><g:availability>in stock</g:availability><g:price>1.95 INR</g:price><g:brand>KGE Technologies Pvt Ltd</g:brand></item>
<item><g:id>C96S132432</g:id><g:title>transfer money from credit card to bank account in Kavaratti</g:title><g:description>transfer money from credit card to bank account in Kavaratti at just 1.95%</g:description><g:link>https://www.card2cash.in/credit-card-to-cash-in-Kavaratti</g:link> <g:image_link>https://blogger.googleusercontent.com/img/b/R29vZ2xl/AVvXsEh-1ljZdt58B4r_adFJPwZy3pQG6B97-nMC6IayRq3e7f7eo10PE7Dg_HTtShnzS5P42zS8O6rYFGyXOWYTnGd0H_0XleRL6l8rOY9ZGXo-y8a5vPkZXNOGSlgof5Z34knQUAKHQApNY00/s640/KGE+Internship.jpg</g:image_link><g:condition>new</g:condition><g:availability>in stock</g:availability><g:price>1.95 INR</g:price><g:brand>KGE Technologies Pvt Ltd</g:brand></item>
<item><g:id>C97S132432</g:id><g:title>transferring money from credit card to bank account online in Kavaratti</g:title><g:description>transferring money from credit card to bank account online in Kavaratti at just 1.95%</g:description><g:link>https://www.card2cash.in/credit-card-to-cash-in-Kavaratti</g:link> <g:image_link>https://blogger.googleusercontent.com/img/b/R29vZ2xl/AVvXsEh-1ljZdt58B4r_adFJPwZy3pQG6B97-nMC6IayRq3e7f7eo10PE7Dg_HTtShnzS5P42zS8O6rYFGyXOWYTnGd0H_0XleRL6l8rOY9ZGXo-y8a5vPkZXNOGSlgof5Z34knQUAKHQApNY00/s640/KGE+Internship.jpg</g:image_link><g:condition>new</g:condition><g:availability>in stock</g:availability><g:price>1.95 INR</g:price><g:brand>KGE Technologies Pvt Ltd</g:brand></item>
<item><g:id>C98S132432</g:id><g:title>use credit card as bank account in Kavaratti</g:title><g:description>use credit card as bank account in Kavaratti at just 1.95%</g:description><g:link>https://www.card2cash.in/credit-card-to-cash-in-Kavaratti</g:link> <g:image_link>https://blogger.googleusercontent.com/img/b/R29vZ2xl/AVvXsEh-1ljZdt58B4r_adFJPwZy3pQG6B97-nMC6IayRq3e7f7eo10PE7Dg_HTtShnzS5P42zS8O6rYFGyXOWYTnGd0H_0XleRL6l8rOY9ZGXo-y8a5vPkZXNOGSlgof5Z34knQUAKHQApNY00/s640/KGE+Internship.jpg</g:image_link><g:condition>new</g:condition><g:availability>in stock</g:availability><g:price>1.95 INR</g:price><g:brand>KGE Technologies Pvt Ltd</g:brand></item>
</channel>
</rss>